:020000040000fa
:020000041fc01b
:042ff000fffffffee2
:020000040000fa
:020000041fc01b
:042ff400d979f8ff90
:020000040000fa
:020000041fc01b
:042ff800fb4d74ff1a
:020000040000fa
:020000041fc01b
:042ffc00feffff7f56
:020000040000fa
:020000041fc01b
:100000000200f00f0000000000601a40c0045a7f98
:100010000500401300000000019d1a3c2c4a5a279d
:10002000080040030000000002a01d3cf0ffbd27b7
:1000300000a01c3cf07f9c27026009402058200152
:10004000801e2a7d8449497d02608940c0000000ed
:1000500000e0dc4102608b40c0000000019d083cd4
:10006000e44a082509f800010000000000a0083c4f
:100070000800082500a0093c3c00292503000010c9
:1000800000000000000000ad040008252b08090155
:10009000fcff201400000000019d083c143a0825d4
:1000a00009f80001000000000000093c00002925bb
:1000b00010002011000000000200093c000029256a
:1000c00088bf0a3c10204a25000049ad0200093cc7
:1000d0000000292588bf0a3c20204a25000049ada0
:1000e0000200093c0000292588bf0a3c30204a252f
:1000f000000049ad00488040ffff0a2400588a40b4
:100100004000083c00600a4025500a0100608a4017
:10011000c09f093c00102925c000000001788940db
:100120000000093c0100292500000a2444492a7dd9
:1001300001608a408000093c0068894000800840d6
:100140008005097d404c0900006008405800013cd2
:10015000244001012540280100608840c0000000c3
:10016000019d083cec4a082509f800010000000048
:1001700000600840bfff013cffff21342440010123
:1001800000608840000084300000a530019d083cdc
:0c019000304108250800000100000000bc
:020000040000fa
:020000041fc01b
:10038000019d1a3ce8435a27080040030000000082
:020000040000fa
:020000041fc01b
:10118000019d1a3c502e5a27080040030000000021
:020000040000fa
:020000041fc01b
:081200000c51400b000000003e
:020000040000fa
:020000041fc01b
:081220000c51400b000000001e
:020000040000fa
:020000041fc01b
:081240000c51400b00000000fe
:020000040000fa
:020000041fc01b
:081260000c51400b00000000de
:020000040000fa
:020000041fc01b
:081280003748400b000000009c
:020000040000fa
:020000041fc01b
:0812a0000c51400b000000009e
:020000040000fa
:020000041fc01b
:0812c0000c51400b000000007e
:020000040000fa
:020000041fc01b
:0812e0000c51400b000000005e
:020000040000fa
:020000041fc01b
:081300000c51400b000000003d
:020000040000fa
:020000041fc01b
:081320000c51400b000000001d
:020000040000fa
:020000041fc01b
:081340000c51400b00000000fd
:020000040000fa
:020000041fc01b
:081360000c51400b00000000dd
:020000040000fa
:020000041fc01b
:081380000c51400b00000000bd
:020000040000fa
:020000041fc01b
:0813a0000c51400b000000009d
:020000040000fa
:020000041fc01b
:0813c0000c51400b000000007d
:020000040000fa
:020000041fc01b
:0813e0000c51400b000000005d
:020000040000fa
:020000041fc01b
:081400000c51400b000000003c
:020000040000fa
:020000041fc01b
:081420000c51400b000000001c
:020000040000fa
:020000041fc01b
:081440000c51400b00000000fc
:020000040000fa
:020000041fc01b
:081460000c51400b00000000dc
:020000040000fa
:020000041fc01b
:081480000c51400b00000000bc
:020000040000fa
:020000041fc01b
:0814a0000c51400b000000009c
:020000040000fa
:020000041fc01b
:0814c0000c51400b000000007c
:020000040000fa
:020000041fc01b
:0814e0000c51400b000000005c
:020000040000fa
:020000041fc01b
:081500000c51400b000000003b
:020000040000fa
:020000041fc01b
:081520000c51400b000000001b
:020000040000fa
:020000041fc01b
:081540000c51400b00000000fb
:020000040000fa
:020000041fc01b
:081560000c51400b00000000db
:020000040000fa
:020000041fc01b
:081580000c51400b00000000bb
:020000040000fa
:020000041fc01b
:0815a0000c51400b000000009b
:020000040000fa
:020000041fc01b
:0815c0000c51400b000000007b
:020000040000fa
:020000041fc01b
:0815e0000c51400b000000005b
:020000040000fa
:020000041fc01b
:081600000c51400b000000003a
:020000040000fa
:020000041fc01b
:081620000c51400b000000001a
:020000040000fa
:020000041fc01b
:081640000c51400b00000000fa
:020000040000fa
:020000041fc01b
:081660000c51400b00000000da
:020000040000fa
:020000041fc01b
:081680000c51400b00000000ba
:020000040000fa
:020000041fc01b
:0816a0000c51400b000000009a
:020000040000fa
:020000041fc01b
:0816c0000c51400b000000007a
:020000040000fa
:020000041fc01b
:0816e0000c51400b000000005a
:020000040000fa
:020000041fc01b
:081700000c51400b0000000039
:020000040000fa
:020000041fc01b
:081720000c51400b0000000019
:020000040000fa
:020000041fc01b
:081740000c51400b00000000f9
:020000040000fa
:020000041fc01b
:081760000c51400b00000000d9
:020000040000fa
:020000041fc01b
:081780000c51400b00000000b9
:020000040000fa
:020000041fc01b
:0817a0000c51400b0000000099
:020000040000fa
:020000041fc01b
:0817c0000c51400b0000000079
:020000040000fa
:020000041fc01b
:0817e0000c51400b0000000059
:020000040000fa
:020000041fc01b
:081800000c51400b0000000038
:020000040000fa
:020000041fc01b
:081820000c51400b0000000018
:020000040000fa
:020000041fc01b
:081840000c51400b00000000f8
:020000040000fa
:020000041fc01b
:081860000c51400b00000000d8
:020000040000fa
:020000041fc01b
:1004800000f89b40c0000000019d1b3c88457b2775
:10049000020060130000000000c09b4000f81b40f9
:0c04a000c00000001f000042000000002f
:020000040000fa
:020000041d00dd
:100000002d0000006464640064646400646464003f
:1000100064646400ffffff00ffffff00696969007f
:1000200069696900e3e3e300e3e3e300a0a0a00063
:10003000a0a0a0006464640064646400646464005c
:1000400064646400a0a0a000a0a0a000a0a0a000e4
:10005000a0a0a000f0f0f000f0f0f000f0f0f00050
:10006000f0f0f0006464640064646400646464003c
:1000700064646400ffffff00ffffff00696969001f
:1000800069696900e3e3e300e3e3e300a0a0a00003
:10009000a0a0a000646464006464640064646400fc
:1000a00064646400a0a0a000a0a0a000a0a0a00084
:1000b000a0a0a000f0f0f000f0f0f000f0f0f000f0
:1000c000f0f0f000646464006464640064646400dc
:1000d00064646400ffffff00ffffff0069696900bf
:1000e00069696900e3e3e300e3e3e300a0a0a000a3
:1000f000a0a0a000a801009d0000000016002400a0
:100100000000ff0000000000a86d009d000000003e
:1001100010001a000000ff0000000000a8a1009dd0
:10012000000000000c0010000000ff0000000000b4
:10013000a8c1009d000000000a0010000000ff00a0
:1001400000000000a8e1009d0000000008000c0075
:100150000000ff0000000000a8ed009d000000006e
:10016000080008000000ff0000000000a8f5009d46
:1001700000000000060008000000ff000000000072
:10018000a8fd009d00000000050008000000ff0021
:1001900000000000a805019d00000000040006000a
:1001a0000000ff0000000000000000000000000050
:1001b000000000000000000000000000000000003f
:1001c000000000000000000000000000000000002f
:1001d000000000000000000000000000000000001f
:1001e000000000000000000000000000000000000f
:1001f00000000000000000000000000000000000ff
:1002000000000000000000000000000000000000ee
:1002100000000000000000000000000000000000de
:1002200000000000000000000000000000000000ce
:100230003f00c0ff00f0c0033800071c000ecce1f7
:100240000ccee11cc6e1180600180600182600199d
:10025000668019cec01c8c7f0c1c3f0e380007f046
:10026000c003c0ff00003f000000000000000000cd
:10027000000000000000000000000000000000007e
:10028000000000000000000000000000000000006e
:100290000000000000000000000000003f00c0ff60
:1002a00000f0ff03f8ff07fcff0f3c1e0f3e1e1f70
:1002b0003e1e1ffeff1ffeff1fdeff1e9e7f1e9eb7
:1002c0007f1f3c1e0f7c800ff8e107f0ff03c0ff8b
:1002d00000003f00000000000000000000000000df
:1002e000000000000000000000000000000000000e
:1002f0000000f8c007fce10ffef31ffeff1fffff29
:100300003fffff3fffff3fffff3fffff3fffff3f7d
:10031000ffff3ffeff1ffeff1ffeff1ffcff0ffc46
:10032000ff0ff8ff07f8ff07f0ff03e0ff01e0ff12
:1003300001c0ff00807f00003f00001e00000c0095
:1003400000000000000000000000000000000000ad
:100350000000000000000000000000000000000499
:1003600000000c00000e00001f00803f00807f0096
:10037000c0ff00e0ff00f0ff01f8ff07fcff0ffee9
:10038000ff1fffff3ffeff1ffcff0ff8ff07f0ffff
:1003900003e0ff01e0ff00c07f00803f00003f005e
:1003a000001f00000e00000c000004000000000010
:1003b000000000000000000000000000000000003d
:1003c00000000000000000000000001e00807f0010
:1003d000807f00c0ff00c0ff00c0ff00c0ff0080a2
:1003e0007f00807f0078bf07feff1ffeff1fffff1b
:1003f0003fffff3fffff3fffff3ffef51ffeee0ffa
:1004000078ce07000e00000e00000e00000e000067
:100410001f00001f00001f0000000000000000007f
:1004200000000000000000000000000000000000cc
:10043000000000000000000400000c00000e00009e
:100440001f00803f00807f00c0ff00e0ff01f0ff41
:1004500003f8ff07fcff0ffeff1ffeff1fffff3f1c
:10046000ffff3fffff3fffff3ffef51ffeee1f7840
:100470008e07000e00000e00000e00001f00001f7f
:1004800000001f000000000000000000000000004d
:10049000000000000000000000000000000000005c
:1004a000000000000000000000000000000000004c
:1004b000000000000000000000000000000000003c
:1004c000000000000000000000000000000000002c
:1004d000000000000000000000000000000000001c
:1004e000000000000000000000000000000000000c
:1004f00000000000000000000000000000000000fc
:1005000000000000000000000000000000000000eb
:1005100000000000000000000000000000000000db
:1005200000000000000000000000000000000000cb
:1005300000000000000000000000000000000000bb
:1005400000000000000000000000000000000000ab
:10055000000000000000000000000000000000009b
:10056000000000000000000000000000000000008b
:10057000000000000000000000000000000000007b
:10058000000000000000000000000000000000006b
:10059000000000000000000000000000000000005b
:1005a000000000000000000000000000000000004b
:1005b000000000000000000000000000000000003b
:1005c000000000000000000000000000000000002b
:1005d000000000000000000000000000000000001b
:1005e000000000000000000000000000000000000b
:1005f00000000000000000000000000000000000fb
:1006000000000000000000000000000000000000ea
:1006100000000000000000000000000000000000da
:1006200000000000000000000000000000000000ca
:1006300000000000000000000000000000000000ba
:1006400000000000000000000000000000000000aa
:10065000000000000c00c00f00fc0f00f80f009815
:100660001f00801f00c01900e03900e038c07f087b
:10067000f07f00f87f003cf0001ee0010ec0010793
:1006800080030780030780030780030780030ec0f1
:10069000011ee0013cf000f87f00f03f00c00f00b9
:1006a000000000000000000000000000000000004a
:1006b0000000000000000000000000000000003ffb
:1006c00000c0ff00e0ff01f0c0037880073800079a
:1006d0001c000e1c000e1c000e1c000e1c000e3810
:1006e000000f788007f0c103e0ff03c0ff01007f27
:1006f00000001c00001c00c0ff01c0ff01c0ff0182
:10070000001c00001c00001c00001c000000000079
:1007100000000000000000000000000000000000d9
:1007200000000000000000000000000000000000c9
:1007300000000000000000000000000000000000b9
:1007400000000000000000000000000000000000a9
:100750000000000000000000000000000000000099
:100760000000000000000000000000000000000089
:100770000000000000000000000000000000000079
:100780000000000000000000000000000000000069
:1007900000000000000000000800000e00c00f0074
:1007a000f00f00fc0f00ff0c803f0c800f0c80034b
:1007b0000c80010c80010c80010c80010c80010c6c
:1007c00080010c80010c80010c80010c80010c80e8
:1007d000c10f80f10f80f90780f90780f90380f1dc
:1007e00000f80100fe0100ff0000ff00007f000094
:1007f0001e000000000000000000000000000000db
:100800000000000000000000000000000000001ccc
:1008100000001c00101c02783f07f0ff03e0ff01fe
:10082000e0e101f0c0037e801f7e801f7e801f708c
:100830008003f0c003e0e101e0ff03f0ff03383f75
:1008400007101c02001c00001c000000000000003b
:100850000000000000000000000000000000000098
:100860000000000000000000000000000000000088
:100870000000000000000000000000000002000076
:100880000e00003e0000fe0000fe0300fe0700fe1a
:100890001f00fe7f00feff01feff07feff1ffeffa1
:1008a00007feff01fe7f00fe1f00fe0700fe0300a3
:1008b000fe00003e00000e000002000000000000ec
:1008c0000000000000000000000000000000000028
:1008d0000000000000000000000000000000000018
:1008e00000000000000000000000001000001c00dc
:1008f000001f00c01f00f01f00f81f00fe1f80ff38
:100900001fe0ff1ff8ff1ffeff1ff8ff1fe0ff1f84
:1009100080ff1f00fe1f00f81f00f01f00c01f0017
:10092000001f00001c00001000000000000000007c
:1009300000000000000000000000000000000000b7
:10094000000000000000000800001c00003e000045
:100950007f0080ff00c0dd01401c01001c00001c66
:1009600000001c00001c00001c00001c00001c00fb
:10097000001c00001c00001c00001c00001c0000eb
:100980001c00001c00001c00001c00001c00401c7f
:1009900001c0dd0180ff00007f00003e00001c0060
:1009a000000800000000000000000000000000003f
:1009b0000000e0e000e0e000e0e000e0e000e0e077
:1009c00000e0e000e0e000e0e000e0e000e0e00067
:1009d000e0e000e0e000e0e000e0e000e0e000e077
:1009e000e000e0e000e0e000e0e0000000000000e7
:1009f00000000000e0e000e0e000e0e000e0e000f7
:100a000000000000000000000000000000000000e6
:100a10000000000000000000000000000000e0fff7
:100a200003f8ff03f80703fc0703fc0703fc0703b5
:100a3000fc0703fc0703fc0703f80703f00703e0c8
:100a400007038007030006030006030006030006f1
:100a50000300060300060300060300060300060366
:100a60000006030006030006030006030006030059
:100a70000603000603000603000603000000000052
:100a80000000000000000000000000ff00c0ff01a7
:100a9000e0ff01e08101700000700000700000f0d4
:100aa0000000e00300e00f00c03f00c07f00e0f85e
:100ab0000170e00170c003708003f08003f08103d7
:100ac000e08301c0df0180ff0000fe0000f80100ac
:100ad000e00100c003008003008003108003f0e009
:100ae00001f0ff01f0ff00803f0000000000000067
:100af00000000000000000000000000000000000f6
:100b000000000000000000000000000000000000e5
:100b100000feff1ffeff1ffeff1ffeff1ffeff1f49
:100b2000feff1f00000000000000000000000000a9
:100b300000000000000000000000000000000000b5
:100b400000000000000000000000000000000000a5
:100b5000000000000000000000000000000800008d
:100b60001c00001c00007f0080ff00c0dd01401c55
:100b700001001c00001c00001c00001c00001c00e8
:100b8000001c00001c00001c00001c00001c0000d9
:100b90001c00001c00001c00001c00001c00001cad
:100ba00000401c01c0dd0180ff00007f00003e000e
:100bb000001c00000800000000000000c0ff01c091
:100bc000ff01c0ff0100000000000000000000085d
:100bd00000001c00003e00007f0080ff00c0dd011f
:100be000401c01001c00001c00001c00001c000038
:100bf0001c00001c00001c00001c00001c00001c4d
:100c000000001c00001c00001c00001c00001c0058
:100c1000001c00001c00001c00001c00001c000048
:100c20001c00001c00001c00001c00000000000054
:100c300000000000000000000000001c00001c007c
:100c4000001c00001c00001c00001c00001c000018
:100c50001c00001c00001c00001c00001c00001cec
:100c600000001c00001c00001c00001c00001c00f8
:100c7000001c00001c00001c00001c00001c0000e8
:100c80001c00401c01c0dd0180ff00007f00003e11
:100c900000001c0000080000000000000000000030
:100ca0000000000000000000000000000000000044
:100cb0000000000000000000000000000000000034
:100cc0000000000000600000c00000c001008003c0
:100cd000fcff07fcff0ffcff0700800300c00100c2
:100ce000c0000060000000000000000000000000e4
:100cf00000000000000000000000000000000000f4
:100d000000000000000000000000000000000000e3
:100d100000000000000000000000000000000000d3
:100d200000000000000000000000000000000000c3
:100d3000800100c00000e00000700000f8ff0ffc20
:100d4000ff0ff8ff0f700000e00000c000008001fe
:100d50000000000000000000000000000000000093
:100d60000000000000000000000000000000000083
:100d70000000000000000000000000000000000073
:100d80000000000000000000000000000000000063
:100d90000000001c00001c00001c00001c00001cc7
:100da00000001c00001c00001c00001c00001c00b7
:100db000001c00001c00001c00001c00001c0000a7
:100dc0001c0000fcff0ffcff0ffcff0f00000000e9
:100dd0000000000000000000000000000000000013
:100de0000000000000000000000000000000000003
:100df00000000000000000000000000000000000f3
:100e00000000000000000000806100c0c000e0c0e1
:100e100001708003f8ff07fcff0ff8ff07708003e5
:100e2000e0c001c0c00080610000000000000000c0
:100e300000000000000000000000000000000000b2
:100e400000000000000000000000000000000000a2
:100e50000000000000000000000000000000000092
:100e60000000000000000400000400000e00000e5e
:100e700000001f00001f00003f00803f00807f0037
:100e8000c07f00c0ff00e0ff00e0ff01f0ff01f0c5
:100e9000ff03f8ff03f8ff07f8ff07fcff0ffcff55
:100ea0000ffeff1f00000000000000000000000017
:100eb0000000000000000000000000000000000032
:100ec0000000000000000000000000000000000022
:100ed00000feff1ffcff0ffcff0ff8ff07f8ff07e6
:100ee000f8ff03f0ff03f0ff01e0ff01e0ff00c0a7
:100ef000ff00c07f00807f00803f00003f00001f98
:100f000000001f00000e00000e000004000004009e
:100f100000000000000000000000000000000000d1
:100f200000000000000000000000000000000000c1
:100f300000000000000000000000000000000000b1
:100f400000000000000000000000000000000000a1
:100f50000000000000000000000000000000000091
:100f60000000000000000000000000000000000081
:100f70000000000000000000000000000000000071
:100f80000000000000000000000000000000000061
:100f900000000000000000000000000e00000e0035
:100fa000000e00000e00000e00000e00000e0000fb
:100fb0000e00000e00000e00000e00000e00000edd
:100fc00000000e00000e00000e00000e00000e00db
:100fd000000e00000000000000000000000e0000f5
:100fe0000e00000e00000e000000000000000000d7
:100ff00000000000000000000000000000000000f1
:10100000f0e001f0e001f0e001f0e001f0e001f0db
:10101000e00160c00060c00060c00060c00000006f
:1010200000000000000000000000000000000000c0
:1010300000000000000000000000000000000000b0
:1010400000000000000000000000000000000000a0
:101050000000000000000000000000000000000090
:101060000000000000000000000000000000000080
:101070000000000e07000e070087030087030087ab
:101080000300870380c301fcff1ffcff1ffcff1f41
:10109000c0e100c0e100c0e100c0e100c0e100fe2d
:1010a000ff07feff07feff07e07000703800703892
:1010b00000703800703800703800381c00381c0090
:1010c0000000000000000000000000000000000020
:1010d0000000000000000000000c00000c00007f79
:1010e00000c0ff01e0ff01e08d01f00c00700c007a
:1010f000700c00700c00f00c00e00d00c00f0080c0
:101100000f00001f00007e0000fc0000fc0100cc6e
:101110000100cc03008c03008c03008c0308cc037b
:1011200038ec01f8ff01f8ff00c03f00000c0000a0
:101130000c000000000000000000000000000000a3
:1011400000000000000000000000f80038fc011c56
:101150008e030e07070707070707870307c701075f
:10116000c70107e7008e7300fc3900f83800001c47
:1011700000000e0000c70700e70f80731cc039385d
:10118000e03838e038387038383838383838381c73
:10119000701c0ee00f07c0070000000000000000f8
:1011a000000000000000000000000000000000003f
:1011b000000000000000001f00807f00c07f00e0f2
:1011c000f100e0e000e0e000e0e000e07000c07965
:1011d00000c03f00c00f00e00700f807383c0738a8
:1011e0001e0e380e1e38073c18073c1c07781c07db
:1011f000f00e0fe00f1ee0077ec007fcff0ff8ffa8
:101200000fc01f1e000000000000000000000000d2
:10121000000000000000000000000000000f0000bf
:101220000f00000f00000f00000f00000f0000066d
:10123000000006000006000006000000000000009c
:10124000000000000000000000000000000000009e
:10125000000000000000000000000000000000008e
:10126000000000000000000000000000000000007e
:10127000000000000000000000000000000000006e
:10128000000000000000000000000600c00700f0a1
:1012900001007800003c00001e00000e0000070066
:1012a000000700800300800300800300c00100c02d
:1012b0000100c00100c00100c00100c00100c00168
:1012c00000c00100c0010080030080030080030013
:1012d000000700000700000e00001e00003c000098
:1012e000780000f00100c0070000060000000000c8
:1012f00000000000380000f80000e0030080070054
:10130000000f00001e00001c000038000038000024
:10131000700000700000700000e00000e00000e0dd
:101320000000e00000e00000e00000e00000e0005d
:1013300000e0000070000070000070000038000045
:101340003800001c00001e00000f00800700e003b2
:1013500000f800001800000000000000000000007d
:10136000000000000000000e00000e00000e000053
:101370000e00300e03f8c407f8e107e0e1010000b9
:1013800000003300807f00c0f300e0e101e0c00115
:10139000804000000000000000000000000000008d
:1013a000000000000000000000000000000000003d
:1013b000000000000000000000000000000000002d
:1013c000000000000000000000000000000000001d
:1013d000000000000000000000000000000000000d
:1013e00000000000000000001c00001c00001c00a9
:1013f000001c00001c00001c00001c00001c00fc65
:10140000ff1ffcff1ffcff1f001c00001c00001c36
:1014100000001c00001c00001c00001c00001c0040
:1014200000000000000000000000000000000000bc
:1014300000000000000000000000000000000000ac
:10144000000000000000000000000000000000009c
:10145000000000000000000000000000000000008c
:10146000000000000000000000000000000000007c
:1014700000000000000000000000000000001f004d
:10148000001f00001f00001f00001f00001c0000c4
:101490001c00000c00000e0000070000030000000c
:1014a000000000000000000000000000000000003c
:1014b000000000000000000000000000000000002c
:1014c000000000000000000000000000000000001c
:1014d00000f0ff03f0ff03f0ff0300000000000036
:1014e00000000000000000000000000000000000fc
:1014f00000000000000000000000000000000000ec
:1015000000000000000000000000000000000000db
:1015100000000000000000000000000000000000cb
:1015200000000000000000000000000000000000bb
:1015300000000000000000000000000000000000ab
:10154000000000000000000000000000000000009b
:101550000000000000001f00001f00001f00001f0f
:1015600000001f000000000000000000000000005c
:1015700000000000000000000000000000001c004f
:10158000000e00000e00000700000700800300802e
:101590000300c00100c00100e00000e00000700096
:1015a000007000003800003800001c00001e000021
:1015b0000e00000700000700800300800300c00148
:1015c00000c00100e00000e00000700000700000ba
:1015d0003800003800001c00001c00000e00000055
:1015e0000000000000000000000000000000001fdc
:1015f00000c07f00e0ff00f0e00170c00138800310
:101600003880033880031c00071c00071c00071cdf
:1016100000071c00071c00071c00071c00071c001b
:10162000071c000738800338800338800370c0012e
:10163000f0e001e0ff00c07f00001f00000000009c
:10164000000000000000000000000000000000009a
:1016500000000000000000000000001800001f0053
:10166000e01f00f81f00781c00001c00001c000098
:101670001c00001c00001c00001c00001c00001cc2
:1016800000001c00001c00001c00001c00001c00ce
:10169000001c00001c00001c00001c00001c00f8c6
:1016a000ff0ff8ff0ff8ff0f000000000000000020
:1016b000000000000000000000000000000000002a
:1016c000000000000000801f00f07f00f0ff0070ad
:1016d000f00010e00100c00100c00100c00100c026
:1016e0000100c00100e00000f000007000003800c0
:1016f000001c00000e00000700800300c00100e095
:101700000000e00000700000780000f8ff01f8ff22
:1017100001f8ff01000000000000000000000000d0
:1017200000000000000000000000000000000000b9
:101730000000c01f00f07f00f0ff0030f00100c08b
:101740000100c00100c00100c00100e000007800fd
:10175000c03f00c03f00c07f0000f80000e0010073
:10176000c00300800300800300800300800300c0ea
:101770000300c00130f001f0ff00f07f00e01f0027
:101780000000000000000000000000000000000059
:10179000000000000000000000000000000000e069
:1017a0000000f00000f80000f80000fc0000ee006f
:1017b00000ee0000e70080e30080e300c0e100e00d
:1017c000e00070e00070e00038e0001ce000fcff8a
:1017d00007fcff07fcff0700e00000e00000e0005e
:1017e00000e00000e00000e00000e0000000000079
:1017f00000000000000000000000000000000000e9
:1018000000000000000000000000e0ff00e0ff001a
:10181000e0ff00e00000e00000e00000e00000e089
:101820000000e00000e00000e00f00e03f00e07f8b
:101830000000f80000f00000e00100c00100c0015d
:1018400000c00100c00100e00100e00060f000e025
:101850007f00e03f00c00f0000000000000000001b
:101860000000000000000000000000000000000078
:1018700000000000000000fc0000ff0380ff03c028
:101880000303e00100e00000700000700000700041
:1018900000380000383e0038ff00b8ff01f8e103cf
:1018a00078800378800778000738000738000770d1
:1018b0000007700007f08003e0c103c0ff0180ff54
:1018c00000003f00000000000000000000000000d9
:1018d0000000000000000000000000000000000008
:1018e0000000f0ff0ff0ff0ff0ff0f0000070000f7
:1018f0000700800300800300c00100e00000e0005a
:10190000007000007000003800003c00001c000067
:101910001e00000e00000f0000070080070080037b
:1019200000c00300c00300e00100e00100e001008e
:1019300000000000000000000000000000000000a7
:101940000000000000000000000000000000007f18
:1019500000c0ff00e0ff01e0e0037080037080033f
:10196000708003f08003e0c001e0e300c0770080f6
:101970003f00807f00e0fd00e0f00170e003388070
:1019800007388007380007380007380007788007d5
:10199000f0c103e0ff01c0ff00003f0000000000b5
:1019a0000000000000000000000000000000000037
:1019b00000000000000000000000003f00c07f00a9
:1019c000e0ff00f0e00170c0033880033880033886
:1019d000000738000738800778800770c007f0e1fb
:1019e00007e07f07c03f07801f0700000700800354
:1019f00000800300800300c00100e00130f000f02f
:101a00007f00f03f00c00f00000000000000000059
:101a100000000000000000000000000000000000c6
:101a200000000000000000000000000000000000b6
:101a30000000000000000000000000001f00001f68
:101a400000001f00001f00001f0000000000000039
:101a50000000000000000000000000000000000086
:101a60000000000000001f00001f00001f00001ffa
:101a700000001f0000000000000000000000000047
:101a80000000000000000000000000000000000056
:101a90000000000000000000000000000000000046
:101aa00000000000000000001f00001f00001f00d9
:101ab000001f00001f0000000000000000000000e8
:101ac0000000000000000000000000000000000016
:101ad00000001f00001f00001f00001f00001f006b
:101ae000001c00001c00000c00000e00000700009d
:101af00003000000000000000000000000000000e3
:101b000000000000000000000000000000000000d5
:101b100000000000000800000e00800f00e0070039
:101b2000f801007c00001f00c00700f00300fc006b
:101b300000f00100c00700001f00007c0000f80159
:101b400000e00700800f00000e0000080000000009
:101b50000000000000000000000000000000000085
:101b60000000000000000000000000000000000075
:101b70000000000000000000000000000000000065
:101b80000000000000000000000000fcff0ffcff50
:101b90000ffcff0f0000000000000000000000002c
:101ba000fcff0ffcff0ffcff0f0000000000000017
:101bb0000000000000000000000000000000000025
:101bc0000000000000000000000000000000000015
:101bd0000000000000000000000000000000000005
:101be00000000000000000000000000400001c00d5
:101bf000007c0000f80100e00700800f00003e00bc
:101c000000f80000f00300c00f00e00300f800003f
:101c10003e00800f00e00700f801007c00001c007f
:101c200000040000000000000000000000000000b0
:101c300000000000000000000000000000000000a4
:101c40000000e03f00f8ff01f8ff0338c0073880cc
:101c50000738000700000700000700800300c001ec
:101c600000e000007000003800001c00000e0000c2
:101c70000600000700000700000700000000000049
:101c80000000000000070000070000070000070038
:101c90000000000000000000000000000000000044
:101ca000000000000000000000000000000000fe36
:101cb0000080ff03c08307e0000770000e38f00fbc
:101cc00038f80f1c1c0e1c0e0e1e0e0e0e060e0eed
:101cd000070e0e070f0e070f0e870f0e870f0ec78a
:101ce0000e0eef0e1c7e0e1c7e3e383c3e38000071
:101cf000700000e08101c0ff01007f0000000000d3
:101d000000000000000000000000000000000000d3
:101d100000000000000000000000000000000000c3
:101d2000000000001e00001f00003f00003f008078
:101d30003b00807b00c07100c0f100c0e100e0e02a
:101d400000e0e00170c00170c003708003f8ff0381
:101d5000f8ff07f8ff071c000f1c000e1e001e0ee8
:101d6000001c0e001c0700380000000000000000ee
:101d70000000000000000000000000000000000063
:101d8000000000000000000000000000000000f85b
:101d90003f00f8ff00f8ff0138e003388003388087
:101da0000338800338c00138f001f87f00f81f00c5
:101db000f8ff0038f00138c00338800738000738d2
:101dc000000738000738000738c003f8ff03f8ffa2
:101dd00001f87f000000000000000000000000008b
:101de00000000000000000000000000000000000f3
:101df000000000000000000000000000fc0700ffe1
:101e00001fc0ff1fe0071cf00100700000780000f9
:101e10003800001c00001c00001c00001c00001cfe
:101e200000001c00003c0000380000780000f800b2
:101e300000f00100e0071cc0ff1f00ff1f00fc03b3
:101e40000000000000000000000000000000000092
:101e50000000000000000000000000000000000082
:101e600000000000000000fc0f00fc7f00fcff00f1
:101e70001cf0011cc0031c80031c80031c80071c79
:101e800000071c00071c00071c00071c00071c00a3
:101e9000071c00071c80031c80031cc0031ce001fe
:101ea0001cf801fcff00fc3f00fc0f0000000000dc
:101eb0000000000000000000000000000000000022
:101ec0000000000000000000000000000000000012
:101ed000000000f0ff07f0ff07f0ff077000007040
:101ee00000007000007000007000007000007000c2
:101ef00000f0ff01f0ff01f0ff0170000070000032
:101f0000700000700000700000700000700000f0b1
:101f1000ff0ff0ff0ff0ff0f0000000000000000b7
:101f200000000000000000000000000000000000b1
:101f3000000000000000000000000000000000f0b1
:101f4000ff0ff0ff0ff0ff0f700000700000700037
:101f500000700000700000700000700000f0ff03cf
:101f6000f0ff03f0ff0370000070000070000070cd
:101f70000000700000700000700000700000700031
:101f800000700000000000000000000000000000e1
:101f90000000000000000000000000000000000041
:101fa000000000000000000000000000fe0380ffb1
:101fb0000fe0ff0ff0030ef800003800003c0000b7
:101fc0001c00000e00000e00000e00000ef00f0eb0
:101fd000f00f0ef00f1e000e1c000e3c000e7c00d9
:101fe0000ef8000ef0070ee0ff0f80ff0f00fe035b
:101ff00000000000000000000000000000000000e1
:1020000000000000000000000000000000000000d0
:102010000000000000000038000738000738000703
:10202000380007380007380007380007380007383d
:102030000007380007f8ff07f8ff07f8ff07380028
:10204000073800073800073800073800073800074e
:102050003800073800073800073800070000000084
:102060000000000000000000000000000000000070
:102070000000000000000000000000000000000060
:10208000000000f8ff03f8ff03f8ff03000e000054
:102090000e00000e00000e00000e00000e00000eec
:1020a00000000e00000e00000e00000e00000e00ea
:1020b000000e00000e00000e00000e00000e00f8e2
:1020c000ff03f8ff03f8ff0300000000000000001a
:1020d0000000000000000000000000000000000000
:1020e000000000000000000000000000000000e010
:1020f000ff00e0ff00e0ff0000e00000e00000e083
:102100000000e00000e00000e00000e00000e0006f
:1021100000e00000e00000e00000e00000e000005f
:10212000e00000e000007000087800f83f00f81fb1
:1021300000f00700000000000000000000000000a8
:10214000000000000000000000000000000000008f
:10215000000000000000000000000038800738c0c8
:102160000338e00138f000387800383800383c0097
:10217000381e00380f00b80700b80300f80700b891
:102180000700380f00381e00383c0038780038f05f
:102190000038e00138c00338800738000f38001fce
:1021a000000000000000000000000000000000002f
:1021b000000000000000000000000000000000001f
:1021c00000000000000000700000700000700000bf
:1021d000700000700000700000700000700000705f
:1021e00000007000007000007000007000007000bf
:1021f00000700000700000700000700000700000af
:10220000700000f0ff0ff0ff0ff0ff0f0000000064
:1022100000000000000000000000000000000000be
:1022200000000000000000000000000000000000ae
:102230000000007c001f7c001ffc001ffc801ffcb6
:10224000801fdc811ddcc11ddcc11d9cc31c9ce307
:102250001c9c631c1c671c1c771c1c371c1c3e1c14
:102260001c3e1c1c1c1c1c1c1c1c001c1c001c1cc4
:10227000001c1c001c1c001c0000000000000000d2
:10228000000000000000000000000000000000004e
:1022900000000000000000000000000000000078c6
:1022a000000e78000ef8000ef8010ef8010ef8038b
:1022b0000eb8030e38070e380f0e380e0e381e0eed
:1022c000381c0e383c0e38380e38700e38f00e3888
:1022d000e00e38e00f38c00f38800f38800f38001c
:1022e0000f38000f00000000000000000000000098
:1022f00000000000000000000000000000000000de
:102300000000000000000000000000803f00e0ff2f
:1023100000f0ff01f8e0033880031c00071c0007f1
:102320001e000f0e000e0e000e0e000e0e000e0e02
:10233000000e0e000e0e000e1e000f1c00071c00eb
:1023400007388003f8e003f0ff01e0ff00803f0062
:10235000000000000000000000000000000000007d
:10236000000000000000000000000000000000006d
:1023700000000000000000f0ff00f0ff03f0ff0786
:1023800070800770000f70000e70000e70000e70ed
:10239000000e70000770c007f0ff03f0ff00f03f71
:1023a00000700000700000700000700000700000fd
:1023b000700000700000700000700000000000005d
:1023c000000000000000000000000000000000000d
:1023d00000000000000000000000000000000000fd
:1023e000000000803f00e0ff00f0ff01f8e003384c
:1023f00080031c00071c00071e000f0e000e0e00bd
:102400000e0e000e0e000e0e000e0e000e0e000e32
:102410001e00071c00071c0007388003f8e003f0cb
:10242000ff01c07f00807f0000e00100c00f00803e
:102430003f00001e00000800000000000000000037
:10244000000000000000000000000000000000f894
:102450001f00f87f00f8ff0038f00138c00138c0d5
:102460000138c00138c00138e00138e00038f80018
:10247000f87f00f81f00f81f00383c00383c003897
:10248000780038f00038e00138c003388003388025
:102490000738000f000000000000000000000000ee
:1024a000000000000000000000000000000000002c
:1024b0000000000000000000000000807f00e0ff3e
:1024c00003f0ff03f08003380000380000380000fc
:1024d000780000f80000f00700e03f0080ff0000f7
:1024e000fc0100f003008007000007000007000067
:1024f0000708800778c003f8ff01f8ff00c03f001d
:1025000000000000000000000000000000000000cb
:1025100000000000000000000000000000000000bb
:1025200000000000000000ffff1fffff1fffff1f54
:10253000000e00000e00000e00000e00000e000055
:102540000e00000e00000e00000e00000e00000e37
:1025500000000e00000e00000e00000e00000e0035
:10256000000e00000e00000e00000e000000000033
:10257000000000000000000000000000000000005b
:10258000000000000000000000000000000000004b
:102590000000003800073800073800073800073807
:1025a00000073800073800073800073800073800f0
:1025b00007380007380007380007380007380007d9
:1025c000380007380007788007708003f0e003e0e8
:1025d000ff01c0ff00003f000000000000000000fd
:1025e00000000000000000000000000000000000eb
:1025f0000000000000000000000000000000000fcc
:1026000000380e001c0e001c1e000e1c000e3c00ac
:102610000f380007380007788003708003f0c0018e
:10262000f0c001e0e001e0e100c0f100c07300c0d3
:102630007300803b00803f00003f00001f00001f30
:1026400000000e000000000000000000000000007c
:10265000000000000000000000000000000000007a
:102660000000000000000000000000070038070024
:10267000380700380e00180e00180e1e1c0e1e1c07
:102680000e1e1c0e3e1c0e3f0c1c3f0c1c3b0c1c5b
:10269000730e1c730e9c730e9c7306b8e106b8e1b2
:1026a00006b8e106f8e107f8c007f8c003f8c00370
:1026b000000000000000000000000000000000001a
:1026c000000000000000000000000000000000000a
:1026d000000000000000001e003c3c001e78000fbf
:1026e000708007f0c003e0c101c0e30180f3008007
:1026f0007f00003f00001e00001e00003f00807fa2
:102700000080f300c0e100e0e101f0c00370800749
:102710003800071c000f1e001e0f003c00000000c8
:1027200000000000000000000000000000000000a9
:102730000000000000000000000000000000000099
:102740000000001e003c3c001c78000e78000ff0da
:102750000007e08003e0c103c0c30180e30080f70d
:1027600000007f00003e00003e00001c00001c0036
:10277000001c00001c00001c00001c00001c0000cd
:102780001c00001c00001c000000000000000000f5
:102790000000000000000000000000000000000039
:1027a000000000000000000000000000000000f831
:1027b000ff0ff8ff0ff8ff0f00000f00800700c0a9
:1027c0000300e00100f000007000007800003c0011
:1027d000001e00000f00800700800300c00300e01f
:1027e0000100f000007800003c0000fcff0ffcff3f
:1027f0000ffcff0f000000000000000000000000c0
:1028000000000000000000000000000000ff0700c2
:10281000ff0700ff07000700000700000700000790
:102820000000070000070000070000070000070085
:102830000007000007000007000007000007000075
:10284000070000070000070000070000070000075e
:102850000000070000070000070000070000070055
:1028600000070000070000ff0700ff0700ff070048
:1028700000000000000000000e00001c00001c0012
:1028800000380000380000700000700000e0000018
:10289000e00000c00100c0010080030080030000d0
:1028a0000700000700000e00001e00001c0000389a
:1028b0000000380000700000700000e00000e00040
:1028c00000c00100c0010080030080030000070079
:1028d000000700000e00000e00001c0000000000b9
:1028e00000000000f83f00f83f00f83f000038000b
:1028f00000380000380000380000380000380000c0
:102900003800003800003800003800003800003877
:10291000000038000038000038000038000038009f
:10292000003800003800003800003800003800008f
:102930003800003800003800003800003800f83f48
:1029400000f83f00f83f0000000000000000000019
:10295000000000000000000400000400000e000061
:102960000e00001e00001f00001f00803b00803b87
:1029700000807100c07100c0e100e0e000e0c00133
:1029800060c001708003708003388003380007380e
:1029900000071c000e000000000000000000000006
:1029a0000000000000000000000000000000000027
:1029b0000000000000000000000000000000000017
:1029c0000000000000000000000000000000000007
:1029d00000000000000000000000000000000000f7
:1029e00000000000000000000000000000000000e7
:1029f00000000000000000000000000000000000d7
:102a000000000000000000000000000000000000c6
:102a1000ffff3fffff3fffff3f00000000000000ff
:102a20000000000000000000000f00001e00003c3d
:102a30000000700000000000000000000000000026
:102a40000000000000000000000000000000000086
:102a50000000000000000000000000000000000076
:102a60000000000000000000000000000000000066
:102a70000000000000000000000000000000000056
:102a80000000000000000000000000000000000046
:102a90000000000000000000000000000000000036
:102aa00000000000000000000000000000000080a6
:102ab0003f00f0ff00f0ff0070e00100c00100c027
:102ac0000100c00100c00180ff01e0ff01f0c00172
:102ad00038c0011cc0011cc0011ce0013cf801f819
:102ae000bf0ff09f0fe0070f000000000000000084
:102af00000000000000000000000000000000000d6
:102b00003800003800003800003800003800003875
:102b10000000380000380000380000387c0038ff22
:102b200000b8ff01f8c103f8800378800738000778
:102b30003800073800073800073800073800073822
:102b4000000738800378c003f8e101f8ff01b8ffff
:102b500000183e000000000000000000000000001f
:102b60000000000000000000000000000000000065
:102b70000000000000000000000000000000000055
:102b80000000000000000000fc0380ff0fc0ff0fea
:102b9000e0030ef0000070000078000038000038fc
:102ba0000000380000380000380000780000700095
:102bb00000f00000e0030cc0ff0f80ff0f00fc03db
:102bc0000000000000000000000000000000000005
:102bd000000000000000000000800300800300806f
:102be0000300800300800300800300800300800353
:102bf000008003808f03e0bf03f0ff03f0f0037851
:102c0000c0033880031c80031c80031c80031c80cd
:102c1000031c80031c80031c80033cc00338e003ba
:102c200078f003f0bf03e09f03c0870300000000bb
:102c30000000000000000000000000000000000094
:102c40000000000000000000000000000000000084
:102c50000000000000000000000000000000000074
:102c60003f00c0ff00e0ff00f0e00138c001388005
:102c7000031c8003fcff03fcff03fcff031c00009c
:102c80001c00003c0000380000780000f08103f0d8
:102c9000ff03c0ff03007f000000000000000000f1
:102ca0000000000000000000000000000000000024
:102cb00000f01f00fc3f00fe3f001e20000f000040
:102cc0000700000700000700000700f8ff1ff8ffdb
:102cd0001ff8ff1f000700000700000700000700a3
:102ce00000070000070000070000070000070000c1
:102cf00007000007000007000007000007000007aa
:102d000000000700000000000000000000000000bc
:102d100000000000000000000000000000000000b3
:102d200000000000000000000000000000000000a3
:102d300000000000000000808f03e0bf03f0ff03ed
:102d4000f0f00378c0033880031c80031c80031c50
:102d500080031c80031c80031c80031c80033cc078
:102d60000338e00378f003f0bf03e09f03c087035c
:102d700000800300800300c00170e001f0ff00f05c
:102d80007f00c01f0000000038000038000038003d
:102d9000003800003800003800003800003800001b
:102da000380000387c0038ff01b8ff01f8c303f891
:102db00080037880033880033880033880033880ac
:102dc0000338800338800338800338800338800359
:102dd0003880033880033880033880030000000007
:102de00000000000000000000000000000000000e3
:102df00000000000000000001e00001e00001e0079
:102e0000001e00000000000000000000000000f8ac
:102e10001f00f81f00f81f00001c00001c00001c11
:102e200000001c00001c00001c00001c00001c0016
:102e3000001c00001c00001c00001c00001c000006
:102e40001c00001c00001c0000000000000000002e
:102e50000000000000000000000000000000000072
:102e60000000000078000078000078000078000082
:102e70000000000000000000000000f07f00f07f74
:102e800000f07f0000700000700000700000700013
:102e90000070000070000070000070000070000002
:102ea0007000007000007000007000007000007082
:102eb00000007000007000007000007800183800fa
:102ec000f83f00f81f00e0070000000070000070ed
:102ed00000007000007000007000007000007000c2
:102ee0000070000070000070800f70c00770e00379
:102ef00070f00170f800707c00703e00701e007071
:102f00000f00f00700700f00701e00703c0070781a
:102f10000070f00070e00170c00370800770000f57
:102f200000000000000000000000000000000000a1
:102f30000000000000000000f81f00f81f00f81f4c
:102f400000001c00001c00001c00001c00001c00f5
:102f5000001c00001c00001c00001c00001c0000e5
:102f60001c00001c00001c00001c00001c00001cb9
:102f700000001c00001c00001c00001c00001c00c5
:102f8000001c00001c00001c00001c0000000000d1
:102f90000000000000000000000000000000000031
:102fa0000000000000000000000000000000000021
:102fb0000000000000000000000000000000001cf5
:102fc00087079ccf07dccf0ffc7c0e7c3c0e3c3c83
:102fd0000e1c1c0e1c1c0e1c1c0e1c1c0e1c1c0e85
:102fe0001c1c0e1c1c0e1c1c0e1c1c0e1c1c0e1c67
:102ff0001c0e1c1c0e1c1c0e00000000000000001b
:1030000000000000000000000000000000000000c0
:1030100000000000000000000000000000000000b0
:103020000000000000000000000000387c0038ffb5
:1030300001b8ff01f8c303f88003788003388003e8
:1030400038800338800338800338800338800338a1
:103050008003388003388003388003388003388049
:1030600003388003000000000000000000000000a2
:103070000000000000000000000000000000000050
:103080000000000000000000000000000000000040
:1030900000000000000000803f00e0ff00f0ff01a2
:1030a000f0e00178c0033880031c00071c00071cf7
:1030b00000071c00071c00071c00071c00073880c5
:1030c0000378c003f0e001f0ff01e0ff00803f0063
:1030d00000000000000000000000000000000000f0
:1030e00000000000000000000000000000000000e0
:1030f00000000000000000000000000000000000d0
:10310000000000387c0038ff00b8ff01f8c103f868
:103110008003788007380007380007380007380038
:103120000738000738000738000738800378c003e5
:10313000f8e101f8ff01b8ff00383e003800003820
:103140000000380000380000380000380000380067
:10315000000000000000000000000000000000006f
:1031600000000000000000000000000000000080df
:103170009f03e0bf03f0ff03f0f00378c003388043
:10318000031c80031c80031c80031c80031c800321
:103190001c80031c80033cc00338e00378f003f07c
:1031a000bf03e09f03c0870300800300800300800b
:1031b0000300800300800300800300800300000000
:1031c00000000000000000000000000000000000ff
:1031d0000000000000000000000000e0f007e0fc3c
:1031e00007e0fe07e00f07e00307e00107e000004b
:1031f000e00000e00000e00000e00000e00000e08f
:103200000000e00000e00000e00000e00000e0005e
:1032100000e00000000000000000000000000000ce
:10322000000000000000000000000000000000009e
:10323000000000000000000000000000000000008e
:1032400000000000000000007f00c0ff01e0ff015f
:10325000f08001700000700000f00000e00700c086
:103260003f0080ff0000fc0100e0030080030080bd
:103270000310800370e003f0ff01f0ff00803f00c7
:10328000000000000000000000000000000000003e
:10329000000000000000000000000000000000002e
:1032a0000000000000000080030080030080030095
:1032b000800300fcff07fcff07fcff078003008082
:1032c000030080030080030080030080030080036c
:1032d000008003008003008003008003008003005f
:1032e000800f0000ff0700ff0700fc070000000040
:1032f00000000000000000000000000000000000ce
:1033000000000000000000000000000000000000bd
:103310000000000000000000000000000000003875
:103320008003388003388003388003388003388076
:1033300003388003388003388003388003388003e3
:1033400038800338800338c00338e00378f803f08e
:10335000bf03f09f03c087030000000000000000cf
:10336000000000000000000000000000000000005d
:10337000000000000000000000000000000000004d
:1033800000000000000000000000000e001e1c00f5
:103390000e1c000e3c000738000778800370800385
:1033a00070c001e0c001e0e001e0e100c0f100c058
:1033b0007300807300803b00003f00001f00001f6f
:1033c00000000e00000000000000000000000000ef
:1033d00000000000000000000000000000000000ed
:1033e00000000000000000000000000000000000dd
:1033f000000000000000000700380f00380f1e1802
:103400000e1e180e3e1c0e3e1c0e3f1c1e330c1cc6
:10341000730c9c730e9c730e9c610ebce106f8e16c
:1034200006f8e006f8c007f8c007f8c00370c0034c
:10343000000000000000000000000000000000008c
:10344000000000000000000000000000000000007c
:10345000000000000000000000000000000000006c
:103460000000003c000f780007f08003e0c103c0bb
:10347000c101c0e30080f700007f00003e00003e75
:1034800000003f00007f0080f300c0e301e0c101c5
:10349000e0c00370800778000f3c001e00000000b1
:1034a000000000000000000000000000000000001c
:1034b000000000000000000000000000000000000c
:1034c0000000000000000000000000000000001ede
:1034d000001c1c000e1c000e38000738000770800e
:1034e00003708003f08003e0c001e0c101c0e1008f
:1034f000c0e300807300807300003f00003f0000c5
:103500001e00001e00000e00000e000007008007d5
:1035100000c00300fc0300fc01007c000000000070
:10352000000000000000000000000000000000009b
:103530000000000000000000000000fcff07fcff8e
:1035400007fcff0700c00700e00300f00100f800df
:10355000007c00003e00001f00800f00c00700e05c
:103560000300f00100f800007c0000fcff07fcfff6
:1035700007fcff0700000000000000000000000042
:1035800000000000000000000000000000f0030048
:10359000fc0300fc03001e00000e00000e00000ee5
:1035a00000000e00000e00001c00001c00001c00ab
:1035b000001c00001c00000f00f00700f00100f0ec
:1035c0000700000f00001c00001c00001c00001c75
:1035d00000001c00000e00000e00000e00000e0097
:1035e000000e00001e0000fc0300f80300f00300c2
:1035f0000000000000000000001c00001c00001c77
:1036000000001c00001c00001c00001c00001c002e
:10361000001c00001c00001c00001c00001c00001e
:103620001c00001c00001c00001c00001c00001cf2
:1036300000001c00001c00001c00001c00001c00fe
:10364000001c00001c00001c00001c00001c0000ee
:103650001c00001c00001c00001c000000000000fa
:1036600000000000f00300f00700f00f00001e0053
:10367000001c00001c00001c00001c00001c0000be
:103680000e00000e00000e00000e00000e00003cb8
:103690000000f80300e00300f803003c00000e0007
:1036a000000e00000e00000e00000e00001c0000c6
:1036b0001c00001c00001c00001c00001e00f00f7d
:1036c00000f00f00f0030000000000000000000008
:1036d00000000000000000000000000000000000ea
:1036e00000000000000000000000000000000000da
:1036f00000000000000000000000f00000f80318c7
:10370000fc07180c1f1c0e3e0c06f80f06f00700f5
:10371000c0030000000000000000000000000000e6
:103720000000000000000000000000000000000099
:103730000000000000000000000000000000000089
:103740000000000000000000000000f0ff01f0ff9a
:103750000130000130000130000130000130000173
:103760003000013000013000013000013000013034
:103770000001300001300001300001300001300054
:1037800001300001300001300001300001f0ff0184
:103790000000000000000000000000000000000029
:1037a0000000000000000000000000000000000019
:1037b0000000000000000000fc0700ff1fc0ff1f0a
:1037c000e0071cf001007000007800003800001cc9
:1037d00000001c00001c00001c00001c00001c005d
:1037e000003c0000380000780000f80000f0010004
:1037f000e0071cc0ff1f00ff1f00fc03003000009b
:10380000100000780000e00000c00100c00100fcd2
:1038100000007c00000000000000c0e100c0e100ea
:10382000c0e10000000000000000000000000038bf
:103830008003388003388003388003388003388061
:1038400003388003388003388003388003388003ce
:1038500038800338800338c00338e00378f803f079
:10386000bf03f09f03c087030000000000000000ba
:103870000000000000000000000000000000000048
:1038800000e00100f000007800003800001c00009b
:103890000e00000000000000000000003f00c0ff1c
:1038a00000e0ff00f0e00138c0013880031c800315
:1038b000fcff03fcff03fcff031c00001c00003c9a
:1038c0000000380000780000f08103f0ff03c0ff23
:1038d00003007f0000000000000000000000000066
:1038e000000000000000000000000000001e0000ba
:1038f0003f00807f00807300c0e100e0c001000055
:1039000000000000000000803f00f0ff00f0ff001a
:1039100070e00100c00100c00100c00100c00180d2
:10392000ff01e0ff01f0c00138c0011cc0011cc054
:10393000011ce0013cf801f8bf0ff09f0fe0070ffa
:103940000000000000000000000000000000000077
:10395000000000000000000000000000000080c324
:103960000180c30180c301000000000000000000ce
:10397000000000803f00f0ff00f0ff0070e0010059
:10398000c00100c00100c00100c00180ff01e0ffd4
:1039900001f0c00138c0011cc0011cc0011ce001c5
:1039a0003cf801f8bf0ff09f0fe0070f0000000088
:1039b0000000000000000000000000000000000007
:1039c00000000000e00100c00300800700000700c5
:1039d000000e00001c00000000000000000000803d
:1039e0003f00f0ff00f0ff0070e00100c00100c0e8
:1039f0000100c00100c00180ff01e0ff01f0c00133
:103a000038c0011cc0011cc0011ce0013cf801f8d9
:103a1000bf0ff09f0fe0070f000000000000000044
:103a20000000000000000000000000000000000096
:103a3000001e0000330000210000210000330000c0
:103a40001e00000000000000000000803f00f0ffaa
:103a500000f0ff0070e00100c00100c00100c001e3
:103a600000c00180ff01e0ff01f0c00138c0011c6f
:103a7000c0011cc0011ce0013cf801f8bf0ff09f21
:103a80000fe0070f00000000000000000000000031
:103a90000000000000000000000000000000000026
:103aa0000000000000000000000000000000000016
:103ab0000000000000000000fc0380ff0fc0ff0fab
:103ac000e0030ef0000070000078000038000038bd
:103ad0000000380000380000380000780000700056
:103ae00000f00000e0030cc0ff0f80ff0f00fc039c
:103af000000c00000400001e0000380000700000f0
:103b00007000003f00001f00003c00007e0000ff2e
:103b10000000e70080c301c0810300000000000036
:103b2000000000003f00c0ff00e0ff00f0e00138af
:103b3000c0013880031c8003fcff03fcff03fcff73
:103b4000031c00001c00003c00003800007800004e
:103b5000f08103f0ff03c0ff03007f0000000000be
:103b60000000000000000000000000000000000055
:103b70000000000000000000000080c30180c301bd
:103b800080c30100000000000000000000000000f1
:103b90003f00c0ff00e0ff00f0e00138c0013880c6
:103ba000031c8003fcff03fcff03fcff031c00005d
:103bb0001c00003c0000380000780000f08103f099
:103bc000ff03c0ff03007f000000000000000000b2
:103bd00000000000000000000000000000000000e5
:103be000e00100c00300800700000700000e000095
:103bf0001c00000000000000000000003f00c0ffab
:103c000000e0ff00f0e00138c0013880031c8003b1
:103c1000fcff03fcff03fcff031c00001c00003c36
:103c20000000380000780000f08103f0ff03c0ffbf
:103c300003007f0000000000000000000000000002
:103c40000000000000000000000000000000000074
:103c5000000080c30180c30180c301000000000098
:103c600000000000000000f81f00f81f00f81f000f
:103c7000001c00001c00001c00001c00001c0000b8
:103c80001c00001c00001c00001c00001c00001c8c
:103c900000001c00001c00001c00001c00001c0098
:103ca0000000000000000000000000000000000014
:103cb0000000000000000000003c00007e0000ff4b
:103cc0000000e70080c301c0810300000000000085
:103cd000000000f81f00f81f00f81f00001c000083
:103ce0001c00001c00001c00001c00001c00001c2c
:103cf00000001c00001c00001c00001c00001c0038
:103d0000001c00001c00001c00001c000000000043
:103d100000000000000000000000000000000000a3
:103d200000000000e00100c0030080070000070061
:103d3000000e00001c00000000000000000000f861
:103d40001f00f81f00f81f00001c00001c00001cd2
:103d500000001c00001c00001c00001c00001c00d7
:103d6000001c00001c00001c00001c00001c0000c7
:103d70001c00001c00001c000000000000000000ef
:103d80000000000000000000000000000000000033
:103d9000e0c001e0c001e0c0010000000000000040
:103da0001e00001f00003f00003f00803b00807ba2
:103db00000c07100c0f100c0e100e0e000e0e001ff
:103dc00070c00170c003708003f8ff03f8ff07f8ac
:103dd000ff071c000f1c000e1e001e0e001c0e0014
:103de0001c07003800000000000000000000000078
:103df000000000000000000000000000000e0000b5
:103e00001100001100001100000e00000e00001f44
:103e100000001f00003f00803b00803b00c0790095
:103e2000c07100c0f000e0e000e0e00170c001708f
:103e3000c001708003f8ff03f8ff07f8ff071c00bc
:103e40000f1c000e0e000e0e001c0e001c0700388a
:103e50000000000000000000000000000000000062
:103e6000000000000000000000e00100f000007809
:103e700000001c00000000f0ff07f0ff07f0ff0744
:103e80007000007000007000007000007000007092
:103e90000000700000f0ff01f0ff01f0ff01700072
:103ea00000700000700000700000700000700000e2
:103eb000700000f0ff0ff0ff0ff0ff0f0000000098
:103ec00000000000000000000000000000000000f2
:103ed00000000000000000000000000000000000e2
:103ee000000000000000000000000000000000f8da
:103ef000e101fcf707fcff0f043f0e001e0c000e53
:103f00001c000e1c000e1ce0ff1ff8ff1f3cfe1fd4
:103f10001c0e000e0e000e0e000e1e001e3f18fca2
:103f2000ff1ffcf91ff0e007000000000000000088
:103f30000000000000000000000000000000000081
:103f40000000000000000000000000000000000071
:103f5000fc0f00fe0f00fe0f003f00003f00003b83
:103f600000803b00803b00c03900c03900e0f8070a
:103f7000e0f80760f807703800303800f83f00f8c4
:103f80003f00fc3f001c38000c38000ef81f0ef8f4
:103f90001f07f81f000000000000000000000000e4
:103fa000000000000000000000000000001e0000f3
:103fb0003f00807f00807300c0e100e0c00100008e
:103fc00000000000000000803f00e0ff00f0ff0163
:103fd000f0e00178c0033880031c00071c00071cb8
:103fe00000071c00071c00071c00071c0007388086
:103ff0000378c003f0e001f0ff01e0ff00803f0024
:1040000000000000000000000000000000000000b0
:104010000000000000000000000000000000c0e1ff
:1040200000c0e100c0e1000000000000000000004e
:10403000000000803f00e0ff00f0ff01f0e00178a9
:10404000c0033880031c00071c00071c00071c006d
:10405000071c00071c00071c000738800378c003fa
:10406000f0e001f0ff01e0ff00803f0000000000f1
:104070000000000000000000000000000000000040
:1040800000000000f00000e00100c0030080030019
:10409000000700000e00000000000000000000808b
:1040a0003f00e0ff00f0ff01f0e00178c00338803e
:1040b000031c00071c00071c00071c00071c00074e
:1040c0001c00071c000738800378c003f0e001f0f3
:1040d000ff01e0ff00803f00000000000000000042
:1040e00000000000000000000000000000000000d0
:1040f000001e00003f00807f00807300c0e100e0f0
:10410000c00100000000000000000038800338807b
:1041100003388003388003388003388003388003f5
:1041200038800338800338800338800338800338b0
:10413000800338c00338e00378f803f0bf03f09f32
:1041400003c0870300000000000000000000000022
:10415000000000000000000000000000f00000e08f
:104160000100c00300800300000700000e000000f3
:10417000000000000000003880033880033880030e
:104180003880033880033880033880033880033850
:10419000800338800338800338800338800338c0b8
:1041a0000338e00378f803f0bf03f09f03c08703f0
:1041b00000000000000000000000000000000000ff
:1041c000000000000000000000000000000080c3ac
:1041d0000180c30180c30100000000000000000056
:1041e0000000001e001c1c000e1c000e38000738ca
:1041f0000007708003708003f08003e0c001e0c11d
:1042000001c0e100c0e300807300807300003f0044
:10421000003f00001e00001e00000e00000e000007
:104220000700800700c00300fc0300fc01007c00c5
:1042300000000000e0c001e0c001e0c0010000009b
:10424000000000803f00e0ff00f0ff01f8e00338cd
:1042500080031c00071c00071e000f0e000e0e003e
:104260000e0e000e0e000e0e000e0e000e0e000eb4
:104270001e000f1c00071c0007388003f8e003f045
:10428000ff01e0ff00803f00000000000000000090
:10429000000000000000000000000000000000001e
:1042a000c08103c08103c08103000000000000380a
:1042b00000073800073800073800073800073800c3
:1042c00007380007380007380007380007380007ac
:1042d000380007380007380007380007380007386b
:1042e0000007788007708003f0e003e0ff01c0ff63
:1042f00000003f000000000000000000000000007f
:1043000000000000000000000000000000000000ad
:10431000000000000000000000000000000000009d
:1043200000000000000000803f07e0ff03f0ff01f5
:10433000f0e00178c00338e0031c70071c38071c4c
:104340001c071c0e071c07079c0307dc0107f880ed
:104350000378c003f0e001f0ff01f8ff009c3f008c
:10436000000000000000000000000000000000004d
:10437000000000000000000000000000000000f04d
:104380000300fc0300fe03000e020007000007000c
:10439000000700000700000700000700000700e01a
:1043a0003f00e03f00e03f0000070000070000077b
:1043b00000000700000700000700800300800100e4
:1043c000e00100f0ff03f0ff03f0ff030000000036
:1043d00000000000000000000000000000000000dd
:1043e00000000000000000000000000000000000cd
:1043f000000000803f0ee0ff07f0ff03f8e0033805
:1044000080031cc0071ce0071e70070e300e0e381c
:104410000e0e1c0e0e0e0e0e070e8e030e8e010ecd
:10442000dc010ffc00077c0007388003f8e003f88c
:10443000ff01fcff008e3f000000000000000000b4
:10444000000000000000000000000000000000006c
:10445000000000000000000000000000000000005c
:1044600000000000000000000000000400040e0036
:104470000e1c000738800370c001e0e000c071002e
:10448000803b00001f00000e00001f00803b00c0aa
:104490007100e0e00070c0013880031c00070e00ce
:1044a0000e040004000000000000000000000000f6
:1044b00000000000000000000000000000f0030009
:1044c000fc0700fe07000f040007000007000007bc
:1044d00000000700000700e0ff00e0ff00e0ff0031
:1044e00000070000070000070000070000070000a9
:1044f0000700000700000700000700000700000792
:104500000000070000070000070000070000070088
:10451000000700000700000700810700ff0300fffd
:104520000100fe000000000000e00100f000007843
:1045300000003800001c00000e0000000000000019
:10454000000000803f00f0ff00f0ff0070e001007d
:10455000c00100c00100c00100c00180ff01e0fff8
:1045600001f0c00138c0011cc0011cc0011ce001e9
:104570003cf801f8bf0ff09f0fe0070f00000000ac
:10458000000000000000000000000000000000002b
:104590000000000000e00100f0000078000038009a
:1045a000001c00000e00000000000000000000f8e9
:1045b0001f00f81f00f81f00001c00001c00001c5a
:1045c00000001c00001c00001c00001c00001c005f
:1045d000001c00001c00001c00001c00001c00004f
:1045e0001c00001c00001c00000000000000000077
:1045f00000000000000000000000000000000000bb
:1046000000e00100f000007800003800001c00000d
:104610000e00000000000000000000803f00e0ffee
:1046200000f0ff01f0e00178c0033880031c0007b0
:104630001c00071c00071c00071c00071c00071caf
:10464000000738800378c003f0e001f0ff01e0ffcd
:1046500000803f000000000000000000000000009b
:1046600000000000000000000000000000f000005a
:104670007800003c00001c00000e00000700000055
:1046800000000000000000388003388003388003f9
:10469000388003388003388003388003388003383b
:1046a000800338800338800338800338800338c0a3
:1046b0000338e00378f803f0bf03f09f03c08703db
:1046c00000000000000000000000000000000000ea
:1046d0000000000000000000000000808701c0cf43
:1046e00001e0fc0060780000000000000000000015
:1046f000000000387c0038ff01b8ff01f8c303f860
:104700008003788003388003388003388003388042
:1047100003388003388003388003388003388003ef
:10472000388003388003388003388003000000009d
:104730000000000000000000000000000000000079
:1047400000000000808701c0df0160fe006078008b
:1047500000000078000e78000ef8000ef8010ef848
:10476000010ef8030eb8030e38070e380f0e380e80
:104770000e381e0e381c0e383c0e38380e38700eaf
:1047800038f00e38e00e38e00f38c00f38800f38a0
:10479000800f38000f38000f0000000000000000fc
:1047a0000000000000000000000000000000000009
:1047b000000000000000803f00e07f0060f000008b
:1047c000e00000e00000ff00e0ff00e0e00070e03b
:1047d0000070e000f0f800e0ff03c0c70300000035
:1047e00000000000000000000000000000000000c9
:1047f00000000000000000000000000000000000b9
:1048000000000000000000000000000000000000a8
:104810000000000000000000000000000000000098
:104820000000003f00c0ff00e0e101e0c001708037
:1048300003708003708003708003708003e0c00108
:10484000e0e101c0ff00003f0000000000000000a8
:104850000000000000000000000000000000000058
:104860000000000000000000000000000000000048
:104870000000000000000000000000000000000038
:104880000000000000000000000000000000000028
:104890000000000000000000000000000000000018
:1048a0000000000038000038000038000038000028
:1048b0000000000000000000003800003800003850
:1048c00000001800001c00000e000007008003001c
:1048d000e00100700000700000380000380000386f
:1048e0000007780007f80007f0ff07e0ff0700ff68
:1048f00001000000000000000000003f00c0ff00b9
:10490000e0e101709f033033033833071833061892
:104910000f06180b06181b06381b07303303708070
:1049200003e0e101c0ff00003f00000000000000c4
:104930000000000000000000000000000000000077
:104940000000000000000000000000000000000067
:104950000000000000000000000000000000000057
:104960000000000000000000000000000000000047
:104970000000000000000000000000000000000037
:1049800000000000000000000000fcff1ffcff1ff3
:10499000fcff1f00001c00001c00001c00001c008d
:1049a000001c00001c0000000000000000000000cf
:1049b00000000000000000000000000000000000f7
:1049c00000000000000000000000000000000000e7
:1049d00000001fc0011fe0001ce0001c70001c70e4
:1049e000001c38001c3c001c1c001c0e001c0e008f
:1049f0001c07001c07009cc30f80e31fc0213cc0a4
:104a00000138e00038e0003870001c78000f388072
:104a1000071c80031cc0010ee0000ee03f07e03fd2
:104a20000000000000000000000000000000000086
:104a300000000000000000000000000000001f80d7
:104a4000031fc0011cc0011ce0001ce0001c700022
:104a50001c78001c38001c1c001c1c001c0e001cb8
:104a60000e001c070f00870f80c30f80e30ec0618c
:104a70000ec0310ee0180ef00c0e70fc3f38fc3ffb
:104a800038000e1c000e1c000e0e000e0000000070
:104a90000000000000000000000000000000000016
:104aa0000000000000000000000000000000000006
:104ab00000000000000000000000000000000000f6
:104ac0001c00001c00001c00001c00000000000076
:104ad00000000000001c00001c00001c00001c0066
:104ae000001c00001c00001c00001c00001c00003a
:104af0001c00001c00001c00001c00001c00001c0e
:104b000000001c00001c00001c00001c0000000035
:104b10000000000000000000000000000000000095
:104b20000000000000000000000000000000000085
:104b30000000020100870380c301c0e100e07000b3
:104b4000703800381c001c0e00381c00703800e063
:104b50007000c0e10080c301008703000201000073
:104b60000000000000000000000000000000000045
:104b70000000000000000000000000000000000035
:104b80000000000000000000000000000000000025
:104b900000000000000000000000000000101000f5
:104ba000383800707000e0e000c0c101808303006d
:104bb0000707000e0e000707808303c0c101e0e075
:104bc0000070700038380010100000000000000075
:104bd00000000000000000000000000000000000d5
:104be00000000000000000008fc7038fc7038fc7bd
:104bf000038fc7030000000000000000008fc70300
:104c00008fc7038fc7038fc7030000000000000099
:104c100000008fc7038fc7038fc7038fc703000030
:104c2000000000000000000000008fc7038fc703d2
:104c30008fc7038fc7030000000000000000008f33
:104c4000c7038fc7038fc7038fc70300000000008f
:104c500000000000f0783cf0783cf0783cf0783cc4
:104c60008fc7038fc7038fc703ffff3ff0783cf068
:104c7000783cf0783c8fc7038fc7038fc703ffffd3
:104c80003ff0783cf0783cf0783c8fc7038fc70347
:104c90008fc7038fc703f0783cf0783cf0783cff77
:104ca000ff3f8fc7038fc7038fc703f0783cf078af
:104cb0003cf0783cffff3f8fc7038fc7038fc703cc
:104cc000ffff3fffff3fffff3fffff3f8fc7038f08
:104cd000c7038fc703ffff3fffff3fffff3ffffffc
:104ce0003f8fc7038fc7038fc703ffff3fffff3f00
:104cf000ffff3fffff3f8fc7038fc7038fc7038fa0
:104d0000c703ffff3fffff3fffff3fffff3f8fc78f
:104d1000038fc7038fc703ffff3fffff3fffff3f27
:104d2000ffff3f8fc7038fc7038fc703001c00001f
:104d30001c00001c00001c00001c00001c00001ccb
:104d400000001c00001c00001c00001c00001c00d7
:104d5000001c00001c00001c00001c00001c0000c7
:104d60001c00001c00001c00001c00001c00001c9b
:104d700000001c00001c00001c00001c00001c00a7
:104d8000001c00001c00001c00001c00001c000097
:104d90001c00001c00001c00001c00001c00001c6b
:104da00000001c00001c00001c00001c00001c0077
:104db000001c00001c00001c00001c00001c000067
:104dc0001c00001c00001c00ff1f00ff1f00ff1f35
:104dd00000001c00001c00001c00001c00001c0047
:104de000001c00001c00001c00001c00001c000037
:104df0001c00001c00001c00001c00001c00001c0b
:104e000000001c00007800003c00001e00000700ad
:104e1000000000001e00001f00003f00003f008057
:104e20003b00807b00c07100c0f100c0e100e0e009
:104e300000e0e00170c00170c003708003f8ff0360
:104e4000f8ff07f8ff071c000f1c000e1e001e0ec7
:104e5000001c0e001c0700380000000000000000cd
:104e60000000000000000000000000000000000042
:104e7000001f00803f00c07100e0e0000000000063
:104e80001e00001f00003f00003f00803b00807bb1
:104e900000c07100c0f100c0e100e0e000e0e0010e
:104ea00070c00170c003708003f8ff03f8ff07f8bb
:104eb000ff071c000f1c000e1e001e0e001c0e0023
:104ec0001c07003800000000000000000000000087
:104ed000000000000000000000000000c00300808f
:104ee0000700000f00001c00000000001e00001f53
:104ef00000003f00003f00803b00807b00c071004d
:104f0000c0f100c0e100e0e000e0e00170c001702d
:104f1000c003708003f8ff03f8ff07f8ff071c00c9
:104f20000f1c000e1e001e0e001c0e001c07003879
:104f30000000000000000000000000000000000071
:104f40000000000000000000000000000000803fa2
:104f500000e0ff00f0e0013880031800030c0006b9
:104f60000c3e068c7f06c67f0cc6430ce6010ce6a1
:104f7000000ce6000ce6000ce6000ce6010cc64353
:104f80000cc67f0c8c7f060c1e060c000618000356
:104f9000388003f0e001e0ff00803f0000000000e7
:104fa0000000000000000000000000000000000001
:104fb0000000000080e30080e30080e30080e30065
:104fc00080e30080e30080e30080e30080e3008072
:104fd000e30080e30080e30080e300ffe300ffe301
:104fe00000ffe30000e00000e00000e000ffe3005d
:104ff000ffe300ffe30080e30080e30080e3008044
:10500000e30080e30080e30080e30080e30080e3ce
:105010000080e30080e30080e30080e30080e300a1
:1050200080e30080e30080e30080e30080e3008011
:10503000e30080e30080e30080e30080e30080e39e
:105040000080e30080e30080e30080e30080e30071
:1050500080e30080e30080e30080e30080e30080e1
:10506000e30080e30080e30080e30080e30080e36e
:105070000080e30080e30080e30080e30080e30041
:1050800080e30080e30080e30080e3000000000094
:105090000000000000000000000000000000000010
:1050a0000000000000000000000000000000000000
:1050b000000000ffff00ffff00ffff0000e0000016
:1050c000e00000e000ffe300ffe300ffe30080e317
:1050d0000080e30080e30080e30080e30080e300e1
:1050e00080e30080e30080e30080e30080e3008051
:1050f000e30080e30080e30080e30080e30080e3de
:105100000080e30080e30080e30080e30080e300b0
:1051100080e30080e30080e30080e30080e300ffa1
:10512000e300ffe300ffe30000e00000e00000e038
:1051300000ffff00ffff00ffff0000000000000075
:10514000000000000000000000000000000000005f
:10515000000000000000000000000000000000004f
:1051600000000000000000000000000c00000c0027
:10517000000c00007f0080ff01e0ff01e08d01f0e6
:105180000c00700c00380c00380c00380c00380c87
:1051900000380c00380c00380c00780c00700c0043
:1051a000f00c00e08d01e0ff01c0ff01007f000076
:1051b0000c00000c00000c000000000000000000cb
:1051c00000000000000000000000000000000000df
:1051d0000000000000003e00383c001c78000e7803
:1051e0000007f08007f08003e0c101c0e300c0f3d6
:1051f00000807700803f00001f00001e00f0ff01cc
:10520000f0ff01000e00000e00000e00000e00f086
:10521000ff01f0ff01000e00000e00000e00000e66
:1052200000000e0000000000000000000000000070
:10523000000000000000000000000000000000006e
:10524000000000000000000000000000000000005e
:10525000000000000000000000000000000000004e
:10526000000000000000000000000000ff1f00ff21
:105270001f00ff1f00001c00001c00001c00001c81
:1052800000001c00001c00001c00001c00001c0092
:10529000001c00001c00001c00001c00001c000082
:1052a0001c00001c00001c00001c00001c00001c56
:1052b00000001c00001c00001c00001c00001c0062
:1052c000001c00001c00001c00001c00001c000052
:1052d0001c00001c00001c0000fc3f00fc3f00fc08
:1052e0003f0000000000000000000000000000007f
:1052f00000000000000000000000000000000000ae
:10530000000000000000000000000000000000009d
:1053100000000000001c00001c00001c00001c001d
:10532000001c00001c00001c00001c00001c0000f1
:105330001c00001c00001c00001c00001c00001cc5
:1053400000001c00ffff3fffff3fffff3f0000008a
:10535000000000000000000000000000000000004d
:10536000000000000000000000000000000000003d
:10537000000000000000000000000000000000002d
:10538000000000000000000000000000000000001d
:10539000000000000000000000000000000000000d
:1053a00000000000000000000000000000000000fd
:1053b000ffff3fffff3fffff3f001c00001c0000fe
:1053c0001c00001c00001c00001c00001c00001c35
:1053d00000001c00001c00001c00001c00001c0041
:1053e000001c00001c00001c00001c00001c000031
:1053f0001c00001c00001c00001c00001c00001c05
:1054000000001c00001c00001c00001c00001c0010
:10541000001c00001c00001c00001c0000fc3f00e1
:10542000fc3f00fc3f001c00001c00001c00001c96
:1054300000001c00001c00001c00001c00001c00e0
:10544000001c00001c00001c00001c00001c0000d0
:105450001c00001c00001c000000000000000000f8
:10546000000000000000000000000000000000003c
:10547000000000000000000000000000000000002c
:105480000000000000000000ffff3fffff3fffffa4
:105490003f000000000000000000000000000000cd
:1054a00000000000000000000000000000000000fc
:1054b00000000000000000000000000000000000ec
:1054c00000000000001c00001c00001c00001c006c
:1054d000001c00001c00001c00001c00001c000040
:1054e0001c00001c00001c00001c00001c00001c14
:1054f00000001c00ffff3fffff3fffff3f001c00bd
:10550000001c00001c00001c00001c00001c00000f
:105510001c00001c00001c00001c00001c00001ce3
:1055200000001c00001c00001c00001c00001c00ef
:10553000000000808701c0cf01e0fc00607800001f
:105540000000000000000000000000803f00f0ffad
:1055500000f0ff0070e00100c00100c00100c001c8
:1055600000c00180ff01e0ff01f0c00138c0011c54
:10557000c0011cc0011ce0013cf801f8bf0ff09f06
:105580000fe0070f00000000000000000000000016
:10559000000000000000000000000000808701c043
:1055a000df0160fe00607800000000001e00001fa8
:1055b00000003f00003f00803b00807b00c0710086
:1055c000c0f100c0e100e0e000e0e00170c0017067
:1055d000c003708003f8ff03f8ff07f8ff071c0003
:1055e0000f1c000e1e001e0e001c0e001c070038b3
:1055f00000000000000000000000000000000000ab
:10560000000000000000000080e30080e30080e371
:105610000080e30080e30080e30080e30080e3009b
:1056200080e30080e30080e30080e30080e300800b
:10563000e33f80e33f80e33f80030080030080037b
:105640000080ff3f80ff3f80ff3f00000000000020
:10565000000000000000000000000000000000004a
:10566000000000000000000000000000000000003a
:10567000000000000000000000000000000000002a
:10568000000000000000000000000000000000001a
:10569000000000000000000000000080ff3f80ffcd
:1056a0003f80ff3f80030080030080030080e33fd2
:1056b00080e33f80e33f80e30080e30080e30080fd
:1056c000e30080e30080e30080e30080e30080e308
:1056d0000080e30080e30080e30080e30080e300db
:1056e00080e30080e30080e30080e30080e300804b
:1056f000e30080e30080e30080e30080e30080e3d8
:105700000080e30080e300ffe33fffe33fffe33f70
:10571000000000000000000000ffff3fffff3fff10
:10572000ff3f00000000000000000000000000003b
:105730000000000000000000000000000000000069
:105740000000000000000000000000000000000059
:105750000000000000000000000000000000000049
:105760000000000000000000000000000000000039
:10577000000000ffff3fffff3fffff3f0000000072
:105780000000000000ffe33fffe33fffe33f80e353
:105790000080e30080e30080e30080e30080e3001a
:1057a00080e30080e30080e30080e30080e300808a
:1057b000e30080e30080e30080e30080e30080e317
:1057c0000080e30080e30080e30080e30080e300ea
:1057d00080e30080e30080e30080e30080e300805a
:1057e000e33f80e33f80e33f8003008003008003ca
:1057f0000080e33f80e33f80e33f80e30080e300fd
:1058000080e30080e30080e30080e30080e3008029
:10581000e30080e30080e30080e30080e30080e3b6
:105820000080e30000000000000000000000000015
:105830000000000000000000000000000000000068
:105840000000000000000000000000ffff3fffff1d
:105850003fffff3f000000000000000000ffff3f8f
:10586000ffff3fffff3f00000000000000000000be
:105870000000000000000000000000000000000028
:105880000000000000000000000000000000000018
:1058900080e30080e30080e30080e30080e3008099
:1058a000e30080e30080e30080e30080e30080e326
:1058b0000080e30080e300ffe33fffe33fffe33fbf
:1058c000000000000000000000ffe33fffe33fff97
:1058d000e33f80e30080e30080e30080e30080e3b7
:1058e0000080e30080e30080e30080e30080e300c9
:1058f00080e30080e30080e30080e300000000001c
:10590000000000000000000000000000000008008f
:10591000041c000e381e07f0ff03e0ff01e0e10168
:10592000f0c003708003708003708003708003f008
:10593000c003e0e101e0ff01f0ff03381e071c0097
:105940000e0800040000000000000000000000003d
:105950000000000000000000000000000000000047
:1059600000000000000000003c1000fc3900fc1f9b
:1059700000e00f00801f00e03f00f07c0020f800f6
:1059800000f00080ff01c0ff01f0ff03f0e00378aa
:1059900080073880071c00071c00071c00071c003c
:1059a000071c00071c00071c800738800378c00311
:1059b000f0e001f0ff00c07f00801f000000000049
:1059c00000000000000000000000000000000000d7
:1059d00000000000000000000000000000000000c7
:1059e000000000fc0f00fc7f00fcff001cf0011c0d
:1059f000c0031c80031c80031c80071c0007ff01e0
:105a000007ff0107ff01071c00071c00071c000718
:105a10001c80031c80031cc0031ce0011cf801fc5b
:105a2000ff00fc3f00fc0f00000000000000000031
:105a30000000000000000000000000000000000066
:105a4000003e00007f0080e300c0c101000000f0c4
:105a5000ff07f0ff07f0ff07700000700000700004
:105a600000700000700000700000700000f0ff0186
:105a7000f0ff01f0ff017000007000007000007086
:105a80000000700000700000700000f0ff0ff0ffd9
:105a90000ff0ff0f000000000000000000000000f9
:105aa000000000000000000000000000c08103c0f2
:105ab0008103c08103000000000000f0ff07f0ff39
:105ac00007f0ff0770000070000070000070000019
:105ad000700000700000700000f0ff01f0ff01f0a6
:105ae000ff01700000700000700000700000700086
:105af00000700000700000f0ff0ff0ff0ff0ff0fcc
:105b00000000000000000000000000000000000095
:105b10000000000000000000800700000f00001ed1
:105b200000003800000000f0ff07f0ff07f0ff075b
:105b300070000070000070000070000070000070c5
:105b40000000700000f0ff01f0ff01f0ff017000a5
:105b50000070000070000070000070000070000015
:105b6000700000f0ff0ff0ff0ff0ff0f00000000cb
:105b70000000000000000000000000000000000025
:105b80000000000000000000000000000000000015
:105b9000000000000000000000000000000000f80d
:105ba0001f00f81f00f81f00001c00001c00001c54
:105bb00000001c00001c00001c00001c00001c0059
:105bc000001c00001c00001c00001c00001c000049
:105bd0001c00001c00001c00000000000000000071
:105be00000000000000000000000000000000000b5
:105bf00000f000007800003c00000e00000000f8fb
:105c0000ff03f8ff03f8ff03000e00000e00000e74
:105c100000000e00000e00000e00000e00000e003e
:105c2000000e00000e00000e00000e00000e00002e
:105c30000e00000e00000e00000e00f8ff03f8ff3b
:105c400003f8ff0300000000000000000000000057
:105c5000000000000000000000000000001f0080a5
:105c60003f00c07100e0e000000000f8ff03f8ff13
:105c700003f8ff03000e00000e00000e00000e00ef
:105c8000000e00000e00000e00000e00000e0000ce
:105c90000e00000e00000e00000e00000e00000eb0
:105ca00000000e00000e00f8ff03f8ff03f8ff03ea
:105cb00000000000000000000000000000000000e4
:105cc0000000000000000000e0c001e0c001e0c0f2
:105cd00001000000000000f8ff03f8ff03f8ff03d5
:105ce000000e00000e00000e00000e00000e00006e
:105cf0000e00000e00000e00000e00000e00000e50
:105d000000000e00000e00000e00000e00000e004d
:105d1000000e00f8ff03f8ff03f8ff030000000087
:105d20000000000000000000000000000000000073
:105d300000000000001c00001c00001c00001c00f3
:105d4000001c00001c00001c00001c00001c0000c7
:105d50001c00001c00001c00001c00001c00001c9b
:105d600000001c00ff1f00ff1f00ff1f00000000bd
:105d70000000000000000000000000000000000023
:105d80000000000000000000000000000000000013
:105d90000000000000000000000000000000000003
:105da00000000000000000000000000000000000f3
:105db00000000000000000000000000000000000e3
:105dc00000000000000000000000000000000000d3
:105dd00000fc3f00fc3f00fc3f001c00001c0000da
:105de0001c00001c00001c00001c00001c00001c0b
:105df00000001c00001c00001c00001c00001c0017
:105e0000001c00001c00001c00001c00ffff3fffe6
:105e1000ff3fffff3fffff3fffff3fffff3fffff52
:105e20003fffff3fffff3fffff3fffff3fffff3f02
:105e3000ffff3fffff3fffff3fffff3fffff3fff32
:105e4000ff3fffff3fffff3fffff3fffff3fffff22
:105e50003fffff3fffff3fffff3fffff3fffff3fd2
:105e6000ffff3fffff3fffff3fffff3fffff3fff02
:105e7000ff3fffff3fffff3f00000000000000006a
:105e80000000000000000000000000000000000012
:105e90000000000000000000000000000000000002
:105ea0000000000000000000000000000000fffff4
:105eb0003fffff3fffff3fffff3fffff3fffff3f72
:105ec000ffff3fffff3fffff3fffff3fffff3fffa2
:105ed000ff3fffff3fffff3fffff3fffff3fffff92
:105ee0003fffff3f001c00001c00001c00001c00c6
:105ef000001c00001c00001c00001c00001c000016
:105f00001c00001c00001c00001c00000000000021
:105f10000000000000000000000000000000000081
:105f2000001c00001c00001c00001c00001c0000e5
:105f30001c00001c00001c00001c00001c00001cb9
:105f400000001c00001c0000000000000000000019
:105f5000c00300800700000f00001c00000000f8d4
:105f6000ff03f8ff03f8ff03000e00000e00000e11
:105f700000000e00000e00000e00000e00000e00db
:105f8000000e00000e00000e00000e00000e0000cb
:105f90000e00000e00000e00000e00f8ff03f8ffd8
:105fa00003f8ff03000000000000000000000000f4
:105fb000000000000000000000000000ffff3fffa5
:105fc000ff3fffff3fffff3fffff3fffff3fffffa1
:105fd0003fffff3fffff3fffff3fffff3fffff3f51
:105fe000ffff3fffff3fffff3fffff3fffff3fff81
:105ff000ff3f000000000000000000000000000063
:106000000000000000000000000000000000000090
:106010000000000000000000000000000000000080
:10602000000000000000000000f000007800003ccc
:1060300000000e00000000803f00e0ff00f0ff01c4
:10604000f8e0033880031c00071c00071e000f0e39
:10605000000e0e000e0e000e0e000e0e000e0e00b4
:106060000e0e000e1e000f1c00071c0007388003d8
:10607000f8e003f0ff01e0ff00803f0000000000b7
:106080000000000000000000000000000000000010
:1060900000000000c00f00e03f00f07f00787800b3
:1060a00038700038700038700038380038380038e0
:1060b0001c00381c00380e00380e00381e00383e18
:1060c00000387c0038f80038f00138c00338800709
:1060d00038000f38000e38000e38000e38060f3822
:1060e000fe0738fe0338f801000000000000000041
:1060f00000000000000000000000000000000000a0
:10610000001f00803f00c07100e0e0000000008040
:106110003f00e0ff00f0ff01f8e0033880031c00bf
:10612000071c00071e000f0e000e0e000e0e000ec4
:106130000e000e0e000e0e000e0e000e1e000f1ca6
:1061400000071c0007388003f8e003f0ff01e0ffc0
:1061500000803f0000000000000000000000000080
:10616000000000000000000000000000c0030080ec
:106170000700000f00001c00000000803f00e0ff4f
:1061800000f0ff01f8e0033880031c00071c000743
:106190001e000f0e000e0e000e0e000e0e000e0e54
:1061a000000e0e000e0e000e1e000f1c00071c003d
:1061b00007388003f8e003f0ff01e0ff00803f00b4
:1061c00000000000000000000000000000000000cf
:1061d0000000000000000000000000808701c0cf28
:1061e00001e0fc00607800000000000000000000fa
:1061f000000000803f00e0ff00f0ff01f0e00178c8
:10620000c0033880031c00071c00071c00071c008b
:10621000071c00071c00071c000738800378c00318
:10622000f0e001f0ff01e0ff00803f00000000000f
:10623000000000000000000000000000000000005e
:1062400000000000808701c0df0160fe0060780070
:10625000000000803f00e0ff00f0ff01f8e003389d
:1062600080031c00071c00071e000f0e000e0e000e
:106270000e0e000e0e000e0e000e0e000e0e000e84
:106280001e000f1c00071c0007388003f8e003f015
:10629000ff01e0ff00803f00000000000000000060
:1062a00000000000000000000000000000000000ee
:1062b00000000000000000000000000000000000de
:1062c000000000000000000000000038800338805b
:1062d0000338800338800338800338800338800314
:1062e00038800338800338800338800338800338cf
:1062f000800378c00378e003f8f103f8bf03b8bf68
:1063000003380f073800003800003800003800005c
:106310003800003800003800000000003800003865
:106320000000380000380000380000380000380055
:1063300000380000380000387c0038ff00b8ff014a
:10634000f8c103f880037880073800073800073861
:106350000007380007380007380007380007388082
:106360000378c003f8e101f8ff01b8ff00383e00f0
:1063700038000038000038000038000038000038cd
:1063800000003800000000000000000000000000d5
:1063900000000000000000700000700000700000ad
:1063a000700000700000f0ff00f0ff03f0ff0770c6
:1063b000800770000f70000e70000e70000e7000ed
:1063c0000e70000770c007f0ff03f0ff00f03f0001
:1063d00070000070000070000070000000000000fd
:1063e00000000000000000000000000000000000ad
:1063f0000000000000f000007800003c00000e00eb
:106400000000003800073800073800073800073858
:106410000007380007380007380007380007380041
:10642000073800073800073800073800073800072a
:10643000380007380007788007708003f0e003e039
:10644000ff01c0ff00003f0000000000000000004e
:10645000000000000000000000000000000000003c
:10646000001f00803f00c07100e0e0000000003825
:1064700000073800073800073800073800073800e1
:1064800007380007380007380007380007380007ca
:106490003800073800073800073800073800073889
:1064a0000007788007708003f0e003e0ff01c0ff81
:1064b00000003f000000000000000000000000009d
:1064c0000000000000000000000000008007000045
:1064d0000f00001e000038000000003800073800e0
:1064e000073800073800073800073800073800076a
:1064f0003800073800073800073800073800073829
:106500000007380007380007380007380007788090
:1065100007708003f0e003e0ff01c0ff00003f00d0
:10652000000000000000000000000000000000006b
:10653000000000000000000000e00100f000007812
:1065400000003800001c00000e00000000000000e9
:106550000000001e001c1c000e1c000e3800073836
:106560000007708003708003f08003e0c001e0c189
:1065700001c0e100c0e300807300807300003f00b1
:10658000003f00001e00001e00000e00000e000074
:106590000700800700c00300fc0300fc01007c0032
:1065a0000000000000f000007800003c00000e0039
:1065b0000000001e003c3c001c78000e78000ff02c
:1065c0000007e08003e0c103c0c30180e30080f75f
:1065d00000007f00003e00003e00001c00001c0088
:1065e000001c00001c00001c00001c00001c00001f
:1065f0001c00001c00001c00000000000000000047
:10660000000000000000000000000000000000008a
:10661000ffff3fffff3fffff3f00000000000000c3
:10662000000000000000000000000000000000006a
:10663000000000000000000000000000000000005a
:10664000000000000000000000000000000000004a
:10665000000000000000000000000000000000003a
:10666000000000000000000000000000000000002a
:10667000000000000000000000000000003c0000de
:106680001e00000f0080030000000000000000005a
:1066900000000000000000000000000000000000fa
:1066a00000000000000000000000000000000000ea
:1066b00000000000000000000000000000000000da
:1066c00000000000000000000000000000000000ca
:1066d00000000000000000000000000000000000ba
:1066e00000000000000000000000000000000000aa
:1066f000000000000000000000000000000000009a
:106700000000000000000000000000000000000089
:106710000000000000f0ff03f0ff03f0ff030000a3
:106720000000000000000000000000000000000069
:106730000000000000000000000000000000000059
:106740000000000000000000000000000000000049
:106750000000000000000000000000000000000039
:106760000000000000000000000000000000000029
:106770001c00001c00001c00001c00001c00fcff92
:106780001ffcff1ffcff1f001c00001c00001c0062
:10679000001c00001c00000000000000000000fcc5
:1067a000ff1ffcff1ffcff1f000000000000000097
:1067b00000000000000000000000000000000000d9
:1067c00000000000000000000000000000000000c9
:1067d00000000000000000000000000000000000b9
:1067e00000000000000000000000000000000000a9
:1067f0000000000000000000000000000000000099
:106800000000000000000000000000000000000088
:1068100000000000ffff3fffff3f000000000000fe
:10682000000000ffff3fffff3f00000000000000ee
:106830000000fe0038fe011c82030e80030ec00122
:1068400007fc80037cc003e0c10180e3008073008b
:10685000c27300fe3900fe1c0f009c0f00ce0f001b
:10686000e70e00670e80330ec0190ee00d0ee0fc3f
:106870003f70fc3f38000e38000e1c000e0e000e5c
:106880000000000000000000000000000000000008
:106890000000000000000000000000000000e0ff19
:1068a00003f8ff03f80703fc0703fc0703fc0703d7
:1068b000fc0703fc0703fc0703f80703f00703e0ea
:1068c0000703800703000603000603000603000613
:1068d0000300060300060300060300060300060388
:1068e000000603000603000603000603000603007b
:1068f0000603000603000603000603000000000074
:106900000000000000000000000000ff00c0ff01c8
:10691000e0ff01e08101700000700000700000f0f5
:106920000000e00300e00f00c03f00c07f00e0f87f
:106930000170e00170c003708003f08003f08103f8
:10694000e08301c0df0180ff0000fe0000f80100cd
:10695000e00100c003008003008003108003f0e02a
:1069600001f0ff01f0ff00803f0000000000000088
:106970000000000000000000000000000000000017
:106980000000000000000000000000001e00001ecb
:1069900000001e00001e00000000000000000000bb
:1069a000000000fcff1ffcff1ffcff1f0000000099
:1069b0000000000000000000001e00001e00001e7d
:1069c00000001e00000000000000000000000000a9
:1069d00000000000000000000000000000000000b7
:1069e00000000000000000000000000000000000a7
:1069f0000000000000000000000000000000000097
:106a00000000000000000000000000000000000086
:106a10000000000000000000000000000000000076
:106a20000000000000000000000000000000000066
:106a3000000c00000400001e000038000070000080
:106a40007000003f00001f00000000000000000f69
:106a500000801f00c03900c03000c03000c03900c5
:106a6000801f00000f000000000000000000000078
:106a70000000000000000000000000000000000016
:106a80000000000000000000000000000000000006
:106a900000000000000000000000000000000000f6
:106aa00000000000000000000000000000000000e6
:106ab00000000000e0c001e0c001e0c001000000f3
:106ac00000000000000000000000000000000000c6
:106ad00000000000000000000000000000000000b6
:106ae00000000000000000000000000000000000a6
:106af0000000000000000000000000000000000096
:106b00000000000000000000000000000000000085
:106b10000000000000000000000000000000000075
:106b20000000000000000000000000000000000065
:106b30000000000000000000000000000000000055
:106b40000000000000000000000000000000000045
:106b5000001e00001e00001e00001e0000000000bd
:106b60000000000000000000000000000000000025
:106b70000000000000000000000000000000000015
:106b80000000000000000000000000000000000005
:106b90000000c00f00c00f00000e00000e00000e2d
:106ba00000000e00000e00000e00000e00000e009f
:106bb000000e00000e00000e0000000000000000ab
:106bc00000000000000000000000000000000000c5
:106bd00000000000000000000000000000000000b5
:106be00000000000000000000000000000000000a5
:106bf0000000000000000000000000000000807f96
:106c000000c0ff01c0c00100c00100e000007f0023
:106c1000007f0000e00000c00100c001c0e001c032
:106c2000ff00803f000000000000000000000000a6
:106c30000000000000000000000000000000000054
:106c40000000000000000000000000000000000044
:106c50000000000000000000000000000000000034
:106c600000000000000000000000c03f00e07f00c6
:106c700060f00000e00000e00000f000007800009c
:106c80001e00800700c00300e00000e0ff00e0fffe
:106c900000000000000000000000000000000000f4
:106ca00000000000000000000000000000000000e4
:106cb00000000000000000000000000000000000d4
:106cc00000000000000000000000000000000000c4
:106cd00000000000000000000000000000000000b4
:106ce0000000000000000000000000feff1ffeff8b
:106cf0001ffeff1ffeff1ffeff1ffeff1ffeff1fe9
:106d0000feff1ffeff1ffeff1ffeff1ffeff1ffef9
:106d1000ff1ffeff1ffeff1ffeff1ffeff1ffeffe8
:106d20001ffeff1f00000000000000000000000028
:106d30000000000000000000000000000000000053
:106d40000000000000000000000000000000000043
:106d50000000000000000000000000000000000033
:106d60000000000000000000000000000000000023
:106d70000000000000000000000000000000000013
:106d80000000000000000000000000000000000003
:106d900000000000000000000000000000000000f3
:106da00000000000000000000000000000000000e3
:106db00000000000000000000000000000000000d3
:106dc00000000000000000000000000000000000c3
:106dd00000000000000000000000000000000000b3
:106de00000000000000000000000e007300c081068
:106df000642666660240024012481248366c24241b
:106e0000c813300ce0070000000000000000000084
:106e10000000000000000000000000000000e0078b
:106e2000f00ff81ffc3f9e799e79fe7ffe7fee7784
:106e3000ee77dc3b381cf00fe0070000000000009c
:106e400000000000000000003c3c7e7efe7fffff53
:106e5000fffffffffffffffffffffe7ffe7ffc3f07
:106e6000fc3ff81ff00ff00fe007c00380010000a7
:106e70000000000000000000000000008000800111
:106e8000c001e003e007f00ff81ffc3ffe7fffffab
:106e9000fe7ffc3ff81ff00fe007e003c001800118
:106ea0008000000000000000000000000000000062
:106eb000c003e007f00ff00ff00ff00fe007fc3f0a
:106ec000fe7ffffffffffffffe7f9c3980018001f7
:106ed000c003c003c0030000000000000000000069
:106ee00000000000000180018003c007e00ff00fe8
:106ef000f81ffc3ffe7ffefffffffffffffffe7f4f
:106f00009c3980018001c003c00300000000000024
:106f10000000000000000000000000000000000071
:106f20000000000000000000000000000000000061
:106f30000000000000000000000000000000000051
:106f40000000000000000000000000000000000041
:106f50000000000000000000000000000000000031
:106f60000000000000000000000000000000000021
:106f70000000000000000000000000000000000011
:106f80000000000000000000000000000000000001
:106f900000000000000000000000000000000000f1
:106fa00000000000000000000000000000000000e1
:106fb00000000000000000000000000000000000d1
:106fc00000000000000000000000000000000000c1
:106fd00000000000000000000000000000000000b1
:106fe00000000000000000000030007f007f0078fb
:106ff00000cc00cef007fc070e0e060c0318031899
:10700000031803180318060c0e0efc07f00100000d
:10701000000000000000000000000000c007f01f9a
:10702000383818300c600c600c600c601c60183034
:107030007838f01fc00f00030003e01fe01f0003bb
:10704000000300000000000000000000000000003d
:107050000000000000000000000000000000000030
:107060000000000000000000000000000000000020
:107070000000000000000000000000000000000010
:107080000000000000400070007e807fe047e0418b
:1070900020402040204020402040204020402040f0
:1070a0002078207c207e203e3c1c3e003f001f00bc
:1070b0000e00000000000000000000000000800141
:1070c0008811dc3bf81f300c18181e781e78181831
:1070d000300cf81fdc3b881180010000000000002c
:1070e00000000000000000000000000000000000a0
:1070f0000000000002000e003e00fe00fe01fe0740
:10710000fe1ffe7ffe1ffe07fe01fe003e000e007a
:10711000020000000000000000000000000000006d
:10712000000000000000000000400070007c007fb4
:10713000807fe07ff87ffe7ff87fe07f807f007fa9
:10714000007c007000400000000000000000000013
:107150000000000080018001c003e007b00d800145
:107160008001800180018001800180018001800117
:107170008001800180018001b00de007c003800123
:107180008001000000000000701c701c701c701c4e
:10719000701c701c701c701c701c701c701c701c8f
:1071a000701c701c00000000701c701c701c000023
:1071b000000000000000000000000000f81ffc1f9d
:1071c000fe18fe18fe18fe18fe18fc18f818f01825
:1071d000c018c018c018c018c018c018c018c018ef
:1071e000c018c018c018c018c01800000000000067
:1071f000c01ff01f7810380038007800f001e00759
:10720000f00f301e383c38387838f019e00f800f16
:10721000001e003c00380038183cf81fe007000052
:10722000000000000000000000000000000000005e
:10723000fe7ffe7ffe7ffe7ffe7f000000000000dd
:10724000000000000000000000000000000000003e
:1072500000000000000080018001c003e007b00dc5
:107260008001800180018001800180018001800116
:107270008001800180018001b00de007c003800122
:1072800080010000f00ff00f00000000800180017d
:10729000c003e007b00d8001800180018001800102
:1072a00080018001800180018001800180018001d6
:1072b0008001800180018001800100000000000049
:1072c00080018001800180018001800180018001b6
:1072d00080018001800180018001800180018001a6
:1072e00080018001b00de007c00380018001000033
:1072f000000000000000000000000000000000008e
:1073000000000004000c0018fe7ffe7f0018000c37
:107310000004000000000000000000000000000069
:10732000000000000000000000000000000000005d
:10733000000000000000200030001800fe7ffe7feb
:1073400018003000200000000000000000000000d5
:10735000000000000000000000000000000000002d
:1073600000000000000006000600060006000600ff
:107370000600060006000600060006000600fe7f66
:10738000fe7f000000000000000000000000000080
:1073900000000000000000000000000000002004c9
:1073a000300c1818fe7ffe7f1818300c20040000e7
:1073b00000000000000000000000000000000000cd
:1073c00000000000000000000000000000010001bb
:1073d00080038003c003c007e007e00ff00ff01f39
:1073e000f81ff81ffc3ffc3ffe7f0000000000007c
:1073f000000000000000000000000000000000008d
:10740000fe7ffc3ffc3ff81ff81ff01ff00fe00f5e
:10741000e007c007c00380038003000100010000f3
:10742000000000000000000000000000000000005c
:10743000000000000000000000000000000000004c
:10744000000000000000000000000000000000003c
:10745000000000000000000000000000000000002c
:107460008003800380038003800380038003800304
:1074700080038003800380038003800300000000fa
:107480008003800380030000000000000000000073
:107490000000380e380e380e380e380e1004100466
:1074a00000000000000000000000000000000000dc
:1074b00000000000000000000000000000000000cc
:1074c000000000000000000080318031c018c018aa
:1074d000c018c018fc7ffc7f600c60063006fe3fc1
:1074e000fe3f18031803180318038c018c010000d9
:1074f000000000000000000000030003c01ff03f78
:1075000070233803380338037803f003e00380075f
:10751000001f001f003b003b003b003b181bf81ff7
:10752000e00f000300030000000000000000000066
:107530003cc06660c330c318c318c30cc3066603df
:107540003c038001c03cc06660c330c318c318c38d
:107550000cc30666033c00000000000000000000b1
:1075600000000000e003f007380e380e380e380631
:107570007007f001f800fce0cee1c7e3876307671e
:10758000077e0f3e1e3cfc7ff0f300000000000071
:10759000000000000000c001c001c001c001c00126
:1075a00080008000000000000000000000000000db
:1075b00000000000000000000000000000000000cb
:1075c000000000000000000000000018001e000f76
:1075d0008003c001e000e000e00070007000700077
:1075e00070007000700070007000e000e000e000cb
:1075f000c0018003000f001e0018000000000c00f6
:107600003c007800e000c001800380038003000795
:1076100000070007000700070007000700078003b6
:1076200080038003c001e00078003c000c000000f3
:1076300000000000800380038003981b7c3e300c18
:107640004002e007700e381c20040000000000001b
:10765000000000000000000000000000000000002a
:10766000000000000000000000000000000000001a
:107670000000800180018001800180018001fe7f87
:10768000fe7f800180018001800180018001000077
:1076900000000000000000000000000000000000ea
:1076a00000000000000000000000000000000000da
:1076b00000000000000000000000c003c003c00381
:1076c000c003000380038001c00000000000000030
:1076d00000000000000000000000000000000000aa
:1076e00000000000f81ff81f00000000000000006c
:1076f000000000000000000000000000000000008a
:107700000000000000000000000000000000000079
:107710000000000000000000000000000000000069
:107720000000c003c003c003c0030000000000004d
:107730000000000000000060003000300018001859
:10774000000c000c0006000600030003800180010d
:10775000c000c00060006000300030001800180059
:107760000c000c000600000000000000e003f00721
:10777000380e1c1c1c1c0e380e380e380e380e38f5
:107780000e380e380e380e381c1c1c1c380ef00734
:10779000e003000000000000000000000000000006
:1077a0000003e003fc038c03800380038003800359
:1077b00080038003800380038003800380038003b1
:1077c0008003fc7ffc7f0000000000000000000040
:1077d00000000000f003fc070c0e001c001c001c45
:1077e000001c000e000e00078003c001e0007000c6
:1077f000300038001c00fc1ffc1f000000000000cf
:107800000000000000000000f003f80f081e001c3c
:10781000001c001c000c0006e003e007000f001e27
:10782000001c001c001c001e080ff807f8030000d5
:10783000000000000000000000000000000e000f2b
:10784000800f800fc00ee00e600e300e180e180e66
:107850000c0e060efe7ffe7f000e000e000e000ec8
:10786000000e00000000000000000000000000000a
:10787000f03ff03ff03f300030003000300030008b
:10788000f003f00f001e003c003800380038003cc8
:10789000101ef00ff00300000000000000000000c8
:1078a00000000000801fe03ff0207000380038002a
:1078b0001c009c0fdc1f7c3c3c781c701c701c70f6
:1078c000387038387038f01fc00700000000000022
:1078d0000000000000000000f83ff83ff83f0018eb
:1078e0000018000c000c000600020003800180015b
:1078f000c000c00060006000700030003000000078
:10790000000000000000000000000000c007f00fb1
:10791000781e381c381c381c780cf00fe003f00f70
:10792000381f181e1c3c1c381c381c38381cf00f23
:10793000e007000000000000000000000000000060
:10794000c007f01f381c38381c381c701c701c70a5
:107950003c78787cf077e073007000380038001cc9
:10796000081ef80ff00300000000000000000000f7
:107970000000000000000000000000000000c00344
:10798000c003c003c00300000000000000000000ae
:107990000000c003c003c003c003000000000000db
:1079a00000000000000000000000000000000000d7
:1079b0000000c003c003c003c003000000000000bb
:1079c000000000000000c003c003c003c0030003a8
:1079d00080038001c00000000000000000000000e3
:1079e00000000000000000400070003c000fc003d9
:1079f000f0003c003c00f000c003000f003c0070b1
:107a00000040000000000000000000000000000036
:107a10000000000000000000000000000000000066
:107a2000fe7ffe7f000000000000fe7ffe7f000062
:107a30000000000000000000000000000000000046
:107a40000000000000000000000000000000020034
:107a50000e003c00f000c003000f003c003c000f93
:107a6000c003f0003c000e00020000000000000017
:107a70000000000000000000f807fc1f0c3c0c3860
:107a800000380038001c001e000f80078003c00172
:107a9000c001c00100000000c001c001c001000021
:107aa000000000000000000000000000c00fe01f08
:107ab000703818301c3e0c318e31c630c630c63896
:107ac000c638c63cc6348ef78cf31c003808f00f5d
:107ad000c0070000000000000000000000000000df
:107ae000000000000000c001c003e0036007600761
:107af0007006300e380e381c181cfc3ffc3f0e3848
:107b00000e700e7007e00000000000000000000092
:107b100000000000000000000000fc07fc0f1c1e1d
:107b20001c1c1c1c1c0efc07fc071c1e1c3c1c38cf
:107b30001c381c381c3cfc1ffc0700000000000027
:107b40000000000000000000000000000000c01f56
:107b5000f03f78303c001c000e000e000e000e00be
:107b60000e000e001c003c007820f03fc01f0000fb
:107b70000000000000000000000000000000000005
:107b80000000fc07fc0f1c3c1c381c781c701c708f
:107b90001c701c701c701c701c381c381c1efc0fc8
:107ba000fc030000000000000000000000000000d6
:107bb000000000000000f83ff83f380038003800af
:107bc00038003800f81ff81f380038003800380037
:107bd0003800f87ff87f000000000000000000007f
:107be00000000000000000000000f87ff87f38006f
:107bf0003800380038003800f83ff83f38003800c7
:107c0000380038003800380038000000000000005c
:107c10000000000000000000000000000000c01f85
:107c2000f03f78303c001c000e000e000e000e3fae
:107c30000e3f0e381c383c387838f03fc01f00002b
:107c40000000000000000000000000000000000034
:107c500000001c381c381c381c381c381c381c38d8
:107c6000fc3ffc3f1c381c381c381c381c381c38a6
:107c70001c380000000000000000000000000000b0
:107c8000000000000000fc1ffc1fc001c001c0017b
:107c9000c001c001c001c001c001c001c001c001dc
:107ca000c001fc1ffc1f00000000000000000000dd
:107cb00000000000000000000000f80ff80f000ea8
:107cc000000e000e000e000e000e000e000e000e44
:107cd000000e000e0407fc03fc0100000000000081
:107ce00000000000000000000000000000001c7800
:107cf0001c3c1c1e1c0f1c079c03dc01fc00dc014f
:107d0000dc039c071c0f1c1e1c3c1c781cf800008c
:107d10000000000000000000000000000000000063
:107d200000003800380038003800380038003800cb
:107d30003800380038003800380038003800f83f84
:107d4000f83f0000000000000000000000000000fc
:107d50000000000000000e381e3c1e3c1e3c363663
:107d600036363636663266336633c631c631c6318c
:107d70000630063006300000000000000000000061
:107d8000000000000000000000001c301c303c30ef
:107d90007c307c30fc30ec31cc31cc338c370c3f38
:107da0000c3e0c3e0c3c0c380c380000000000006f
:107db0000000000000000000000000000000e007dc
:107dc000f00f381c1c381c380e700e700e700e70c0
:107dd0000e700e701c381c38381cf00fe0070000c5
:107de0000000000000000000000000000000000093
:107df0000000f81ff83f38783870387038703878dd
:107e0000383cf81ff80738003800380038003800d0
:107e1000380000000000000000000000000000002a
:107e2000000000000000e007f00f381c1c381c3870
:107e30000e700e700e700e700e700e701c381c38a6
:107e4000381cf00fe007001e007800f00040000032
:107e500000000000000000000000fc07fc0f1c1eda
:107e60001c1c1c1c1c1c1c0efc07fc039c071c0778
:107e70001c0f1c1e1c3c1c381c780000000000005d
:107e80000000000000000000000000000000e00f03
:107e9000f81f3c181c001c003c00f800f007c01f35
:107ea000003e0038003800380c1cfc1ff0070000b2
:107eb00000000000000000000000000000000000c2
:107ec0000000ff7fff7fc001c001c001c001c001f1
:107ed000c001c001c001c001c001c001c001c0019a
:107ee000c0010000000000000000000000000000d1
:107ef0000000000000001c701c701c701c701c70c6
:107f00001c701c701c701c701c701c701c703c78e9
:107f10003838f01fe00f00000000000000000000f3
:107f20000000000000000000000007e00e700e706e
:107f30001c701c383c383838381c701c700ce00e33
:107f4000e00ee007c007c00780030000000000004b
:107f5000000000000000000000000000000003c05e
:107f600003c007c08661c663c663c663c6634e7638
:107f70006c366c366c362c3e3c3c3c1c3c1c000089
:107f800000000000000000000000000000000000f1
:107f900000001ee03c707838781cf00ee007c0034b
:107fa000c003c007e007600f301e183c1c380e7875
:107fb00007f00000000000000000000000000000ca
:107fc00000000000000007e00e701c301c18381c78
:107fd000780e7007e003e003c001c001c001c001da
:107fe000c001c001c001000000000000000000004e
:107ff00000000000000000000000fc3ffc3f0038d3
:10800000001c000e000780038001c000e00070002b
:1080100038001c000e00fe3ffe3f00000000000084
:10802000000000000000c03fc03fc001c001c0010f
:10803000c001c001c001c001c001c001c001c00138
:10804000c001c001c001c001c001c001c001c00128
:10805000c001c03fc03f0000000006000c000c0043
:10806000180018003000300060006000c000c00040
:10807000800180010003000300060006000c000cd4
:108080000018001800300030006000000000fc0301
:10809000fc0380038003800380038003800380034c
:1080a00080038003800380038003800380038003b8
:1080b00080038003800380038003fc03fc03000033
:1080c000000000000001000180038003c003c0061f
:1080d000e006600c300c3018181818180c300c30f2
:1080e000066000000000000000000000000000002a
:1080f0000000000000000000000000000000000080
:10810000000000000000000000000000000000006f
:108110000000000000000000000000000000ffff61
:10812000ffff000000000000c00180030007000006
:10813000000000000000000000000000000000003f
:10814000000000000000000000000000000000002f
:10815000000000000000000000000000000000001f
:1081600000000000000000000000e007f80f181eeb
:10817000001c001ce01ff01f381c1c1c1c1c1c1cbd
:108180003c1ef87bf07800000000000000000000ba
:1081900000001c001c001c001c001c001c009c0794
:1081a000dc1f7c1c3c381c381c381c381c381c3824
:1081b0001c381c1c3c1efc0fcc07000000000000fb
:1081c00000000000000000000000000000000000af
:1081d0000000c01ff03f782038001c001c001c006d
:1081e0001c001c003c003800f820f03fc01f0000bd
:1081f000000000000000000000000070007000702f
:10820000007000700070c073f07f787c38701c7054
:108210001c701c701c701c701c703c78387cf077d3
:10822000e0730000000000000000000000000000fb
:1082300000000000000000000000c007f00f781ce4
:1082400038381c381c38fc3ffc3f1c001c00380030
:108250007820f03fc01f0000000000000000000078
:10826000000000ff80ffc003c001c001c001fc7f0f
:10827000fc7fc001c001c001c001c001c001c0013c
:10828000c001c001c001c001c00100000000000029
:1082900000000000000000000000000000000000de
:1082a0000000c073f07f787c38701c701c701c70ec
:1082b0001c701c701c703c78387cf077e073007088
:1082c0000038183cf81ff00700001c001c001c00c0
:1082d0001c001c001c001c0fdc1f7c3c3c381c38a4
:1082e0001c381c381c381c381c381c381c381c38ee
:1082f0001c380000000000000000000000008003a7
:1083000080038003000000000000fc03fc038003e6
:108310008003800380038003800380038003800345
:1083200080038003800300000000000000000000c4
:108330000000000e000e000e000000000000f80f0c
:10834000f80f000e000e000e000e000e000e000ec4
:10835000000e000e000e000e000e000e000e0407b0
:10836000fc07f801000038003800380038003800f9
:108370003800383c381e380e380fb807b803f803f9
:10838000b803b807380f380e381e383c387800006c
:1083900000000000000000000000f807f8070007d8
:1083a0000007000700070007000700070007000795
:1083b0000007000700070007000700070007000785
:1083c00000070000000000000000000000000000a6
:1083d00000000000000000000000ce31ee79fe7fba
:1083e0009e779e738e738e738e738e738e738e7361
:1083f0008e738e738e73000000000000000000007a
:1084000000000000000000000000000000001c0f41
:10841000dc1f7c3c3c381c381c381c381c381c3891
:108420001c381c381c381c381c38000000000000a8
:10843000000000000000000000000000000000003c
:108440000000e003f80f3c1e1c1c0e380e380e38de
:108450000e380e380e381c1c3c1ef80fe0030000ce
:10846000000000000000000000000000000000000c
:108470000000000000009c07dc1f7c1c3c381c38fe
:108480001c381c381c381c381c381c1c3c1efc0fab
:108490009c071c001c001c001c001c0000000000ad
:1084a00000000000000000000000e039f83f3c3e02
:1084b0001c380e380e380e380e380e380e381e3c6a
:1084c0001c3ef83bf03800380038003800380038df
:1084d0000000000000000000000000000000703eee
:1084e000703ff031f030700070007000700070006c
:1084f000700070007000700070000000000000004c
:10850000000000000000000000000000000000006b
:108510000000e00ff01f781038003800f801f00775
:10852000801f003c00380038183cf81ff00700009e
:10853000000000000000000000000000000000003b
:108540000000e000e000fc3ffc3fe000e000e00055
:10855000e000e000e000e000e000e000e001c03ffb
:10856000803f00000000000000000000000000004c
:10857000000000000000000000001c381c381c38ff
:108580001c381c381c381c381c381c381c381c3c47
:108590003c3ef83bf0380000000000000000000006
:1085a00000000000000000000000000000001e703d
:1085b0001c381c383c383818381c701c700ce00e05
:1085c000e00ee006c007c0078003000000000000c6
:1085d000000000000000000000000000000000009b
:1085e000000003c087c38743c663c66346626e66e6
:1085f0006e266c362c363c3c3c3c3c1c181c000067
:10860000000000000000000000000000000000006a
:108610000000000000001e303c18780c700ef006c0
:10862000e003c003c003e007700f300e381e1c3c8f
:108630000e780000000000000000000000000000b4
:10864000000000000000000000001e701c301c38fc
:108650003818381c781c700ef00ee007e007c003d5
:10866000c003c0018001c001c000e0007c003c00ec
:108670000000000000000000000000000000fc3fbf
:10868000fc3f0038001c000e00078003c001e00022
:10869000700038001c00fc3ffc3f000000000000a0
:1086a000000000000000001f801fc003c001c001c7
:1086b000c0018003800380038003c001f800f8003c
:1086c000c0018003800380038003c001c001c0019a
:1086d000c003801f001f0000000080018001800196
:1086e0008001800180018001800180018001800182
:1086f0008001800180018001800180018001800172
:1087000080018001800180018001000000007c0068
:10871000fc00e001c001c001c001e000e000e00099
:10872000e000c001800f800fc001e000e000e00029
:10873000e000c001c001c001e001fc007c000000bd
:108740000000000000000000000000000000000029
:1087500000000000000000007860fc63c63f061eb9
:108760000000000000000000000000000000000009
:108770000000000000000000000000000000f80ff2
:108780000808080808080808080808080808080869
:10879000080808080808080808080808f80f000072
:1087a00000000000000000000000000000000000c9
:1087b0000000c01ff03f78303c001c000e000e008f
:1087c0000e000e000e000e001c003c007820f03f52
:1087d000c01f00020007000c000c80070000000012
:1087e000000030063006000000001c381c381c3821
:1087f0001c381c381c381c381c381c381c381c3cd5
:108800003c3ef83bf0380000000000000000000093
:108810000000000c00060003800100000000c007fb
:10882000f00f781c38381c381c38fc3ffc3f1c000b
:108830001c0038007820f03fc01f0000000000003e
:10884000000000000000c00160033006180c0000aa
:108850000000e007f80f181e001c001ce01ff01fae
:10886000381c1c1c1c1c1c1c3c1ef87bf0780000d7
:108870000000000000000000000000000000600c8c
:10888000600c00000000e007f80f181e001c001c20
:10889000e01ff01f381c1c1c1c1c1c1c3c1ef87b01
:1088a000f078000000000000000000000000300030
:1088b0006000c000800100000000e007f80f181ef3
:1088c000001c001ce01ff01f381c1c1c1c1c1c1c66
:1088d0003c1ef87bf0780000000000000000000063
:1088e000c001200220022002c00100000000e007b9
:1088f000f80f181e001c001ce01ff01f381c1c1c69
:108900001c1c1c1c3c1ef87bf078000000000000c2
:108910000000000000000000000000000000000057
:108920000000c01ff03f782038001c001c001c0015
:108930001c001c003c003800f820f03fc01f000164
:10894000800300060006c0030000c001600330067b
:10895000180c00000000c007f00f781c38381c38d5
:108960001c38fc3ffc3f1c001c0038007820f03f06
:10897000c01f000000000000000000000000000018
:108980000000600c600c00000000c007f00f781cb5
:1089900038381c381c38fc3ffc3f1c001c003800d9
:1089a0007820f03fc01f0000000000000000000021
:1089b000000030006000c000800100000000c0071f
:1089c000f00f781c38381c381c38fc3ffc3f1c006a
:1089d0001c0038007820f03fc01f0000000000009d
:1089e000000000000000000000003006300600001b
:1089f0000000fc03fc0380038003800380038003ea
:108a000080038003800380038003800380030000d1
:108a1000000000000000000000008003c006600ca1
:108a2000301800000000fc03fc0380038003800377
:108a3000800380038003800380038003800380031e
:108a40008003000000000000000000000000600043
:108a5000c0008001000300000000fc03fc03800351
:108a600080038003800380038003800380038003ee
:108a7000800380038003000000000000000000006d
:108a8000300c300c000000000000c001c003e00307
:108a9000600760077006300e380e381c181cfc3f4b
:108aa000fc3f0e380e700e7007e000000000000062
:108ab0000000000080034004400440048003800361
:108ac000c007c007e006600e600e700c301c381c3a
:108ad0003838fc3ffc3f1c700e700e7007e0000041
:108ae0000000000000000000000e000780030000ee
:108af0000000f83ff83f38003800380038003800f0
:108b0000f81ff81f38003800380038003800f87fa8
:108b1000f87f0000000000000000000000000000de
:108b200000000000000000000000f83cfc7f8067af
:108b300080e380e3f0fffcff9c038e038e038e0333
:108b40009e87fcff787c0000000000000000000011
:108b500000000000000000000000803fc03fc00790
:108b6000e007600760077007303f383f18071c07b1
:108b7000fc07fc070607067f037f000000000000db
:108b8000000000000000c00160033006180c000067
:108b90000000e003f80f3c1e1c1c0e380e380e3887
:108ba0000e380e380e381c1c3c1ef80fe003000077
:108bb000000000000000000000000000000030067f
:108bc000300600000000e003f80f3c1e1c1c0e38ad
:108bd0000e380e380e380e380e381c1c3c1ef80f9e
:108be000e003000000000000000000000000300072
:108bf0006000c000800100000000e003f80f3c1e90
:108c00001c1c0e380e380e380e380e380e381c1c50
:108c10003c1ef80fe0030000000000000000000010
:108c20000000c00160033006180c000000001c3872
:108c30001c381c381c381c381c381c381c381c3894
:108c40001c381c3c3c3ef83bf038000000000000a3
:108c500000000000000030006000c0008001000043
:108c600000001c381c381c381c381c381c381c38b8
:108c70001c381c381c381c3c3c3ef83bf0380000cb
:108c800000000000000000000000000000003006ae
:108c90003006000000001e701c301c383818381ccc
:108ca000781c700ef00ee007e007c003c003c0019f
:108cb0008001c001c000e0007c003c00300c300ca2
:108cc000000000000000e007f00f381c1c381c38c2
:108cd0000e700e700e700e700e700e701c381c38f8
:108ce000381cf00fe007000000000000000000004a
:108cf000601860180000000000001c701c701c70e0
:108d00001c701c701c701c701c701c701c701c7003
:108d10001c703c783838f01fe00f000000000000a5
:108d20000000000000000000000000000000000043
:108d30000000e033f81f3c1e1c1e0e3b0e398e391e
:108d4000ce386e386e383c1c3c1efc0fe60300002b
:108d5000000000000000000000000000003e803f16
:108d60008003c001c001c001c001c001f00ff00fbd
:108d7000c001c001c001c001e0007000f83ff83f31
:108d8000f83f0000000000000000000000000000ac
:108d9000000000000000e067f03f381c1c3c1c3c59
:108da0000e760e738e718e71ce706e703c383c38bc
:108db000381cfc0fe6070000000000000000000067
:108dc000000000000000000000000000000004207f
:108dd0000e701c38381c700ee007c003c003e0079b
:108de000700e381c1c380e700420000000000000bb
:108df000000000000000003f803fc001c001c00132
:108e0000c001f81ff81fc001c001c001c001c001ae
:108e1000c001c001c001c001c001c001c001c0014a
:108e2000c001c001fe007e000000000600038001ba
:108e3000c00000000000e007f80f181e001c001c16
:108e4000e01ff01f381c1c1c1c1c1c1c3c1ef87b4b
:108e5000f0780000000000000000000000000006a4
:108e600000038001c00000000000fc03fc0380033d
:108e700080038003800380038003800380038003da
:108e80008003800380030000000000000000000059
:108e90000000000600038001c00000000000e003a5
:108ea000f80f3c1e1c1c0e380e380e380e380e38cb
:108eb0000e381c1c3c1ef80fe003000000000000f0
:108ec000000000000000000600038001c000000058
:108ed00000001c381c381c381c381c381c381c3846
:108ee0001c381c381c381c3c3c3ef83bf038000059
:108ef000000000000000000000000000e00cf00f87
:108f00003007000000001c0fdc1f7c3c3c381c3884
:108f10001c381c381c381c381c381c381c381c38b1
:108f20001c3800000000000000000000e00cf00f02
:108f30003007000000001c301c303c307c307c309e
:108f4000fc30ec31cc31cc338c370c3f0c3e0c3e3a
:108f50000c3c0c380c380000000000000000000041
:108f600000000000e003f0071006e007f0073806f5
:108f700018061807f81ff01c000000000000000091
:108f800000000000000000000000000000000000e1
:108f90000000000000000000e007f00f381c181867
:108fa000181818181818381cf00fe00700000000f7
:108fb00000000000000000000000000000000000b1
:108fc00000000000000000000000000000000000a1
:108fd0000000000000008003800380030000000008
:108fe000800380038003c001e001f00078003800b6
:108ff0001c001c001c303c30f83fe01f000000004b
:10900000e0031004e80924122412e41124112411ad
:10901000280b1004e0030000000000000000000026
:109020000000000000000000000000000000000040
:109030000000000000000000000000000000000030
:10904000000000000000fe7ffe7f00600060006006
:1090500000600000000000000000000000000000b0
:1090600000000000000000001f0c1f061c061c036f
:109070001c039c019c01dc00dc007c3c30fe30e0e9
:1090800018e018700c380c0c060606fe03fe0000f3
:109090000000000000000000000000001f181f0c6e
:1090a0001c0c1c061c061c031c039c019c01dc38c8
:1090b000603c603a3039b039d838d8ff0c380c38b9
:1090c0000638000000000000000000000000000062
:1090d00000000000000000000000c001c001c0014d
:1090e00000000000c001c001c001c001c001c001fa
:1090f000c001c001c001c001c001c001c001c00168
:10910000000000000000000000000000000000005f
:109110004010e038701c380e1c070c038e031c072f
:10912000380e701ce0384010000000000000000005
:10913000000000000000000000000000000000002f
:109140000000000008019c033807700ee01cc039c5
:10915000c018e01c700e38079c03080100000000d6
:109160000000000000000000e71ce71ce71c0000f6
:109170000000e71ce71ce71c00000000e71ce71ce0
:10918000e71c000000000000e71ce71ce71c0000d3
:109190000000e71ce71ce71c0000000038e738e788
:1091a00038e7e71ce71cffff38e738e7e71ce71c58
:1091b000ffff38e738e7e71ce71ce71c38e738e72c
:1091c000ffffe71ce71c38e738e7ffffe71ce71c59
:1091d000ffffffffffffe71ce71cffffffffffff95
:1091e000e71ce71cffffffffffffe71ce71ce71c76
:1091f000ffffffffffffe71ce71cffffffffffff75
:10920000e71ce71c80018001800180018001800152
:109210008001800180018001800180018001800146
:109220008001800180018001800180018001800136
:109230008001800180018001800180018001800126
:109240008001800180018001800180018001800116
:10925000ff01ff0180018001800180018001800108
:10926000800180018001800180018001000780036e
:10927000c00100000000c001c003e00360076007f8
:109280007006300e380e381c181cfc3ffc3f0e38a0
:109290000e700e7007e000000000000000000000eb
:1092a000e0037007380e00000000c001c003e003b7
:1092b000600760077006300e380e381c181cfc3f23
:1092c000fc3f0e380e700e7007e00000000000003a
:1092d00000000000e000c001800300000000c001a9
:1092e000c003e003600760077006300e380e381cbc
:1092f000181cfc3ffc3f0e380e700e7007e000009b
:10930000000000000000000000000000e00ff01f5f
:1093100038381c708c6feeef66c836c036c036c069
:1093200036c036c066c8eeef8c671c703838f01f48
:10933000e00f000000000000000000006006600672
:1093400060066006600660066006600660066006ed
:109350007f067f06000600067f067f066006600621
:1093600060066006600660066006600660066006cd
:1093700060066006600660066006600660066006bd
:1093800060066006600660066006600660066006ad
:10939000600660066006600660066006600660069d
:1093a00060066006000000000000000000000000f1
:1093b0000000000000000000ff07ff070006000695
:1093c0007f067f066006600660066006600660062f
:1093d000600660066006600660066006600660065d
:1093e0006006600660066006600660067f067f060f
:1093f00000060006ff07ff07000000000000000055
:10940000000000000000000000000000000000005c
:1094100080018001c00ff00fb809b8019c019c01c8
:109420009c019c019c019c019c01b801f809f00f72
:10943000e007800180010000000000000000000043
:10944000000000000ee01c60383038307018e00c6e
:10945000e00cc0078003f83ff83f800380038003df
:10946000f83ff83f80038003800300000000000005
:1094700000000000000000000000000000000000ec
:10948000000000000000000000000000ff01ff01dc
:1094900080018001800180018001800180018001c4
:1094a00080018001800180018001800180018001b4
:1094b00080018001800180018001800180018001a4
:1094c00080ff80ff0000000000000000000000009e
:1094d000000000000000000000000000800180018a
:1094e0008001800180018001800180018001800174
:1094f00080018001ffffffff00000000000000006e
:10950000000000000000000000000000000000005b
:10951000000000000000000000000000000000004b
:109520000000000000000000ffffffff800180013d
:109530008001800180018001800180018001800123
:109540008001800180018001800180018001800113
:1095500080018001800180018001800180ff80ff07
:1095600080018001800180018001800180018001f3
:1095700080018001800180010000000000000000e7
:1095800000000000000000000000000000000000db
:10959000ffffffff000000000000000000000000cf
:1095a00000000000000000000000000080018001b9
:1095b00080018001800180018001800180018001a3
:1095c00080018001ffffffff800180018001800199
:1095d0008001800180018001800180018001800183
:1095e00000000000e00cf00f300700000000e00772
:1095f000f80f181e001c001ce01ff01f381c1c1c5c
:109600001c1c1c1c3c1ef87bf078000000000000b5
:1096100000000000e00cf00f300700000000c00167
:10962000c003e003600760077006300e380e381c78
:10963000181cfc3ffc3f0e380e700e7007e0000057
:109640000000000000000000600660066006600682
:1096500060066006600660066006600660fe60feea
:1096600060006000e0ffe0ff00000000000000007c
:1096700000000000000000000000000000000000ea
:1096800000000000000000000000000000000000da
:10969000e0ffe0ff6000600060fe60fe60066006c4
:1096a000600660066006600660066006600660068a
:1096b000600660066006600660066006600660067a
:1096c000600660067ffe7ffe00000000ffffffffd8
:1096d000000000000000000000000000000000008a
:1096e000000000000000000000000000000000007a
:1096f0000000000000000000ffffffff000000006e
:109700007ffe7ffe600660066006600660066006fb
:109710006006600660066006600660066006600619
:1097200060066006600660066006600660fe60fe19
:109730006000600060fe60fe600660066006600615
:1097400060066006600660066006600600000000b5
:109750000000000000000000000000000000000009
:10976000ffffffff00000000ffffffff0000000001
:1097700000000000000000000000000000000000e9
:1097800060066006600660066006600660066006a9
:10979000600660067ffe7ffe000000007ffe7ffe09
:1097a0006006600660066006600660066006600689
:1097b00060066006000000000000000000000000dd
:1097c0000420cc33f81f300c181818181818181863
:1097d000300cf81fcc330420000000000000000013
:1097e000000000000000000000001e03fe03f00166
:1097f000f0031807000ee00ff81f3c1e1c3c0e384b
:109800000e380e380e380e380e381c1c3c1ef80f61
:10981000e003000000000000000000000000000065
:10982000000000000000fc07fc0f1c3c1c381c78ea
:109830001c701c70ff70ff701c701c701c381c3872
:109840001c1efc0ffc0300000000000000000000d4
:10985000c007e00e701c00000000f83ff83f380021
:109860003800380038003800f81ff81f380038007a
:10987000380038003800f87ff87f00000000000052
:109880000000000060186018000000000000f83fb1
:10989000f83f38003800380038003800f81ff81f4b
:1098a00038003800380038003800f87ff87f0000b2
:1098b0000000000000000000c0018003000700005d
:1098c0000000f83ff83f3800380038003800380012
:1098d000f81ff81f38003800380038003800f87fcb
:1098e000f87f000000000000000000000000000001
:1098f00000000000000000000000fc03fc038003e7
:10990000800380038003800380038003800380033f
:1099100080038003800300000000000000000000be
:1099200000078003c00100000000fc1ffc1fc001f5
:10993000c001c001c001c001c001c001c001c0011f
:10994000c001c001c001fc1ffc1f0000000000009e
:1099500000000000e0037007380e00000000fc1f4c
:10996000fc1fc001c001c001c001c001c001c00195
:10997000c001c001c001c001c001fc1ffc1f0000ec
:109980000000000000000000300c300c000000005f
:109990000000fc1ffc1fc001c001c001c001c001cc
:1099a000c001c001c001c001c001c001c001fc1f55
:1099b000fc1f00000000000000000000800180018a
:1099c000800180018001800180018001800180018f
:1099d00080018001ff01ff01000000000000000085
:1099e0000000000000000000000000000000000077
:1099f0000000000000000000000000000000000067
:109a0000000000000000000080ff80ff8001800156
:109a1000800180018001800180018001800180013e
:109a200080018001ffffffffffffffffffffffff40
:109a3000ffffffffffffffffffffffffffffffff36
:109a4000ffffffffffffffffffffffffffffffff26
:109a5000ffffffffffffffff00000000000000000e
:109a600000000000000000000000000000000000f6
:109a70000000fffffffffffffffffffffffffffff4
:109a8000ffffffffffffffffffffffff0000800161
:109a900080018001800180018001800180018001be
:109aa0000000000000000000000080018001800133
:109ab000800180018001800180018001800100001f
:109ac000e000c001800300000000fc1ffc1fc0017b
:109ad000c001c001c001c001c001c001c001c0017e
:109ae000c001c001c001fc1ffc1f000000000000fd
:109af00000000000ffffffffffffffffffffffff72
:109b0000ffffffffffffffffffffffffffff000063
:109b10000000000000000000000000000000000045
:109b2000000000000000000000078003c0010000ea
:109b30000000e007f00f381c1c381c380e700e7047
:109b40000e700e700e700e701c381c38381cf00f22
:109b5000e007000000000000000000000000f0032b
:109b6000f8073c0e1c0e1c0e1c061c079c039c03d5
:109b70009c039c071c0f1c1e1c3c1c781c701c703a
:109b80009c709c3f1c1f00000000000000000000b3
:109b9000e0037007380e00000000e007f00f381ceb
:109ba0001c381c380e700e700e700e700e700e7019
:109bb0001c381c38381cf00fe007000000000000c3
:109bc00000000000e000c001800300000000e0078a
:109bd000f00f381c1c381c380e700e700e700e7092
:109be0000e700e701c381c38381cf00fe007000097
:109bf000000000000000000000000000e00cf00f7a
:109c0000300700000000e003f80f3c1e1c1c0e385b
:109c10000e380e380e380e380e381c1c3c1ef80f4d
:109c2000e00300000000000000000000e00cf00f66
:109c3000300700000000e007f00f381c1c381c380b
:109c40000e700e700e700e700e700e701c381c3878
:109c5000381cf00fe00700000000000000000000ca
:109c600000000000000000000000000000001c38a0
:109c70001c381c381c381c381c381c381c381c3844
:109c80001c383c3c7c3efc3bdc7b1c001c001c006c
:109c90001c001c0000001c001c001c001c001c0000
:109ca0001c009c07dc1f7c1c3c381c381c381c38f2
:109cb0001c381c381c381c1c3c1efc0f9c071c004c
:109cc0001c001c001c001c00000000000000000024
:109cd0000000380038003800f81ff83f3878387036
:109ce000387038703878383cf81ff807380038007a
:109cf00038000000000000000000000000078003a2
:109d0000c001000000001c701c701c701c701c70d6
:109d10001c701c701c701c701c701c701c703c78bb
:109d20003838f01fe00f00000000000000000000c5
:109d3000e0037007380e000000001c701c701c70df
:109d40001c701c701c701c701c701c701c701c70b3
:109d50001c703c783838f01fe00f00000000000055
:109d600000000000e000c0018003000000001c7043
:109d70001c701c701c701c701c701c701c701c7083
:109d80001c701c701c703c783838f01fe00f00000d
:109d90000000000000000000000000060003800139
:109da000c000000000001e701c301c383818381c21
:109db000781c700ef00ee007e007c003c003c0017e
:109dc0008001c001c000e0007c003c00000780036f
:109dd000c0010000000007e00e701c301c18381c89
:109de000780e7007e003e003c001c001c001c001ac
:109df000c001c001c0010000000000000000000020
:109e0000ffffffff00000000000000000000000056
:109e10000000000000000000000000000000000042
:109e20000000000000000000000000000000000032
:109e3000000000008003c001e000000000000000fe
:109e40000000000000000000000000000000000012
:109e50000000000000000000000000000000000002
:109e600000000000000000000000000000000000f2
:109e700000000000000000000000000000000000e2
:109e8000f81ff81f000000000000000000000000a4
:109e900000000000000000000000000000000000c2
:109ea000000000000000000000008001800180012f
:109eb0008001fe7ffe7f8001800180018001000023
:109ec0000000fe7ffe7f0000000000000000000098
:109ed0000000000000000000000000000000000082
:109ee0000000000000000000000000000000000072
:109ef00000000000000000000000ffffffff000066
:109f00000000ffff000000007ee0fe70e038e03857
:109f10003c1c7c1ce00ee007fe07be3bc03dc03b86
:109f2000e039f039f038f8ff38381c380e380000c6
:109f3000000000000000000000000000f81ffc1fef
:109f4000fe18fe18fe18fe18fe18fc18f818f01877
:109f5000c018c018c018c018c018c018c018c01841
:109f6000c018c018c018c018c018000000000000b9
:109f7000c01ff01f7810380038007800f001e007ab
:109f8000f00f301e383c38387838f019e00f800f69
:109f9000001e003c00380038183cf81fe0070000a5
:109fa0000000000000000000000000000000c001f0
:109fb000c001c001000000000000fe3ffe3f0000a5
:109fc00000000000c001c001c0010000000000004e
:109fd0000000000000000000000000000000000081
:109fe0000000000000000000000000000000000071
:109ff0000000000000000000000000000000000160
:10a00000800300060006c00300000000e00010010d
:10a0100010011001e000000000000000000000003e
:10a020000000000000000000000000000000000030
:10a03000000000000000000000000000300c300ca8
:10a040000000000000000000000000000000000010
:10a050000000000000000000000000000000000000
:10a0600000000000000000000000000000000000f0
:10a0700000000000000000000000000000000000e0
:10a0800000000000000000000000c001c001c0018d
:10a0900000000000000000000000000000000000c0
:10a0a0000000000000000000e003e00380038003e4
:10a0b000800380038003800380038003000000008e
:10a0c0000000000000000000000000000000000090
:10a0d000000000000000000000000000e00ff01f82
:10a0e000101c001cc007c00f001c001cf01ff00754
:10a0f0000000000000000000000000000000000060
:10a10000000000000000000000000000000000004f
:10a11000e007f01f101c001c000e8007c00170003b
:10a12000f01ff01f00000000000000000000000011
:10a13000000000000000000000000000000000001f
:10a140000000000000000000000000000000fe7f92
:10a15000fe7ffe7ffe7ffe7ffe7ffe7ffe7ffe7f17
:10a16000fe7ffe7ffe7ffe7ffe7f0000000000007e
:10a1700000000000000000000000000000000000df
:10a1800000000000000000000000000000000000cf
:10a1900000000000000000000000000000000000bf
:10a1a00000000000000000000000000000000000af
:10a1b000000000000000000000000000000000009f
:10a1c0000000000000000000e00018030404040484
:10a1d000b209b209020802081209e20804040404e0
:10a1e0001803e00000000000e000f803fc07fc0793
:10a1f0004e0e4e0efe0ffe0fee0e1e0ffc07fc075e
:10a20000f803e00000000000000000000000180358
:10a21000bc07fc07fc07fc07f803f001e000400066
:10a2200000000000000000000000000000004000ee
:10a23000e000f001f803fc07f803f001e000400043
:10a24000000000000000000000000000e000f0013d
:10a25000f001f001ec06fe0ffe0ffe0f4c06e000d1
:10a26000f00100000000000000000000400040007d
:10a27000e000f001f803fc07fc07fc075803e000ce
:10a28000f0010000000000000000000000000000dd
:10a2900000000000000000000000000000000000be
:10a2a00000000000000000000000000000000000ae
:10a2b000000000000000000000000000000000009e
:10a2c000000000000000000000000000000000008e
:10a2d000000000000000000000000000000000007e
:10a2e000000000000000000000000000000000006e
:10a2f000000000000000000000000000000000005e
:10a3000000000000000000000000000000008007c6
:10a3100000067805cc04860186018601cc00780011
:10a32000000000000000000000000000e001300319
:10a330001806180618063003e001c000c000f0033c
:10a34000c000c0000000000000000000000000008d
:10a3500000000000000000000000000000000000fd
:10a36000000000000000000030007000d0009001ec
:10a3700030037002d00290031c031e021e028c03e5
:10a38000c003c00380010000000040004000e4045e
:10a39000f80318030c060e0e0c061803f803e40469
:10a3a000400040000000000000000000080018000d
:10a3b00038007800f800f801f8007800380018003c
:10a3c0000800000000000000000000000001800103
:10a3d000c001e001f001f801f001e001c0018001dd
:10a3e000000100000000000000004000e000f0015b
:10a3f000f80340004000400040004000f803f00136
:10a40000e000400000000000000098019801980161
:10a41000980198019801980198019801980100000d
:10a4200098019801000000000000f8076c03660323
:10a43000660366036c0378036003600360036003d4
:10a4400060036003000000000000f8010c030c0032
:10a450000c00f8010c030c03f801000300030c03cb
:10a46000f8010000000000000000000000000000f3
:10a470000000000000000000000000000000f807dd
:10a48000f807f807000000004000e000f001f803c2
:10a49000400040004000400040004000f803f00150
:10a4a000e0004000f803000000004000e000f00180
:10a4b000f8034000400040004000400040004000e1
:10a4c000400040000000000000004000400040004c
:10a4d000400040004000400040004000f803f00110
:10a4e000e00040000000000000000000000000004c
:10a4f000800080018003fc07800380018000000051
:10a50000000000000000000000000000000000004b
:10a51000200030003800fc07380030002000000028
:10a52000000000000000000000000000000000002b
:10a530000000000000000000020002000200020013
:10a540000200fe0700000000000000000000000004
:10a55000100118031c07fe0f1c0718031001000050
:10a5600000000000000000000000000000000000eb
:10a5700000004000e000f001f803fc07fe0f0000bf
:10a5800000000000000000000000000000000000cb
:10a590000000fe0ffc07f803f001e000400000009f
:10a5a00000000000000000000000000000000000ab
:10a5b000000000000000000000000000000000009b
:10a5c000000000000000000060006000f000f000eb
:10a5d000f000f000f000600060006000000000008b
:10a5e0006000600000000000000000009801980179
:10a5f0009801980100000000000000000000000029
:10a600000000000000000000000060066006600618
:10a61000fc0f3003300398019801fe03cc00cc00fe
:10a62000cc0000000000000060006000f801fc03a6
:10a630006c006c00fc01f80360036003fc03f8018c
:10a6400060006000000000000000000000081c0c1a
:10a650001c0e1c078003c001e000700038001c07be
:10a660000e070607000000000000e000b00198019e
:10a670009801d800700078007c00cc06cc038c01d7
:10a68000dc037806000000007000700070006000bd
:10a69000600030000000000000000000000000002a
:10a6a0000000000000000000c001600070003000e9
:10a6b00038003800380038003800380030007000aa
:10a6c0006000c0010000000038006000e000c00031
:10a6d000c001c001c001c001c001c001c000e00054
:10a6e00060003800000000000000000000006c0363
:10a6f0006c03f801f000fc03f000f8016c036c033c
:10a700000000000000000000000000000000000049
:10a71000600060006000fc03fc03600060006000fb
:10a720000000000000000000000000000000000029
:10a7300000000000000000000000000000007000a9
:10a740007000700060003000000000000000000099
:10a75000000000000000fc03fc03000000000000fb
:10a7600000000000000000000000000000000000e9
:10a770000000000000000000000000000000700069
:10a78000700070000000000000000008000c000ec7
:10a7900000078003c001e000700038001c000e00bc
:10a7a0000600000000000000f001fc070c06060e89
:10a7b000060f860dc60c660c360c1e0c0e0c0c0615
:10a7c000fc07f00100000000c000e000f800f80005
:10a7d000c000c000c000c000c000c000c000c00079
:10a7e000f807f80700000000f803fc070e0e060c3f
:10a7f000060e00078003c001e000700038001c0056
:10a80000fe0ffe0f00000000f803fc070e0e060c02
:10a81000000c000ef007f0030006000c060c0e0ef4
:10a82000fc07f803000000008003c003e00370038e
:10a8300038031c030e030603fe0ffe0f0003000384
:10a840000003000300000000fe0ffe0f06000600dc
:10a850000600fe03fc07000e000c000c060c0e0e9a
:10a86000fc07f80300000000c003e003700038009c
:10a870001c000c00fe03fe070e0e060c060c0e0e4e
:10a88000fc07f80300000000fe0ffe0f00060006a4
:10a890000003000380018001c000c0006000600070
:10a8a0003000300000000000f001f8031c070c0627
:10a8b0000c061c07f803fc070e0e060c060c0e0e09
:10a8c000fc07f80300000000f803fc070e0e060c5e
:10a8d000060c0e0efc0ff80f000600078003c001e7
:10a8e000f8007800000000000000000000000000f8
:10a8f0007000700070000000000000007000700028
:10a9000070000000000000000000000000000000d7
:10a910007000700070000000000000007000700007
:10a92000700060006000300000038003c001e000a0
:10a93000700038001c001c0038007000e000c001ee
:10a940008003000300000000000000000000000081
:10a950000000fc07fc0700000000fc07fc070000eb
:10a9600000000000000000000c001c003800700017
:10a97000e000c00180038003c001e00070003800e7
:10a980001c000c0000000000f801fc030e07060686
:10a9900006078003c001e000600060006000000066
:10a9a0006000600000000000f803fc070c06e60de4
:10a9b000f60db60db60db60db60df607e6030e0094
:10a9c000fc03f0030000000060006000f000f000f5
:10a9d000f0009801980198010c03fc03fc030606a3
:10a9e0000606060600000000fe00fe0186030603c0
:10a9f00006038603fe01fe03060706060606060793
:10aa0000fe03fe0100000000f001f8031c070c0625
:10aa10000600060006000600060006000c061c07dd
:10aa2000f803f00100000000fe00fe0186030603ab
:10aa3000060606060606060606060606060386033c
:10aa4000fe01fe0000000000fe07fe0706000600f3
:10aa500006000600fe01fe010600060006000600d4
:10aa6000fe07fe0700000000fe07fe0706000600c6
:10aa700006000600fe01fe010600060006000600b4
:10aa80000600060000000000f003f8071c060c009a
:10aa900006000600c607c607060606060c061c06c4
:10aaa000f807f00700000000060606060606060680
:10aab00006060606fe07fe07060606060606060644
:10aac0000606060600000000f801f80160006000bc
:10aad0006000600060006000600060006000600076
:10aae000f801f8010000000000060006000600065c
:10aaf00000060006000600060006060606060e030f
:10ab0000fc03f80100000000060606078603c601e4
:10ab1000e60076003e003e007600e600c6018603b1
:10ab200006070606000000000600060006000600f4
:10ab300006000600060006000600060006000600e5
:10ab4000fe07fe070000000006060e070e079e0720
:10ab50009e07f606f606660666060606060606065c
:10ab6000060606060000000006060e060e061e0675
:10ab70003606360666066606c606c6068607060753
:10ab80000607060600000000f000f8019c030c0315
:10ab90000606060606060606060606060c039c03bf
:10aba000f801f00000000000fe01fe0306070606a3
:10abb000060606060607fe03fe010600060006005e
:10abc0000600060000000000f000f8019c030c03e2
:10abd00006060606060606060606c606cc039c03ff
:10abe000f807f00600000000fe01fe030607060657
:10abf000060606060607fe03fe01e600c6018603fa
:10ac00000607060600000000f801fc030e07060612
:10ac100006000e00fc01f8030007000606060e07fa
:10ac2000fc03f80100000000fc03fc03600060006e
:10ac30006000600060006000600060006000600014
:10ac40006000600000000000060606060606060614
:10ac500006060606060606060606060606060c0391
:10ac6000fc03f801000000000606060606060c03b9
:10ac70000c030c03980198019801f000f000f0001b
:10ac800060006000000000000606060606060606d4
:10ac900006060606060666066606f6069e070e0702
:10aca0000e07060600000000060606060c030c034d
:10acb0009801f00060006000f00098010c030c03a4
:10acc0000606060600000000060606060c030c0336
:10acd00098019801f000f0006000600060006000e2
:10ace0006000600000000000fe07fe070003000394
:10acf0008001c00060006000300018000c000c00f3
:10ad0000fe07fe0700000000f801f8011800180017
:10ad10001800180018001800180018001800180073
:10ad2000f801f801000000000000020006000e001b
:10ad30001c0038007000e000c00180030007000e16
:10ad4000000c000000000000f801f8018001800103
:10ad500080018001800180018001800180018001eb
:10ad6000f801f801000000004000e000f001b80325
:10ad70001c070e0e060c0000000000000000000082
:10ad800000000000000000000000000000000000c3
:10ad900000000000000000000000000000000000b3
:10ada00000000000fe0ffe0f0000e000e000e000e9
:10adb00060006000c0000000000000000000000013
:10adc0000000000000000000000000000000000083
:10add0000000f803fc070006f807fc070606060655
:10ade000fe07fc0700000000060006000600060043
:10adf0000600f601fe030e0706060606060606070f
:10ae0000fe03fe0100000000000000000000000042
:10ae10000000f801fc030e060600060006000e0600
:10ae2000fc03f80100000000000600060006000612
:10ae30000006f806fc078e070606060606060e063e
:10ae4000fc07f80700000000000000000000000000
:10ae50000000f801fc030e06fe07fe0306000e00cc
:10ae6000fc03f80100000000e001f00138001800c8
:10ae700018001800fe00fe00180018001800180046
:10ae80001800180000000000000000000000000092
:10ae90000000f807fc070e0606060e07fc07f8067a
:10aea00000060007fc03fc01060006000600060081
:10aeb0000600f600fe018e030603060306030603e2
:10aec00006030603000000000000000060006000b0
:10aed00000007000700060006000600060006000b2
:10aee000f801f8010000000000000000800180016e
:10aef0000000c001c001800180018001800180014b
:10af000080019801f801f0000c000c000c000c000e
:10af10000c008c01cc01ec007c007c00ec00cc012e
:10af20008c030c03000000007000700060006000e3
:10af30006000600060006000600060006000600011
:10af4000f801f8010000000000000000000000000f
:10af500000009a01fe03fe076606660666066606a0
:10af60006606660600000000000000000000000009
:10af70000000fc01fc030c070c060c060c060c067a
:10af80000c060c060000000000000000000000009d
:10af90000000f801fc030e070606060606060e076b
:10afa000fc03f801000000000000000000000000a9
:10afb0000000fe01fe030607060606060e07fe0356
:10afc000f601060006000600000000000000000078
:10afd0000000f807fc070e06060606060e07fc072b
:10afe000f806000600060006000000000000000051
:10aff0000000ec03fc071c060c000c000c000c000d
:10b000000c000c0000000000000000000000000028
:10b010000000fc00fe010600fe00fc018001800132
:10b02000fe01fc00000000000000180018001800dd
:10b030001800fe00fe001800180018001800180084
:10b04000f801f00100000000000000000000000016
:10b0500000000606060606060606060606060e0793
:10b06000fc07f806000000000000000000000000df
:10b070000000060606060c030c0398019801f00078
:10b08000f000600000000000000000000000000070
:10b09000000066066606660666066606f606fc0399
:10b0a0009c030801000000000000000000000000f8
:10b0b000000006038e03dc01f8007000f800dc01dc
:10b0c0008e030603000000000000000000000000e6
:10b0d00000000c030c0398019801f000f0006000e0
:10b0e0006000300030001800000000000000000088
:10b0f0000000fe03fe01c0006000300018000c00dc
:10b10000fe03fe0300000000c003e00370003000f7
:10b110003000300038001c003800300030003000b3
:10b120007000e003c0030000600060006000600089
:10b13000600060000000600060006000600060006f
:10b1400060006000000000003c007c00e000c000e7
:10b15000c000c000c0018003c001c000c000c0002a
:10b16000e0007c003c0000000000000038066c039a
:10b17000c601000000000000000000000000000008
:10b1800000000000000000000000000000000000bf
:10b190006000f00098010c0306060606fe07fe0795
:10b1a0000000000000000000f001f8031c070c067e
:10b1b000060606000600060006000c061c07f8033b
:10b1c000f00160007800780000000000980198010c
:10b1d00000000606060606060606060606060e0712
:10b1e000fc07f8060000000000008001c0006000bd
:10b1f0000000f801fc030e06fe07fe0706000e0025
:10b20000fc03f8010000000000006000f00098015d
:10b210000000f803fc070006f807fc070606060610
:10b22000fe07fc07000000000000000098019801e4
:10b230000000f803fc070006f807fc0706060606f0
:10b24000fe07fc0700000000000030006000c000a6
:10b250000000f803fc070006f807fc0706060606d0
:10b26000fe07fc0700000000000060009000600086
:10b270000000f803fc070006f807fc0706060606b0
:10b28000fe07fc07000000000000000000000000b6
:10b290000000f801fc030e070600060006000e077a
:10b2a000fc03f8016000780000006000f0009801e5
:10b2b0000000f801fc030e06fe07fe07060006006c
:10b2c000fc03f80100000000000000009801980154
:10b2d0000000f801fc030e06fe07fe07060006004c
:10b2e000fc03f80100000000000030006000c00016
:10b2f0000000f801fc030e06fe07fe07060006002c
:10b30000fc03f8010000000000000000d800d80095
:10b31000000070007000600060006000600060006d
:10b32000f801f8010000000000006000f000980142
:10b33000000070007000600060006000600060004d
:10b34000f801f80100000000000030006000c000bb
:10b35000000070007000600060006000600060002d
:10b36000f801f80100000000980198010000600059
:10b370006000f000f000980198010c03fc03fe0748
:10b380000606060600000000600090006000000055
:10b390006000f000f000980198010c03fc03fe0728
:10b3a00006060606000000008001c0006000fe07df
:10b3b000fe0706000600fe01fe010600060006006c
:10b3c000fe07fe0700000000000000000000000073
:10b3d00000000000bc0366066006fc036600660011
:10b3e0006606dc0300000000e007e007f000f00064
:10b3f000f800d800d803cc03cc00fc00fe00c60047
:10b40000c607c6070000000000006000f0009801b9
:10b410000000f801fc030e070606060606060e07e6
:10b42000fc03f801000000000000000098019801f2
:10b430000000f801fc030e070606060606060e07c6
:10b44000fc03f80100000000000030006000c000b4
:10b450000000f801fc030e070606060606060e07a6
:10b46000fc03f8010000000000006000f0009801fb
:10b4700000000606060606060606060606060e076f
:10b48000fc07f80600000000000030006000c0006b
:10b4900000000606060606060606060606060e074f
:10b4a000fc07f80600000000000000009801980169
:10b4b00000000c030c0398019801f000f0006000fc
:10b4c0006000300030001800980198010000f80179
:10b4d000fc030e07060606060606060606060e0707
:10b4e000fc03f80100000000000000009801980132
:10b4f00000000606060606060606060606060e07ef
:10b50000fc07f8060000000000000000000000003a
:10b510000000f806fc038e07c606660636061e0700
:10b52000fc03f6010000000000000000e001f00351
:10b53000300330003000f800300030001800fc0705
:10b54000dc0300000000000000000000f806fc031f
:10b550008e07c606c60666066606360636061e0749
:10b56000fc03f601000000000000000000000000e5
:10b570000c039801f0006000f00098010c0300003b
:10b580000000000000000000c001e0036003600054
:10b59000600060006000f801600060006000600012
:10b5a0006c007c00380000000000c000600030002b
:10b5b0000000f803fc070006f807fc07060606066d
:10b5c000fe07fc07000000000000c0006000300023
:10b5d00000007000700060006000600060006000ab
:10b5e000f801f801000000000000c0006000300019
:10b5f0000000f801fc030e070606060606060e0705
:10b60000fc03f801000000000000c00060003000f2
:10b6100000000606060606060606060606060e07cd
:10b62000fc07f80600000000000000007003d801cd
:10b630000000fc01fc030c070c060c060c060c06b3
:10b640000c060c06000000007003d801000006067e
:10b650000e061e063e067606e606c607860706079f
:10b660000606060600000000f803fc070006fc07bb
:10b67000fe070606fe07fc070000fc03fc030000b3
:10b680000000000000000000f801fc030e070606a1
:10b6900006060e07fc03f8010000fc03fc03000093
:10b6a000000000000000000060006000000060007a
:10b6b00060006000700038001c000e0606060e07d1
:10b6c000fc03f8010000000000000000f803fc0784
:10b6d0000e0ef60cb60df60cb60db60d0e0efc07e2
:10b6e000f803000000000000000000000000ff0759
:10b6f000ff07000600060006000600060000000026
:10b700000000000000000000000000000c000e001f
:10b710000c038c01de006000b00318060c038001ee
:10b720008007000000000000000000000c000e0078
:10b730000c038c01de006000b006d806cc070006c2
:10b740000006000000000000600060000000000033
:10b75000600060006000f000f000f000f000f00019
:10b760006000600000000000000000000000000019
:10b77000000018038c01c6008c01180300000000b3
:10b7800000000000000000000000000000000000b9
:10b790000000c6008c0118038c01c60000000000e8
:10b7a00000000000000000001101440411014404e5
:10b7b0001101440411014404110144041101440421
:10b7c0001101440411014404aa0a5505aa0a5505a9
:10b7d000aa0a5505aa0a5505aa0a5505aa0a550531
:10b7e000aa0a5505aa0a5505ee0ebb0bee0ebb0bb9
:10b7f000ee0ebb0bee0ebb0bee0ebb0bee0ebb0b41
:10b80000ee0ebb0bee0ebb0b600060006000600034
:10b810006000600060006000600060006000600028
:10b820006000600060006000600060006000600018
:10b830006000600060007f007f00600060006000ca
:10b840006000600060006000c000600030006000c8
:10b850006000f000f000980198010c03fc03fe0763
:10b8600006060606000000006000f0009801600077
:10b870006000f000f000980198010c03fc03fe0743
:10b88000060606060000000030006000c0006000f0
:10b890006000f000f000980198010c03fc03fe0723
:10b8a000060606060000000000000000f803fc0782
:10b8b0000e0ee60cb60d360cb60de60c0e0efc07a1
:10b8c000f8030000000000006c006c006c006c00cd
:10b8d0006c006c006f006f0060006f006f006c0008
:10b8e0006c006c006c006c006c006c006c006c00f8
:10b8f0006c006c006c006c006c006c006c006c00e8
:10b900006c006c006c006c00000000000000000087
:10b91000000000007f007f0060006f006f006c007f
:10b920006c006c006c006c006c006c006c006c00b7
:10b930006c006c006f006f0060007f007f000000f3
:10b940000000000000000000000060006000f00146
:10b95000f8037c036c006c006c007c03f803f001be
:10b960006000600000000000060606060c030c03e1
:10b9700098019801f000f0006000fc036000fc03f7
:10b9800060006000000000000000000000000000f7
:10b990000000000000007f007f0060006000600089
:10b9a0006000600060006000600060006000600097
:10b9b000600060006000e00fe00f00000000000089
:10b9c00000000000000000006000600060006000f7
:10b9d000600060006000ff0fff0f0000000000002b
:10b9e0000000000000000000000000000000000057
:10b9f000000000000000ff0fff0f6000600060000b
:10ba00006000600060006000600060006000600036
:10ba1000600060006000e00fe00f60006000600008
:10ba20006000600060006000000000000000000096
:10ba3000000000000000ff0fff0f000000000000ea
:10ba40000000000000000000600060006000600076
:10ba5000600060006000ff0fff0f6000600060008a
:10ba60006000600060006000000000007003d8010a
:10ba70000000f803fc070006f807fc0706060606a8
:10ba8000fe07fc07000000007003d8010000600002
:10ba90006000f000f000980198010c03fc03fe0721
:10baa00006060606000000006c006c006c006c00ce
:10bab0006c006c00ec0fec0f0c00fc0ffc0f000096
:10bac0000000000000000000000000000000000076
:10bad00000000000fc0ffc0f0c00ec0fec0f6c00e2
:10bae0006c006c006c006c006c006c006c006c00f6
:10baf0006c006c00ef0fef0f0000ff0fff0f000056
:10bb00000000000000000000000000000000000035
:10bb100000000000ff0fff0f0000ef0fef0f6c00a1
:10bb20006c006c006c006c006c006c006c006c00b5
:10bb30006c006c00ec0fec0f0c00ec0fec0f6c00c9
:10bb40006c006c006c006c00000000000000000045
:10bb500000000000ff0fff0f0000ff0fff0f0000ad
:10bb600000000000000000006c006c006c006c0025
:10bb70006c006c00ef0fef0f0000ef0fef0f6c0089
:10bb80006c006c006c006c0000000606f606fc03fe
:10bb90000e0706060606060606060e07fc03f60650
:10bba000060600000000000000000000f000f801a0
:10bbb0001801180038007000e000f00198019801a9
:10bbc000f801f00000000000fc00fc018c030c03f5
:10bbd0000c060c061e061e060c060c060c038c0337
:10bbe000fc01fc00000000006000f0009801fe076e
:10bbf000fe0706000600fe01fe0106000600060024
:10bc0000fe07fe0700000000980198010000fe07f3
:10bc1000fe0706000600fe01fe0106000600060003
:10bc2000fe07fe0700000000180030006000fe075d
:10bc3000fe0706000600fe01fe01060006000600e3
:10bc4000fe07fe07000000000000600060006000ca
:10bc500060006000600000000000000000000000c4
:10bc600000000000000000008001c0006000f8013a
:10bc7000f80160006000600060006000600060002b
:10bc8000f801f801000000006000f0009801f801e0
:10bc9000f80160006000600060006000600060000b
:10bca000f801f80100000000980198010000f80177
:10bcb000f8016000600060006000600060006000eb
:10bcc000f801f80100000000600060006000600002
:10bcd0006000600060007f007f0000000000000046
:10bce0000000000000000000000000000000000054
:10bcf000000000000000e00fe00f60006000600046
:10bd00006000600060006000ff0fff0fff0fff0f7b
:10bd1000ff0fff0fff0fff0fff0fff0fff0fff0fb3
:10bd2000ff0fff0fff0fff0f0000000000000000db
:10bd30000000000000000000ff0fff0fff0fff0fcb
:10bd4000ff0fff0fff0fff0f60006000600060003b
:10bd50006000600000006000600060006000600043
:10bd60006000600000000000180030006000f80172
:10bd7000f80160006000600060006000600060002a
:10bd8000f801f80100000000ff0fff0fff0fff0f89
:10bd9000ff0fff0fff0fff0f00000000000000006b
:10bda00000000000000000008001c0006000f801f9
:10bdb000fc030e07060606060606060606060e071e
:10bdc000fc03f8010000000000000000000000007b
:10bdd000f00098010c030c03fc018c030c030c0312
:10bde0008c03fc010c000c006000f0009801f801cd
:10bdf000fc030e07060606060606060606060e07de
:10be0000fc03f80100000000180030006000f80199
:10be1000fc030e07060606060606060606060e07bd
:10be2000fc03f8010000000000000000b801ec0075
:10be30000000f801fc030e070606060606060e07bc
:10be4000fc03f801000000007003d8010000f801b5
:10be5000fc030e07060606060606060606060e077d
:10be6000fc03f801000000000000000000000000da
:10be7000060306030603060306038e03fe037e0382
:10be80000600060006000600000000003c003c0022
:10be90001800f801f80318031803f803f801180054
:10bea0003c003c00000000003c003c001800f80191
:10beb000f8031803180318031803f803f80118000f
:10bec0003c003c00000000008001c000600006064d
:10bed00006060606060606060606060606060c03ff
:10bee000fc03f801000000006000f0009801060665
:10bef00006060606060606060606060606060c03df
:10bf0000fc03f80100000000180030006000060685
:10bf100006060606060606060606060606060c03be
:10bf2000fc03f80100000000000000008001c000d8
:10bf300060000c030c0398019801f000f000600011
:10bf400060003000300018008001c000600006066c
:10bf50000c039801f0006000600060006000600069
:10bf6000600060000000000000000000e001e0014f
:10bf700000000000000000000000000000000000c1
:10bf80000000000000000000c00060003000000061
:10bf900000000000000000000000000000000000a1
:10bfa0000000000000000000000000000000000091
:10bfb00000000000f801f80100000000000000008f
:10bfc0000000000000000000000000000000000071
:10bfd00060006000f801f801600060000000f801f6
:10bfe000f801000000000000000000000000000058
:10bff00000000000f801f8010000f801f80100005d
:10c000000000000000000000000000000e0018000a
:10c010000c039801ce006000b006d806cc070006dd
:10c0200000060000000000000000f8076c03660333
:10c03000660366036c0378036003600360036003b8
:10c0400060036003000000000000f8010c030c0016
:10c050000c00f8010c030c03f801000300030c03af
:10c06000f8010000000000000000000000000000d7
:10c07000600060000000fc03fc0300006000600042
:10c0800000000000000000000000000000000000b0
:10c0900000000000c800f0000000000000000000e8
:10c0a0000000000000000000f000f8019801980175
:10c0b000f801f00000000000000000000000000097
:10c0c0000000000000000000000000000000000070
:10c0d0000000000008019c039c0308010000000010
:10c0e0000000000000000000000000000000000050
:10c0f000000000004000e000e00040000000000000
:10c10000000000000000000018001c0018001800cb
:10c110001800000000000000000000000000000007
:10c1200000000000000000003c00600038006000db
:10c130003c000000000000000000000000000000c3
:10c1400000000000000000003c00600038000c000f
:10c150007c00000000000000000000000000000063
:10c1600000000000000000000000000000000000cf
:10c17000f000f000f000f000f000f000000000001f
:10c1800000000000000000000000000000000000af
:10c19000000000000000000000000000000000009f
:10c1a000000000000000000000000000000000008f
:10c1b000000000000000000000000000000000007f
:10c1c000000000000000000000000000000000006f
:10c1d0000000780086014b03010285027b03860183
:10c1e00078000000000000000000000000000000d7
:10c1f00000007800fe01b703ff037b038703fe0105
:10c2000078000000000000000000ce01ff03ff03e3
:10c21000ff03ff03ff03fe01fe01fc00fc007800aa
:10c220003000000000000000000010001000380086
:10c230007c00fc00fe01ff03fe01fc0078003000e2
:10c2400010000000000000000000300078007800be
:10c250007800fe01ff03ff03ff03de013000300022
:10c2600030000000000000000000200030007800d6
:10c27000fc00fe01ff03ff03ff03de01300030007e
:10c28000300000000000000000000000000000007e
:10c29000000000000000000000000000000000009e
:10c2a000000000000000000000000000000000008e
:10c2b000000000000000000000000000000000007e
:10c2c000000000000000000000000000000000006e
:10c2d000000000000000000000000000000000005e
:10c2e000000000000000000000000000000000004e
:10c2f000000000000000000000000000000000003e
:10c30000000000000000000000008001e001800348
:10c3100040027c00420081008100810081004200d7
:10c320003c000000000000000000780084000201d2
:10c33000020102010201c400780010007c0010001c
:10c3400010000000000000000000000000000000dd
:10c3500000000000000000000000000000000000dd
:10c36000000000000000000000000001c001780192
:10c3700018010801080108010801c801e801e800e6
:10c380000e000f0007000000000000000000100079
:10c39000ba01c600020103038601fe01100000007d
:10c3a000000000000000000000000000000000008d
:10c3b000010007003f00ff00ff03ff003f000700f0
:10c3c000010000000000000000000000000000006c
:10c3d00000028003f003fc03ff03fc03f00380036f
:10c3e00000020000000000000000100038005400af
:10c3f00010001000100010001000100010001000bd
:10c400005400380010000000000024002400240024
:10c410002400240024002400240024000000240020
:10c4200024000000000000000000fc009e009e00b0
:10c430009e009c009800900090009000900090005a
:10c4400090009000900000000000f800040004003c
:10c450000c003800640084008c00b8006000c0004c
:10c46000800084007c00000000000000000000004c
:10c470000000fe01fe01fe010000000000000000bf
:10c480000000000000000000000010003800540010
:10c4900010001000100010001000100010005400d8
:10c4a0003800100000007c0000001000380054002c
:10c4b00010001000100010001000100010001000fc
:10c4c000100010001000000000001000100010000c
:10c4d00010001000100010001000100010001000dc
:10c4e00054003800100000000000000000000000b0
:10c4f0000000000040008000fe01800040000000bd
:10c50000000000000000000000000000000000002b
:10c510000000000008000400fe0104000800000004
:10c52000000000000000000000000000000000000b
:10c5300000000200020002000200020002000200ed
:10c54000fe010000000000000000000000000000ec
:10c550000000000048008400fe0184004800000044
:10c5600000000000000000000000000000000000cb
:10c570002000200070007800f800fc00fc01fe01a3
:10c58000ff030000000000000000000000000000a9
:10c59000ff03fe01fc01fc00f800780070002000a1
:10c5a000200000000000000000000000000000006b
:10c5b000000000000000000000000000000000007b
:10c5c000000000000000000000001000100010003b
:10c5d00010001000100010001000100000001000eb
:10c5e000100000000000000000004400440044006f
:10c5f00044000000000000000000000000000000f7
:10c6000000000000000000000000900090004800c2
:10c610004800fe0148002400ff012400240012000d
:10c6200012000000000000002000f8002c00240090
:10c630002400280030006000e000a000a000a4005a
:10c640007c0020000000000000000e02110191009b
:10c6500051004e0020001000c801280224022202ce
:10c66000c101000000000000000038004400440048
:10c67000640038000c001202310221014101c200a5
:10c68000fc0100000000000000001000100010007d
:10c69000100000000000000000000000000000008a
:10c6a0000000000000000000000080016000300079
:10c6b000100008000800080008000800080010002a
:10c6c000300060008001000000000600180030000b
:10c6d000200040004000400040004000400020009a
:10c6e0003000180006000000000010001000d60006
:10c6f0006c00280038002800000000000000000046
:10c700000000000000000000000000000000000029
:10c7100000001000100010001000ff0110001000b9
:10c7200010000000000000000000000000000000f9
:10c7300000000000000000000000000000001800e1
:10c7400018001000100008000000000000000000a9
:10c750000000000000000000fc00000000000000dd
:10c7600000000000000000000000000000000000c9
:10c7700000000000000000000000000000001800a1
:10c780001800000000000000000000018000800090
:10c7900040004000200020001000100008000800a9
:10c7a00004000400020000000000380044004400bf
:10c7b00082008200820082008200820044004400e5
:10c7c0003800000000000000000010001e001000f3
:10c7d00010001000100010001000100010001000d9
:10c7e000fe0000000000000000003e00420040008b
:10c7f000400040002000200010000800040002005b
:10c800007e0000000000000000003c0040004000ee
:10c810004000400038004000400040004000400020
:10c820003c00000000000000000020003000280054
:10c8300028002400220022002100ff002000200008
:10c84000200000000000000000007c000400040044
:10c8500004001c0020004000400040004000200078
:10c860001c0000000000000000007800040004002c
:10c8700002003a00460082008200820082004400ea
:10c8800038000000000000000000fe0080004000b2
:10c89000200020001000100008000800080004001c
:10c8a000040000000000000000007c008200820004
:10c8b000820064001800640042008200820042008e
:10c8c0003c0000000000000000003800440082002e
:10c8d000820082008200c400b80080004000400056
:10c8e0003c0000000000000000000000000000000c
:10c8f00000001800180000000000000000001800f0
:10c90000180000000000000000000000000000000f
:10c9100000001800180000000000000000001800cf
:10c9200018001000100008000000000000000000c7
:10c9300000000001c00030000c000c003000c000fe
:10c9400000010000000000000000000000000000e6
:10c95000000000000000fe0100000000fe010000d9
:10c9600000000000000000000000000000000000c7
:10c97000000002000c003000c000c00030000c00bd
:10c98000020000000000000000007e00c2008200e3
:10c99000800040002000100008000800000008008f
:10c9a0000800000000000000000078008400e200a1
:10c9b000930089008900c900c900e900b20346005c
:10c9c0007c000000000000000000000000001000db
:10c9d00038002800480044008400fe0002010201e3
:10c9e00001020000000000000000000000007e00c6
:10c9f0008200820042003e004200820082008200eb
:10ca00007e00000000000000000000000000f800b0
:10ca10008600020001000100010001000200060082
:10ca2000f8000000000000000000000000003e00d0
:10ca30004200820082008200820082008200420066
:10ca40003e00000000000000000000000000fe00aa
:10ca500002000200020002007e000200020002004a
:10ca6000fe00000000000000000000000000fe00ca
:10ca700002000200020002007e000200020002002a
:10ca80000200000000000000000000000000f001b3
:10ca90000c01040002000200c201020104010c01a9
:10caa000f001000000000000000000000000820013
:10cab0008200820082008200fe00820082008200ea
:10cac0008200000000000000000000000000fe00e6
:10cad00010001000100010001000100010001000d6
:10cae000fe000000000000000000000000007800d0
:10caf0004000400040004000400040004000400036
:10cb00003c00000000000000000000000000820067
:10cb10004200220012000e000a0012006200820091
:10cb20000201000000000000000000000000020000
:10cb300002000200020002000200020002000200e5
:10cb4000fe00000000000000000000000000c30024
:10cb5000c300c700a500a500ad00990099008100a1
:10cb600081000000000000000000000000008200c2
:10cb700086008a008a0092009200a200a200c200f1
:10cb800082000000000000000000000000007800ab
:10cb9000840002010201020102010201020184007b
:10cba00078000000000000000000000000007e008f
:10cbb00082008200820042003e0002000200020069
:10cbc00002000000000000000000000000007800eb
:10cbd000840002010201020102010201020184003b
:10cbe00078004000800100000000000000003e00ce
:10cbf00042004200420022001e00120022004200b9
:10cc00008200000000000000000000000000fc00a6
:10cc10008200020006001800600080008000c20050
:10cc20003e00000000000000000000000000ff01c6
:10cc30001000100010001000100010001000100074
:10cc40001000000000000000000000000000820052
:10cc50008200820082008200820082008200440002
:10cc60003c00000000000000000000000000010285
:10cc700002010201840084004400480048003000a2
:10cc80003000000000000000000000000000010271
:10cc900001021201320132012a014a01cc00cc000a
:10cca00084000000000000000000000000000102fd
:10ccb0000201840048003000300048008400020176
:10ccc000010200000000000000000000000001025e
:10ccd0000201840044002800100010001000100021
:10cce0001000000000000000000000000000fe0135
:10ccf0000001800040002000100008000400020035
:10cd0000fe010000000000000000f800080008001c
:10cd100008000800080008000800080008000800d3
:10cd200008000800f80000000000020004000400f1
:10cd30000800080010001000200020004000400003
:10cd4000800080000001000000003e002000200064
:10cd500020002000200020002000200020002000d3
:10cd6000200020003e0000000000200020003000d5
:10cd70005000580048008800840084000201000030
:10cd800000000000000000000000000000000000a3
:10cd90000000000000000000000000000000000093
:10cda0000000ff0300000000100020000000000051
:10cdb0000000000000000000000000000000000073
:10cdc0000000000000000000000000000000000063
:10cdd00000003c0040004000780044004200620037
:10cde000dc00000000000000000002000200020061
:10cdf00002007a0046008200820082008200460023
:10ce00003a000000000000000000000000000000e8
:10ce10000000f8000400020002000200020004000a
:10ce2000f80000000000000000008000800080008a
:10ce30008000b800c4008200820082008200c4002a
:10ce4000bc00000000000000000000000000000026
:10ce50000000780084008200fe000200020004004e
:10ce6000f8000000000000000000e00118000800c9
:10ce70000800fe010800080008000800080008007b
:10ce8000080000000000000000000000000000009a
:10ce90000000b800c4008200820082008200c4004a
:10cea000bc00800040003c000000020002000200c4
:10ceb000020072008a0086008200820082008200e6
:10cec00082000000000000000000180018000000b0
:10ced00000001e00100010001000100010001000d4
:10cee00010000000000000000000300030000000d2
:10cef00000003c0020002000200020002000200036
:10cf00002000200020001e0000000200020002009d
:10cf100002008200620012000e000a00320042008d
:10cf2000820000000000000000003c002000200003
:10cf300020002000200020002000200020002000f1
:10cf400020000000000000000000000000000000c1
:10cf50000000cd0033011101110111011101110176
:10cf600011010000000000000000000000000000af
:10cf7000000072008e008600820082008200820023
:10cf8000820000000000000000000000000000001f
:10cf900000003800440082008200820082004400c9
:10cfa0003800000000000000000000000000000049
:10cfb00000007a0046008200820082008200460063
:10cfc0003a00020002000200000000000000000021
:10cfd0000000b800c4008200820082008200c40009
:10cfe000bc00800080008000000000000000000005
:10cff0000000e40094008c0004000400040004001d
:10d00000040000000000000000000000000000001c
:10d0100000007c00020002000c00300040004200d2
:10d020003e000000000000000000000000000800ba
:10d030000800fe00080008000800080008000800ba
:10d04000f0000000000000000000000000000000f0
:10d0500000004200420042004200420042006200e2
:10d060005c00000000000000000000000000000064
:10d0700000000101820082004200440024002800d8
:10d080001800000000000000000000000000000088
:10d09000000001021102320132014a014a01cc00b2
:10d0a00084000000000000000000000000000000fc
:10d0b0000000020184004800300030004800840075
:10d0c000020100000000000000000000000000005d
:10d0d000000001020201020184004c0048003000ff
:10d0e00030001000080007000000000000000000f1
:10d0f0000000fe0180004000200010000800040035
:10d10000fe010000000000000000e0001000100020
:10d1100010001000100010000c0010001000100093
:10d1200010001000e00000000000100010001000cf
:10d13000100010001000100010001000100010006f
:10d14000100010001000000000001c002000200053
:10d150002000200020002000c0002000200020002f
:10d16000200020001c000000000000000000000063
:10d170000000000000000e023102c10100000000aa
:10d18000000000000000000000000000000000009f
:10d19000100028004400c600820082008200820045
:10d1a000fe00000000000000000000000000f80089
:10d1b00086000200010001000100010002000600db
:10d1c000f80040008000e0000000000024000000a3
:10d1d0000000420042004200420042004200620061
:10d1e0005c000000000000000000200010000000b3
:10d1f0000000780084008200fe00020002000400ab
:10d20000f8000000000000000000180024000000ea
:10d2100000003c00400040007800440042006200f2
:10d22000dc000000000000000000000024000000fe
:10d2300000003c00400040007800440042006200d2
:10d24000dc000000000000000000040008000000f6
:10d2500000003c00400040007800440042006200b2
:10d26000dc0000000000000010002800100000009a
:10d2700000003c0040004000780044004200620092
:10d28000dc000000000000000000000000000000c2
:10d290000000f80004000200020002000200040086
:10d2a000f80020004000700000001800240000007a
:10d2b0000000780084008200fe00020002000400ea
:10d2c000f80000000000000000000000480000001e
:10d2d0000000780084008200fe00020002000400ca
:10d2e000f80000000000000000000800100000002e
:10d2f0000000780084008200fe00020002000400aa
:10d30000f800000000000000000000002400000001
:10d3100000001e001000100010001000100010008f
:10d3200010000000000000000000180024000000b1
:10d3300000001e001000100010001000100010006f
:10d3400010000000000000000000080010000000b5
:10d3500000001e001000100010001000100010004f
:10d360001000000000000000440000000000100059
:10d3700038002800480044008400fe000201020139
:10d3800001020000000000003000480030003000c2
:10d39000680048004800c4008400fe010201020148
:10d3a0000102000000000000200010000000fe004c
:10d3b00002000200020002007e00020002000200e1
:10d3c000fe0000000000000000000000000000005f
:10d3d0000000ef0010011001fe01130011003100e8
:10d3e000ee01000000000000000000000000f0015d
:10d3f0003000280028002400e40024003e00220021
:10d40000e1010000000000000000180024000000fe
:10d410000000380044008200820082008200440044
:10d4200038000000000000000000000024000000a0
:10d430000000380044008200820082008200440024
:10d440003800000000000000000004000800000098
:10d450000000380044008200820082008200440004
:10d460003800000000000000000018002400000048
:10d4700000004200420042004200420042006200be
:10d480005c00000000000000000004000800000034
:10d49000000042004200420042004200420062009e
:10d4a0005c000000000000000000000024000000fc
:10d4b000000001020201020184004c00480030001b
:10d4c0003000100008000700440000000000780051
:10d4d0008400020102010201020102010201840032
:10d4e00078000000000000004400000000008200fe
:10d4f000820082008200820082008200820044005a
:10d500003c000000000000000000000000000000df
:10d510000000b8004400a200920092008a0044007b
:10d520003a000000000000000000e00010001000c1
:10d53000100010007800100010001000100008000b
:10d54000fc00000000000000000000000000780166
:10d550008400c2014201220112010a010e0184006d
:10d560007a00000000000000000000000000000041
:10d5700000000201840048003000300048008400b0
:10d580000201000000000000e00010001000100088
:10d5900010007c001000100010001000100010009f
:10d5a0001000100010000e0000002000100000000d
:10d5b00000003c004000400078004400420062004f
:10d5c000dc0000000000000000002000100000004f
:10d5d00000001e00100010001000100010001000cd
:10d5e00010000000000000000000200010000000fb
:10d5f0000000380044008200820082008200440063
:10d6000038000000000000000000200010000000b2
:10d61000000042004200420042004200420062001c
:10d620005c00000000000000000048003400000022
:10d63000000072008e00860082008200820082005c
:10d64000820000000000000058003400000082004a
:10d6500086008a008a0092009200a200a200c20006
:10d66000820000000000000000003c004000780044
:10d6700044004400f800000000000000000000002a
:10d68000000000000000000000007800840084001a
:10d69000840084007800000000000000000000000a
:10d6a000000000000000000000000000000000007a
:10d6b00000002000200000002000200010000c00ce
:10d6c000020082008600fc00000038004400ba001e
:10d6d000aa00ba004400380000000000000000006a
:10d6e000000000000000000000000000000000003a
:10d6f000000000000000fe01000100010001000028
:10d700000000000000000000000083004200420012
:10d71000220012001200c8010802040282018200e5
:10d72000c10300000000000000008300420042002e
:10d73000220012001200880148012401e2030201c4
:10d7400001010000000000000000000000000000d7
:10d750000000200020000000200020002000200009
:10d760002000200020002000000000000000000039
:10d7700000001001880044002200440088001001cd
:10d780000000000000000000000000000000000099
:10d79000000022004400880010018800440022009c
:10d7a0000000000000000000db00db000000db00e8
:10d7b000db000000db00db0000000000db00db0022
:10d7c0000000db00db0000006c036c03db00ff03e8
:10d7d0006c03db00ff036c03db00db006c03ff0367
:10d7e000db006c03ff03db00ff03ff03db00ff0331
:10d7f000ff03db00ff03ff03db00db00ff03ff038e
:10d80000db00ff03ff03db0010001000100010001e
:10d810001000100010001000100010001000100088
:10d820001000100010001000100010001000100078
:10d8300010001000100010001f0010001000100059
:10d840001000100010001000200010000000100058
:10d8500038002800480044008400fe000201020154
:10d86000010200000000000030004800000010002d
:10d8700038002800480044008400fe000201020134
:10d88000010200000000000008001000000010006d
:10d8900038002800480044008400fe000201020114
:10d8a000010200000000000000007c00c6008200b1
:10d8b00079010d01050105010d0179018200c60004
:10d8c0007c0000000000000028002800280028003c
:10d8d0002800280028002f0020002f002800280002
:10d8e00028002800280028002800280028002800f8
:10d8f00028002800280028002800280028002800e8
:10d900002800280028002800000000000000000077
:10d910000000000000003f0020002f002800280029
:10d9200028002800280028002800280028002800b7
:10d930002800280028002f0020003f0000000000e1
:10d94000000000000000000000002000f80024009b
:10d950002200220022002200220022002c00f800d7
:10d96000200000000000000000000102020184000d
:10d970004400280010007c00100010007c00100003
:10d980001000000000000000000000000000000087
:10d9900000000000000000001f0010001000100038
:10d9a00010001000100010001000100010001000f7
:10d9b0001000100010001000f00300000000000034
:10d9c0000000000000000000100010001000100017
:10d9d0001000100010001000ff0300000000000005
:10d9e0000000000000000000000000000000000037
:10d9f0000000000000000000ff03100010001000f5
:10da00001000100010001000100010001000100096
:10da10001000100010001000f003100010001000a3
:10da200010001000100010000000000000000000b6
:10da30000000000000000000ff03000000000000e4
:10da40000000000000000000100010001000100096
:10da50001000100010001000ff0310001000100054
:10da600010001000100010000000480034000000fa
:10da700000003c004000400078004400420062008a
:10da8000dc0000000000000058003400000010001e
:10da900038002800480044008400fe000201020112
:10daa00001020000000000002800280028002800d3
:10dab000280028002800e8030800f8030000000000
:10dac0000000000000000000000000000000000056
:10dad000000000000000f8030800e8032800280008
:10dae00028002800280028002800280028002800f6
:10daf000280028002800ef030000ff0300000000ba
:10db00000000000000000000000000000000000015
:10db1000000000000000ff030000ef0328002800c1
:10db200028002800280028002800280028002800b5
:10db3000280028002800e8030800e803280028003f
:10db40002800280028002800000000000000000035
:10db5000000000000000ff030000ff0300000000c1
:10db60000000000000000000280028002800280015
:10db7000280028002800ef030000ef0328002800f9
:10db800028002800280028000000000000000201f2
:10db9000fc008400840084008400fc00020100007a
:10dba000000000000000000000002e0018002c0003
:10dbb00040007800c400820082008200820044009d
:10dbc00038000000000000000000000000003e00df
:10dbd0004200820082008f008200820082004200a8
:10dbe0003e00000000000000300048000000fe0081
:10dbf00002000200020002007e0002000200020099
:10dc0000fe00000000000000440000000000fe00d4
:10dc100002000200020002007e0002000200020078
:10dc2000fe00000000000000100020000000fe00c8
:10dc300002000200020002007e0002000200020058
:10dc4000fe000000000000000000000000000000d6
:10dc500000001e0010001000100010001000100046
:10dc60001000000000000000200010000000fe0076
:10dc70001000100010001000100010001000100024
:10dc8000fe00000000000000300048000000fe0020
:10dc90001000100010001000100010001000100004
:10dca000fe00000000000000440000000000fe0034
:10dcb00010001000100010001000100010001000e4
:10dcc000fe00000000000000100010001000100016
:10dcd00010001000100010001f00000000000000e5
:10dce0000000000000000000000000000000000034
:10dcf0000000000000000000f00310001000100001
:10dd00001000100010001000ff03ff03ff03ff03cb
:10dd1000ff03ff03ff03ff03ff03ff03ff03ff03f3
:10dd2000ff03ff03ff03ff030000000000000000eb
:10dd30000000000000000000ff03ff03ff03ff03db
:10dd4000ff03ff03ff03ff0300001000100010009b
:10dd50001000100010000000000000001000100073
:10dd60001000100010000000080010000000fe006d
:10dd70001000100010001000100010001000100023
:10dd8000fe00000000000000ff03ff03ff03ff038d
:10dd9000ff03ff03ff03ff0300000000000000007b
:10dda00000000000000000002000100000007800cb
:10ddb0008400020102010201020102010201840049
:10ddc000780000000000000000001c00220022007b
:10ddd0002200120012001200220042008200820083
:10dde00072000000000000003000480000007800d1
:10ddf0008400020102010201020102010201840009
:10de0000780000000000000008001000000078000a
:10de100084000201020102010201020102018400e8
:10de200078000000000000000000480034000000fe
:10de3000000038004400820082008200820044001a
:10de40003800000000000000580034000000780096
:10de500084000201020102010201020102018400a8
:10de6000780000000000000000000000000000003a
:10de70000000820082008200820082008200c600d0
:10de8000ba000200020002000000020002000200cc
:10de900002007a0046008200820082008200460072
:10dea0003a00020002000200000000000000020030
:10deb00002007e0082008200820042003e000200da
:10dec000020000000000000020001000000082009e
:10ded0008200820082008200820082008200440070
:10dee0003c000000000000003000480000008200fc
:10def0008200820082008200820082008200440050
:10df00003c0000000000000008001000000082003b
:10df1000820082008200820082008200820044002f
:10df20003c00000000000000000020001000000085
:10df3000000001020201020184004c004800300090
:10df4000300010000800070020001000000001024f
:10df5000020184004400280010001000100010008e
:10df60001000000000000000ff030000000000009f
:10df700000000000000000000000000000000000a1
:10df80000000000000000000100008000000000079
:10df90000000000000000000000000000000000081
:10dfa0000000000000000000000000000000000071
:10dfb0000000000000000000fc0000000000000065
:10dfc0000000000000000000000000000000000051
:10dfd000000020002000fe012000200000000000c2
:10dfe000fe01000000000000000000000000000032
:10dff0000000000000000000000000000000000021
:10e000000000ff030000ff0300000f02080186006c
:10e010004c0048002700900148012801e403020158
:10e0200001010000000000000000fc009e009e00b6
:10e030009e009c009800900090009000900090003e
:10e0400090009000900000000000f8000400040020
:10e050000c003800640084008c00b8006000c00030
:10e06000800084007c000000000000000000000030
:10e0700000003000300000000000fe010000300011
:10e080003000000000000000000000000000000060
:10e090000000000000000000000000000000000080
:10e0a00000002000400070000000300048004800e0
:10e0b0003000000000000000000000000000000030
:10e0c000000000000000000044000000000000000c
:10e0d0000000000000000000000000000000000040
:10e0e0000000000000000000000000000000000030
:10e0f00000000000000000003000300000000000c0
:10e1000000000000000000000000180010001000d7
:10e1100010001000100000000000000000000000cf
:10e12000000000000000000000007c0040003800fb
:10e13000400040003c000000000000000000000023
:10e14000000000000000000000003c004000400013
:10e15000300008007c00000000000000000000000b
:10e1600000000000000000000000000000000000af
:10e170000000fe01fe01fe01fe01fe01fe01fe01a6
:10e18000fe01000000000000000000000000000090
:10e19000000000000000000000000000000000007f
:10e1a000000000000000000000000000000000006f
:10e1b00000000000007ec381a581bd99c37e0000e0
:10e1c000007effffdbffc3e7ff7e00000000227739
:10e1d0007f7f7f3e1c08000000081c3e7f7f3e1ca6
:10e1e0000800000000183c3cffe7e718187e00001c
:10e1f00000183c7effff7e18187e00000000000023
:10e20000000000000000000000000000000000000e
:10e2100000000000000000000000000000000000fe
:10e22000000000000000000000000000007c705ca6
:10e230004e1f3333331e0000003c6666663c187e7a
:10e24000181800000000000000000000000000009e
:10e2500000fec6fec6c6c6e6e7670300000018db80
:10e260007ee7e77edb180000000103071f7f1f0722
:10e2700003010000004060707c7f7c706040000003
:10e2800000183c7e1818187e3c1800000066666670
:10e29000666600006666000000fedbdbdbded8d8c9
:10e2a000d8d80000007ec60c3c66663c30637e0019
:10e2b000000000000000007f7f7f000000183c7e0f
:10e2c0001818187e3c187e0000183c7e1818181884
:10e2d00018180000001818181818187e3c180000ac
:10e2e00000000018307f3018000000000000000c13
:10e2f000067f060c00000000000000000303037fff
:10e30000000000000000002466ff662400000000fa
:10e31000000008081c1c3e3e7f7f000000007f7f3d
:10e320003e3e1c1c08080000000000000000000029
:10e3300000000000000c1e1e1e0c0c000c0c000047
:10e340000066666624000000000000000036367f8c
:10e350003636367f363600000c0c3e03031e303056
:10e360001f0c0c000000002333180c063331000092
:10e37000000e1b1b0e5f7b333b6e0000000c0c0c71
:10e3800006000000000000000030180c0606060c15
:10e390001830000000060c18303030180c06000051
:10e3a000000000663cff3c66000000000000001812
:10e3b000187e181800000000000000000000000097
:10e3c0001c1c060000000000007f00000000000090
:10e3d00000000000000000001c1c00000000406065
:10e3e00030180c0603010000003e63737b6b6f67ff
:10e3f000633e000000080c0f0c0c0c0c0c3f0000de
:10e40000001e333330180c06333f0000001e33303b
:10e41000301c3030331e00000030383c36337f3043
:10e4200030780000003f0303031f3030331e00002c
:10e43000001c0603031f3333331e0000007f636399
:10e440006030180c0c0c0000001e3333331e3333c5
:10e45000331e0000001e3333333e18180c0e00002c
:10e460000000001c1c00001c1c0000000000001c20
:10e470001c00001c1c180c000030180c0603060cb5
:10e4800018300000000000007e007e000000000048
:10e4900000060c18306030180c060000001e3330e7
:10e4a000180c0c000c0c0000003e63637b7b7b03ac
:10e4b000033e0000000c1e3333333f333333000080
:10e4c000003f6666663e6666663f0000003c666327
:10e4d00003030363663c0000001f366666666666db
:10e4e000361f0000007f4606263e2606467f0000b7
:10e4f000007f6646263e2606060f0000003c666347
:10e5000003037363667c000000333333333f3333dc
:10e5100033330000001e0c0c0c0c0c0c0c1e000005
:10e520000078303030303333331e000000676636f9
:10e53000361e363666670000000f0606060646667b
:10e54000667f00000063777f7f6b63636363000017
:10e55000006363676f7f7b7363630000001c366337
:10e5600063636363361c0000003f6666663e060612
:10e57000060f0000001c36636363737b3e30780037
:10e58000003f6666663e366666670000001e3333ef
:10e59000030e1833331e0000003f2d0c0c0c0c0c26
:10e5a0000c1e00000033333333333333331e00008b
:10e5b00000333333333333331e0c000000636363a3
:10e5c000636b6b3636360000003333331e0c1e335c
:10e5d0003333000000333333331e0c0c0c1e0000a9
:10e5e000007f7319180c0646637f0000003c0c0c7a
:10e5f0000c0c0c0c0c3c000000000103060c183045
:10e6000060400000003c303030303030303c0000a2
:10e61000081c36630000000000000000000000003d
:10e62000000000000000ff000c0c180000000000bb
:10e6300000000000000000001e303e33336e00007a
:10e64000000706063e666666663b000000000000a6
:10e650001e330303331e0000003830303e333333a3
:10e66000336e0000000000001e333f03331e000025
:10e67000001c3606061f0606060f000000000000fc
:10e680006e3333333e30331e00070606366e666641
:10e6900066670000001818001e181818187e000081
:10e6a000003030003c3030303033331e0007060677
:10e6b00066361e3666670000001e181818181818ef
:10e6c000187e0000000000003f6b6b6b6b63000066
:10e6d000000000001f33333333330000000000001c
:10e6e0001e333333331e0000000000003b666666b5
:10e6f000663e060f000000006e333333333e307841
:10e700000000000037766e06060f000000000000d3
:10e710001e330618331e0000000004063f060606de
:10e72000361c00000000000033333333336e00002a
:10e7300000000000333333331e0c000000000000e3
:10e7400063636b6b363600000000000063361c1cf0
:10e750003663000000000000666666663c30180ff5
:10e76000000000003f311806233f000000380c0c69
:10e770000603060c0c3800000018181818001818aa
:10e780001818000000070c0c1830180c0c070000bb
:10e7900000ce5b73000000000000000000000008d5
:10e7a0001c3663637f000000001e33330303033312
:10e7b000331e0c060033330033333333336e000023
:10e7c00030180c001e333f03331e00000c1e3300b4
:10e7d0001e303e33336e0000003333001e303e33b4
:10e7e000336e000003060c001e303e33336e000013
:10e7f0001c36361c1f303e33336e00000000000014
:10e800001e330303331e0c060c1e33001e333f035e
:10e81000033e0000003333001e333f03033e00007d
:10e8200003060c001e333f03033e00000036360093
:10e830001e181818187e0000081c36001e1818181c
:10e84000187e0000060c18001e181818187e00000c
:10e850000033000c1e33333f333300001e33331eae
:10e860001e33333f333300003018003f23031f03b0
:10e87000233f0000000000007fd8fe1b1bf70000b4
:10e88000007c1e1b1b7f1b1b1b7b00000c1e330010
:10e890001e333333331e0000003333001e33333353
:10e8a000331e000003060c001e333333331e0000fa
:10e8b0000c1e330033333333336e000003060c0079
:10e8c00033333333336e0000006666006666666677
:10e8d0003c30180f0033001e33333333331e000037
:10e8e0003300333333333333331e00000000000072
:10e8f0001e333b37331e00003c660606063f060605
:10e90000037f0000005c36736b6b6b67361d000085
:10e91000000000000063361c3663000070d8181831
:10e920007e1818181b0e000030180c001e303e33e5
:10e93000336e000030180c001e181818187e0000e6
:10e9400030180c001e333333331e000030180c0017
:10e9500033333333336e0000006e3b001f333333e9
:10e96000333300006e3b0063676f7b7363630000ab
:10e97000001e33337e007f0000000000001e333392
:10e980001e007f0000000000000c0c000c060303ba
:10e99000331e0000001c225d555d4d55221c0000f9
:10e9a00000000000003f30303000000000466736b5
:10e9b0001e0c76c36130f80000c667361eecf6db2d
:10e9c000cdfcc000000c0c000c0c1e1e1e0c000028
:10e9d00000000000cc66333366cc0000000000006d
:10e9e0003366cccc663300002449922449922449f2
:10e9f00092244992aa55aa55aa55aa55aa55aa558c
:10ea0000b6db6db6db6db6db6db6db6d18181818ae
:10ea1000181818181818181818181818181f18186f
:10ea2000181818183018000c1e33333f3333000009
:10ea30001e33000c1e33333f33330000060c000c32
:10ea40001e33333f33330000001c225d4545455dd6
:10ea5000221c0000666666666760606766666666ba
:10ea600066666666666666666666666600000000de
:10ea70007f60606766666666666666666760607f1a
:10ea800000000000000c0c1e330303331e0c0c00ae
:10ea9000333333331e3f0c3f0c0c000000000000ea
:10eaa000001f1818181818181818181818f8000047
:10eab000000000001818181818ff000000000000df
:10eac0000000000000ff1818181818181818181857
:10ead00018f81818181818180000000000ff000097
:10eae000000000001818181818ff1818181818181f
:10eaf000006e3b001e303e33336e00006e3b000c58
:10eb00001e33333f3333000066666666e60606fe54
:10eb10000000000000000000fe0606e6666666666d
:10eb200066666666e70000ff000000000000000067
:10eb3000ff0000e76666666666666666e60606e6e7
:10eb40006666666600000000ff0000ff000000002f
:10eb500066666666e70000e76666666600000000b7
:10eb600000633e363e630000330c1b30607e6363ff
:10eb7000633e0000001f3666666f6666361f000043
:10eb80001e33003f23031f03233f00000033003fd9
:10eb900023031f03233f0000060c003f23031f0332
:10eba000233f0000000f0c0c0c3f00000000000091
:10ebb000180c001e0c0c0c0c0c1e00001e33001e4a
:10ebc0000c0c0c0c0c1e00000033001e0c0c0c0c6a
:10ebd0000c1e000018181818181f00000000000074
:10ebe0000000000000f8181818181818ffffffffa1
:10ebf000ffffffffffffffff000000000000ffff1f
:10ec0000ffffffff00181818180018181818000048
:10ec1000060c001e0c0c0c0c0c1e0000ffffffff6e
:10ec2000ffff000000000000180c001e33333333d8
:10ec3000331e0000001e33331b3333331f03060023
:10ec40001e33001e33333333331e0000060c001e08
:10ec500033333333331e0000006e3b001e33333337
:10ec6000331e00006e3b001e33333333331e00006f
:10ec7000000000006666666666de060300000706a2
:10ec80003e66663e060f0000000f063e6666663e64
:10ec9000060f0000180c003333333333331e0000eb
:10eca0001e33003333333333331e0000060c00337e
:10ecb00033333333331e00006030180066666666f7
:10ecc0003c30180f180c003333331e0c0c1e0000a0
:10ecd000003f0000000000000000000030180c00a1
:10ece000000000000000000000000000003f0000e5
:10ecf0000000000000000c0c3f0c0c003f00000066
:10ed000000000000001f00001f00000007cc663c50
:10ed10001fecf6dbcdfcc00000fedbdbdbded8d871
:10ed2000d8d80000007ec60c3c66663c30637e008e
:10ed300000000c0c003f000c0c0000000000000064
:10ed40000000000000000c0e003c6666663c0000ff
:10ed50000000000000330000000000000000000080
:10ed6000000000000018000000000000000c0e0c65
:10ed70000c1e000000000000001e301c301e0000b1
:10ed800000000000001e30180c3e000000000000d3
:10ed90000000003f3f3f3f3f3f00000000000000f9
:10eda0000000000000000000000000000000000063
:10edb0007e81a581bd99817e7effdbffc3e7ff7e5b
:10edc000367f7f7f3e1c0800081c3e7f3e1c0800eb
:10edd0001c3e1c7f7f6b081c08081c3e7f3e081ce5
:10ede0000000000000000000000000000000000023
:10edf0000000000000000000000000000000000013
:10ee0000f0e0f0be3333331e3c6666663c187e1875
:10ee10000000000000000000fec6fec6c6e6670354
:10ee2000995a3ce7e73c5a9901071f7f1f070100e9
:10ee300040707c7f7c704000183c7e18187e3c1827
:10ee40006666666666006600fedbdbded8d8d80044
:10ee50007ec31e33331e311f000000007e7e7e0005
:10ee6000183c7e187e3c18ff183c7e1818181800b5
:10ee7000181818187e3c18000018307f3018000051
:10ee8000000c067f060c000000000303037f000057
:10ee9000002466ff6624000000183c7effff00008f
:10eea00000ffff7e3c180000000000000000000092
:10eeb0000c1e1e0c0c000c00363636000000000044
:10eec00036367f367f3636000c3e031e301f0c0070
:10eed000006333180c6663001c361c6e3b336e00f7
:10eee0000606030000000000180c0606060c1800b9
:10eef000060c1818180c060000663cff3c66000063
:10ef0000000c0c3f0c0c000000000000000e0c0672
:10ef10000000003f0000000000000000000c0c009a
:10ef20006030180c060301001e333b3f37331e00d0
:10ef30000c0f0c0c0c0c3f001e33301c06333f0032
:10ef40001e33301c30331e00383c36337f303000e7
:10ef50003f031f3030331e001c06031f33331e00d7
:10ef60003f3330180c0606001e33331e33331e00a9
:10ef70001e33333e30180e0000000c0c000c0c0049
:10ef800000000c0c000e0c06180c0603060c1800f2
:10ef900000003f003f000000060c1830180c06006f
:10efa0001e3330180c000c003e637b7b7b031e007d
:10efb0000c1e33333f3333003f66663e66663f00c8
:10efc0003c66030303663c003f36666666363f00d8
:10efd0007f46161e16467f007f46161e16060f0039
:10efe0003c66030373667c003333333f33333300b3
:10eff0001e0c0c0c0c0c1e007830303033331e000d
:10f000006766361e366667000f06060646667f0090
:10f0100063777f6b6363630063676f7b7363630016
:10f020001c36636363361c003f66663e06060f00af
:10f030001e3333333b1e38003f66663e1e36670084
:10f040001e33071c38331e003f2d0c0c0c0c1e0009
:10f050003333333333333f0033333333331e0c0016
:10f060006363636b7f7763006363361c366363009f
:10f070003333331e0c0c1e007f33190c46637f00a4
:10f080001e06060606061e0003060c183060400029
:10f090001e18181818181e00081c366300000000ff
:10f0a00000000000000000ff0c0c18000000000031
:10f0b00000001e303e336e0007063e6666663d0069
:10f0c00000001e3303331e003830303e33336e00f1
:10f0d00000001e333f031e001c36060f06060f00fd
:10f0e00000006e33333e301f0706366e66666700db
:10f0f0000c000e0c0c0c1e0018001e1818181b0e0d
:10f10000070666361e3667000e0c0c0c0c0c1e0033
:10f110000000377f6b63630000001f33333333001d
:10f1200000001e3333331e0000003b66663e060fb0
:10f1300000006e33333e307800001b3636060f0079
:10f1400000003e031e301f00080c3e0c0c2c180063
:10f150000000333333336e0000003333331e0c00b2
:10f16000000063636b7f3600000063361c3663006b
:10f1700000003333333e301f00003f190c263f00a0
:10f18000380c0c070c0c3800181818001818180048
:10f19000070c0c380c0c07006e3b00000000000050
:10f1a000081c366363637f001e330303331e0c06a3
:10f1b0000033003333337e00180c1e333f031e0030
:10f1c0007ec33c607c66fc0033001e303e337e0014
:10f1d000060c1e303e337e003c663c607c66fc00c4
:10f1e000001e3303331e0c067ec33c667e063c00c5
:10f1f00033001e333f031e00060c1e333f031e0068
:10f2000033000e0c0c0c1e003e631c1818183c003a
:10f21000060c0e0c0c0c1e00330c1e33333f330057
:10f220000c120c1e333f3300180c3f061e063f0025
:10f230000000fe30fe33fe007c36337f3333730034
:10f240001e33001e33331e000033001e33331e00f6
:10f25000060c001e33331e001e33003333337e0092
:10f26000060c003333337e0000330033333f301f4e
:10f2700063003e6363633e003300333333331e0069
:10f2800000003e736b673e001c36260f06673f008a
:10f290005c36736b67361d000000331e0c1e330096
:10f2a00070d8187e18181b0e180c1e303e337e00c6
:10f2b000180c0e0c0c0c1e003018001e33331e00f0
:10f2c0003018003333337e006e3b001f333333007e
:10f2d0006e3b00373f3b33003c36367c007e0000ff
:10f2e0003c66663c007e00000c000c0603331e00ea
:10f2f0003c5aa59d95663c000000003f3030000060
:10f3000067361e7ec67319f867361ecee6b3f9c09f
:10f3100000180018183c3c1800cc663366cc00007e
:10f32000003366cc6633000044114411441144118b
:10f33000aa55aa55aa55aa55bbeebbeebbeebbee2d
:10f340001818181818181818181818181f18181836
:10f3500030180c1e333f33001e210c1e333f330088
:10f3600003060c1e333f33003c429d859d423c000a
:10f370006c6c6f606f6c6c6c6c6c6c6c6c6c6c6cd3
:10f3800000007f606f6c6c6c6c6c6f607f000000c5
:10f3900018187e03037e181833331e3f0c3f0c0ce5
:10f3a000000000001f18181818181818f80000009e
:10f3b00018181818ff00000000000000ff181818a7
:10f3c00018181818f818181800000000ff0000009e
:10f3d00018181818ff1818186e3b1e303e337e00a0
:10f3e0006e3b0c1e333f33006c6cec0cfc000000d9
:10f3f0000000fc0cec6c6c6c6c6cef00ff0000000f
:10f400000000ff00ef6c6c6c6c6cec0cec6c6c6cca
:10f410000000ff00ff0000006c6cef00ef6c6c6cf4
:10f4200000417f36367f41001b0e1b303c361c00ee
:10f430003f36666f66363f001e213f061e063f00c0
:10f4400033003f061e063f00060c3f061e063f0027
:10f450000003020700000000180c1e0c0c0c1e001c
:10f460001e211e0c0c0c1e0033001e0c0c0c1e006a
:10f47000181818181f00000000000000f8181818cd
:10f48000ffffffffffffffff00000000ffffffff88
:10f490001818180018181800060c1e0c0c0c1e006a
:10f4a000ffffffff00000000180c3e6363633e0097
:10f4b000001e331f331f03033e413e6363633e0060
:10f4c0000c183e6363633e006e3b001e33331e0028
:10f4d0006e3b3e6363633e0000666666663e0603ff
:10f4e00000071e361e060f000f063e663e060f0082
:10f4f000180c333333331e001e21003333331e0008
:10f50000060c333333331e00180c0033333f301fe7
:10f51000180c33331e0c1e00003f000000000000da
:10f52000180c000000000000000000003f00000078
:10f530000c0c3f0c0c003f000000003f003f00009f
:10f5400067341ecce7b3f9c0fedbdbded8d8d800c9
:10f550007ec31e33331e311f0c0c003f000c0c0009
:10f560000000000000000c061c36361c00000000e5
:10f570000033000000000000000000001800000040
:10f580001c1e18187e0000003e703c703e000000fb
:10f590001e301c063e00000000003c3c3c3c0000cd
:10f5a000000000000000000000000000000000005b
:10f5b0001c2236222a221c001c3e2a3e223e1c000f
:10f5c00000143e3e3e1c080000081c3e3e1c080085
:10f5d000081c1c083e3e080000081c3e3e081c009b
:10f5e000000000000000000000000000000000001b
:10f5f000000000000000000000000000000000000b
:10f600000038302c12120c001c22221c081c08008e
:10f610000000000000000000302c342c34360600be
:10f62000002a1c361c2a0000040c1c3c1c0c040084
:10f6300010181c1e1c181000081c3e083e1c080058
:10f6400014141414140014003c2a2a2c282828000e
:10f650001c220c1418221c0000000000001e1e00ba
:10f66000081c3e083e1c081c081c3e080808080030
:10f67000080808083e1c08000008183e180800008a
:10f6800000080c3e0c0800000000000202023e00d0
:10f690000014143e1414000008081c1c3e3e000018
:10f6a0003e3e1c1c08080000000000000000000096
:10f6b000081c1c0808000800363612000000000074
:10f6c00000143e14143e1400041c020c100e08001a
:10f6d0002626100804323200040a0a042a122c00da
:10f6e0000c0c0400000000000804040404040800da
:10f6f000040808080808040000141c3e1c1400003c
:10f700000008083e0808000000000000000c0c047f
:10f710000000003e0000000000000000000c0c0093
:10f7200000201008040200001c22322a26221c009d
:10f73000080c080808081c001c22201804023e00bf
:10f740001c22201c20221c00101814123e10100035
:10f750003e02021e20221c001804021e22221c004f
:10f760003e201008040404001c22221c22221c003b
:10f770001c22223c20100c0000000c0c000c0c0081
:10f7800000000c0c000c0c0410080402040810000b
:10f7900000003e00003e0000040810201008040095
:10f7a0001c222018080008001c223a2a3a021c00d9
:10f7b0001c2222223e2222001e22221e22221e0063
:10f7c0001c22020202221c001e22222222221e00d1
:10f7d0003e02021e02023e003e02021e0202020021
:10f7e0001c22023a22223c002222223e2222220015
:10f7f0001c08080808081c002020202022221c00c9
:10f8000022120a060a1222000202020202023e002c
:10f8100022362a222222220022262a3222222200d4
:10f820001c22222222221c001e22221e0202020070
:10f830001c2222222a122c001e22221e1222220008
:10f840001c22021c20221c003e0808080808080090
:10f850002222222222221c002222222222140800fa
:10f8600022222a2a2a2a14002222140814222200e0
:10f8700022222214080808001e10080402021e009a
:10f880001c04040404041c000002040810200000ee
:10f890001c10101010101c000814220000000000a2
:10f8a000000000000000003f0c0c080000000000f9
:10f8b00000001c203c223c0002021e2222221e00cc
:10f8c00000001c2202221c0020203c2222223c009c
:10f8d00000001c221e021c001804041e0404040064
:10f8e00000003c22223c201c02020e1212121200c6
:10f8f0000800080808081800100018101010120c52
:10f900000202120a060a120008080808080818006d
:10f910000000162a2a22220000000e1212121200e3
:10f9200000001c2222221c0000001e2222221e0295
:10f9300000003c2222223c2000001a2404040e0075
:10f9400000001c021c201c0000041e0404140800fb
:10f9500000001212121a14000000222222140800c1
:10f96000000022222a3e1400000012120c12120083
:10f9700000001212121c080600001e100c021e00cd
:10f980001804040604041800080808000808080001
:10f990000c10103010100c00140a000000000000c1
:10f9a000081c3622223e00001c220202221c080ce7
:10f9b00012001212121a140030001c221e021c0027
:10f9c0001c001c203c223c0014001c203c223c005b
:10f9d0000c001c203c223c001c141c203c223c003f
:10f9e000001c2202221c080c1c001c221e021c00ef
:10f9f00014001c221e021c000c001c221e021c00f3
:10fa000014000808080818001c0008080808180056
:10fa1000040008080808180014000814223e2200f8
:10fa20001c141c36223e220030003e021e023e0004
:10fa300000001e283e0a3c003c0a0a3e0a0a3a0020
:10fa40001c000c1212120c0014000c1212120c00ea
:10fa500006000c1212120c001c001212121a1400d2
:10fa600006001212121a140014001212121c0806b8
:10fa7000120c121212120c001400121212120c00ac
:10fa80000000201c1a160e011824041e04243a003b
:10fa90003c322a2a2a261e000022140814220000c2
:10faa0001028081c08080a0418001c203c223c00ee
:10fab000180008080808180018000c1212120c0090
:10fac00018001212121a1400140a000e1212120058
:10fad000140a0012161a12001c203c223c003c00a2
:10fae0000c1212120c001e000800080c02221c004e
:10faf0001e29352d35211e0000003f20200000006a
:10fb000002120a1c2210380002120a342a3820007d
:10fb1000080008081c1c0800000024122400000033
:10fb200000001224120000002a0015002a0015000f
:10fb30002a152a152a152a15153f2a3f153f2a3f4f
:10fb400008080808080808080808080f080808082e
:10fb500018000814223e22001c000814223e220035
:10fb60000c000814223e22001e212d252d211e00ee
:10fb70000a0b080b0a0a0a0a0a0a0a0a0a0a0a0ae5
:10fb8000000f080b0a0a0a0a0a0b080f00000000ff
:10fb900000081c02021c08002214083e083e08004f
:10fba0000000000f080808080808083800000000d6
:10fbb0000808083f000000000000003f080808088f
:10fbc00008080838080808080000003f0000000086
:10fbd0000808083f0808080828141c203c223c009c
:10fbe00028140814223e22000a3a023e00000000b7
:10fbf000003e023a0a0a0a0a0a3b003f00000000df
:10fc0000003f003b0a0a0a0a0a3a023a0a0a0a0aaa
:10fc1000003f003f000000000a3b003b0a0a0a0abe
:10fc2000221c2222221c22000c0204081c120c009e
:10fc30001c24242e24241c001c003e021e023e0014
:10fc400014003e021e023e000c003e021e023e0058
:10fc5000080808000000000018001c0808081c0024
:10fc60001c001c0808081c0014001c0808081c00c4
:10fc70000808080f00000000000000380808080805
:10fc80003f3f3f3f3f3f3f3f000000003f3f3f3f80
:10fc900008080800080808000c001c0808081c00d8
:10fca0003f3f3f3f00000000180c121212120c00e0
:10fcb000000e120e12120e021c0c121212120c0066
:10fcc000060c121212120c00140a000c12120c0074
:10fcd000140a0c1212120c0000001212120e020270
:10fce0000006020e120e020606020e12120e020686
:10fcf0001800121212120c001c00121212120c0028
:10fd00000600121212120c0018001212121c080621
:10fd10001800221408080800001c00000000000061
:10fd20000c0c0400000000000000001c000000009b
:10fd300000081c08001c000000003e00003e0000ff
:10fd400003160b342a3820003c2a2a2c28282800a5
:10fd50001c220c1418221c000008003e00080000a1
:10fd60000000001c180000000c12120c0000000023
:10fd7000000000140000000000000004000000006b
:10fd800004060404000000000e040c06000000003d
:10fd90000608040e0000000000001e1e1e1e0000cb
:10fda0000000000000000000000000000000000053
:10fdb0000e111b111f0e00000e151f111f0e00004b
:10fdc0000a1f1f1f0e04000004040e1f0e0404006f
:10fdd000040e041f15040e00040e1f1f15040e0050
:10fde0000000000000000000000000000000000013
:10fdf0000000000000000000000000000000000003
:10fe000018180e1111110e000e1111110e040e040e
:10fe10000000000000000000181e12121a1b030050
:10fe200000150e1b0e1500000001071f0701000042
:10fe300000101c1f1c100000040e0404040e04001b
:10fe4000000a0a0a000a00000e0b0b0a0a0a0a003e
:10fe50000c02040a040806000000001e1e00000038
:10fe6000040e040e04000e00040e04040404040036
:10fe700004040404040e04000000081e080000002e
:10fe80000000041e0400000000000202021e000028
:10fe900000000a1f0a0000000004040e0e1f0000ec
:10fea000001f0e0e0404000000000000000000000f
:10feb00004040404000400000a0a0000000000001a
:10fec00000141f0a1f050000040e06040c0e040097
:10fed00012150e0e15090000040a06150916000079
:10fee00004040000000000001804020202041800cc
:10fef0000304080808040300040a040a00000000c0
:10ff0000000000040e0400000000000000040402d1
:10ff10000000000e000000000000000000040000cf
:10ff200010080804040202000c121212120c000045
:10ff300004060404040e000006080804020e000073
:10ff40000608060808060000080c0a1e080800003b
:10ff50000e020608080600000c020e12120c000029
:10ff60001e100804040400000c120c12120c0000f5
:10ff70000c12121c100c0000000004000004000011
:10ff8000000004000004040200100806081000002d
:10ff900000001e001e000000000204180402000001
:10ffa0000e100804000400000c1219151d011e009b
:10ffb00000040a0a1f110000000e0a060a0e0000c3
:10ffc000001c0202021c0000000e1212120e0000a1
:10ffd000000e020e020e0000000e020e02020000d1
:10ffe000001c021a121c00000012121e1212000045
:10fff000000e0404040e0000000e080808060000ad
:020000041d01dc
:1000000000120a060a12000000020202021e00008c
:1000100000111b15151100000012161a1212000013
:10002000000e1111110e0000000e120e020200004f
:10003000000e1111110e081000060a060a12000027
:10004000000c020408060000001f04040404000061
:1000500000121212120c0000001212120c0c0000fe
:10006000001115150a0a000000110a040a11000007
:1000700000110a0404040000001e100c021e0000ff
:100080000c04040404040c00010202040408080027
:100090000604040404040600040a0a111100000006
:1000a0000000000000001f0002040000000000002b
:1000b000000006080e1e000002020e12120e0000c2
:1000c00000000c02020c000008080e09090e0000d6
:1000d0000000040e020c000018041e0404040000ba
:1000e00000001c121e100e0002020a16121200005e
:1000f000040006040404000008000e0808080600b6
:1001000002020a060a1200000604040404040000a5
:100110000000151f1515000000000a16121200003d
:1001200000000c12120c000000000e12120e020051
:1001300000000e09090e080000000a060202000075
:1001400000000c060806000000041e04040800005d
:10015000000012121a140000000012120c0c000011
:10016000000015150e0a00000000120c0c12000011
:10017000000012120c0c070000000e0c020e000012
:100180000804040204040800040404040404040031
:100190000204040804040200000000160900000024
:1001a00000040a0a0a0e0000001c0202021c0804d5
:1001b000120012121a1400001008040e020c0000a3
:1001c0000c1206080e1e00000a0006080e1e000093
:1001d000010206080e1e0000040a06080e1e00009a
:1001e00000000c02020c08040c12040e020c0000a9
:1001f0000a00040e020c00000102040e020c0000b2
:100200000a000604040400000c12060404040000a2
:1002100001020604040400000a040a0a1f11000077
:10022000040a040a1f110000100e020e020e000044
:1002300000000b1c07190000001c0a1a0f1900000f
:1002400006090c12120c000012000c12120c000015
:1002500001020c12120c0000060912121a140000fe
:10026000020412121a140000120012120c0c0700e1
:10027000110e1111110e000009121212120c0000c1
:1002800000100c1a160c020000040206030e0000f7
:10029000100e1915130e01000000120c0c120000b4
:1002a0000804040e04040200100806080e1e0000d4
:1002b000100806040404000010080c12120c0000c0
:1002c000100812121a1400001e000a161212000062
:1002d0001f12161a1212000006080e0a0e00000065
:1002e000040a0a0a040000000004000404080600ce
:1002f0000e1d1d151d0e00000000000e0808000058
:10030000130a1e140a190000130a0a141a11000015
:10031000000004000404040000140a050a1400008c
:1003200000050a140a050000150015001500150047
:10033000150a150a150a150a1f151f151f151f1571
:10034000040404040404040404040407040404046a
:1003500008040a0a1f1100000c12040a1f110000f1
:1003600002040a0a1f1100000e111d151d110e00b6
:100370000a0a0b080b0a0a0a0a0a0a0a0a0a0a0add
:1003800000000f080b0a0a0a0a0a0b080f000000f7
:1003900000040e020e04000000110a040e04000006
:1003a00000000007040404040404041c000000000e
:1003b0000404041f000000000000001f04040404e3
:1003c0000404041c040404040000001f00000000d6
:1003d0000404041f04040404160906080e1e000089
:1003e0001609040a1f1100000a0a1a021e00000062
:1003f00000001e021a0a0a0a0a0a1b001f00000057
:1004000000001f001b0a0a0a0a0a1a021a0a0a0a2c
:1004100000001f001f0000000a0a1b001b0a0a0a36
:1004200000110e0a0e1100000f040e09090600004b
:10043000000e1217120e00000e0e020e020e000029
:10044000110e020e020e0000010e020e020e00003e
:100450000000060404040000100e0404040e000052
:100460000e0e0404040e0000110e0404040e00001d
:1004700004040407000000000000001c040404043d
:100480001f1f1f1f1f1f1f1f000000001f1f1f1ff8
:100490000404040000040404010e0404040e00001b
:1004a0001f1f1f1f00000000100e1111110e000071
:1004b000040a0a0a120a00000e0e1111110e0000a1
:1004c000010e1111110e000016090c12120c000081
:1004d0000f0e1111110e0000000012121a16020068
:1004e00002020e12120e020000020e120e02000094
:1004f00010090909090600001e121212120c000050
:1005000001121212120c0000100812120c0c03003f
:1005100008150a04040400001f0000000000000089
:1005200008040000000000000000000e00000000b1
:100530000000040e040e000000000000001f001f59
:10054000130b0a171a1100000e0b0b0a0a0a0a00f5
:100550000c02040a040806000004000e0004000057
:1005600000000000000004020c12120c0000000049
:100570000a0000000000000000000004000000006d
:10058000060404040e000000060806080600000029
:10059000060804020e00000000001e1e1e1e0000c1
:1005a0000000000000000000000000000000040a3d
:1005b0000e0a0400040e0a0e0400000a0e0e0400c7
:1005c00000040e0e0400040e0e040e0004040e04bb
:1005d0000e0000000000000000000000000000000d
:1005e00000000000000000000000000c08060600eb
:1005f000040a040e0400000000000000040c0a08b5
:100600000400040e0a0e040002060e060200080c86
:100610000e0c0800040e040e04000a0a0a000a0068
:1006200000080404040404040404020000000000a0
:100630000e00040e040e040e040e04040400040450
:10064000040e040000040f04000000020f0200006a
:100650000000020e0000000a0e0a000000040e0e48
:100660000000000e0e040000000000000000040462
:10067000040004000a0a000000000a0e0a0e0a0024
:10068000040c060c0604020804020800040a0c0a02
:100690000e00060200000000040202020400020430
:1006a000040402000a040e040a0000040e04000000
:1006b00000000000060200000e0000000000000024
:1006c00004000808040202000c0a0a0a06000406d4
:1006d00004040e00060804020e00060804080600c2
:1006e000080a0e0808000e02060806000402060aa0
:1006f00004000e080c040400040a040a0400040a9e
:100700000c080400000004000400000004000602bd
:1007100008040204080000000e000e000204080491
:1007200002000608040004000e0a0a020e00040a71
:100730000e0a0a00060a060a06000c0202020c0053
:10074000060a0a0a06000e0206020e000e02060241
:1007500002000c020a0a0c000a0a0e0a0a000e0421
:1007600004040e000808080a04000a0a060a0a001f
:10077000020202020e000a0e0e0a0a000a0e0a0afd
:100780000a00040a0a0a0400060a06020200040a11
:100790000a0e0c00060a060a0a000c020e080600e1
:1007a0000e04040404000a0a0a0a0e000a0a0a0acd
:1007b00004000a0a0e0e0a000a0a040a0a000a0abb
:1007c000040404000e0804020e00060202020600e1
:1007d000020204080800060404040600040a0000db
:1007e000000000000000000f0604000000000000f0
:1007f0000c0a0e000202060a060000000c020c00a1
:1008000008080c0a0c0000000e060c0008040e0478
:10081000040000000e0a080e0202060a0a00040084
:100820000404040004000404040602020a060a0088
:1008300004040404040000000e0e0a000000060a6e
:100840000a000000040a04000000060a0602000074
:100850000c0a0c0800000602020000000c0406004e
:1008600000040e040c0000000a0a0e0000000a0a30
:10087000040000000a0e0e0000000a040a00000036
:100880000a0a0402000006040c000c0406040c0012
:1008900004040404040006040c0406000a05000015
:1008a000000000040a0e00000c02020e04020a00fe
:1008b0000a0a0c0008040e060c00040a0c0a0e00ba
:1008c0000a000c0a0e0002040c0a0e0004000c0ab6
:1008d0000e00000e020e0406040a0e060c000a00aa
:1008e0000e060c0002040e060c000a0004040400ac
:1008f000040a000404000204000404000a040a0eae
:100900000a0004040a0e0a0008040e060e00000085
:100910000c0e06000c060e060e00040a040a040063
:100920000a00040a04000204040a0400040a000a7b
:100930000e0002040a0a0e000a000a0a04020a044f
:100940000a0a04000a000a0a0e00040e020e04003d
:1009500008040e040e000a0e040e04000006060a27
:100960000a000c040c04060008040c0a0e0008041b
:100970000004040008040e0a0e000804000a0e0019
:100980000e000e0a0a000e000a0e0a000c0a0e00e3
:100990000e00040a04000e00040004020c00000e05
:1009a00002020000000704040000020a040a0c000e
:1009b000020a040e0800040004040400000a050ae8
:1009c000000000050a0500000208020802080a05e6
:1009d0000a050a050d070d070d07040404040404a5
:1009e0000404070404040407040704040a0a0b0aa5
:1009f0000a0a00000f0a0a0a0007040704040a0b87
:100a0000080b0a0a0a0a0a0a0a0a000f080b0a0a4d
:100a10000a0b080f00000a0a0f0000000407040771
:100a2000000000000704040404040c000000040497
:100a30000f00000000000f04040404040c0404046c
:100a400000000f00000004040f040404040c040c54
:100a500004040a0a0a0a0a0a0a0a020e0000000e20
:100a6000020a0a0a0a0b000f0000000f000b0a0a14
:100a70000a0a020a0a0a000f000f00000a0b000b04
:100a80000a0a040f000f00000a0a0f000000000ffe
:100a9000000f040400000f0a0a0a0a0a0e000000f0
:100aa000040c040c0000000c040c040400000e0aea
:100ab0000a0a0a0a0b0a0a0a040f000f04040404b3
:100ac0000700000000000c0404040f0f0f0f0f0fad
:100ad0000000000f0f0f0303030303030c0c0c0ca7
:100ae0000c0c0f0f0f00000000000e060e00040a91
:100af000060a06020e0a020202000e0a0a0a0a008a
:100b00000e0204020e0000000c0a040000000a0a93
:100b10000e020008060404000e040a040e00040a73
:100b20000e0a040000040a0a0a000c02040a040067
:100b300000000e0a0e00040e0a0e04000c020e0243
:100b40000c00040a0a0a0a000e000e000e00040e31
:100b500004000e00060806000e000c020c000e0039
:100b600000080404040404040404020004000e0049
:100b70000400000a050a0500040a0400000000043d
:100b80000e0400000000040000000c040406040031
:100b90000e0a0a0000000604020600000000060615
:080ba00000000000000000004d
:020000040000fa
:020000041d01dc
:100ba800a8ffbd275400bfaf5000beaf4c00b7af81
:100bb8004800b6af4400b5af4000b4af3c00b3af97
:100bc8003800b2af3400b1af3000b0af21a8e000b8
:100bd8006800b68fff00903050000226ff004330b7
:100be8004d00632c650060106c00be8fff00423022
:100bf80080100200019d033c140c63242110620044
:100c08000000428c0800400000000000780d019da3
:100c1800840d019d840d019d840d019d840d019d10
:100c2800700d019d840d019d840d019d840d019d14
:100c3800840d019d840d019d840d019d840d019df0
:100c4800840d019d840d019d840d019d840d019de0
:100c5800840d019d840d019d840d019d680d019dec
:100c6800840d019d840d019d840d019d840d019dc0
:100c7800840d019d840d019d840d019d840d019db0
:100c8800840d019d840d019d840d019d840d019da0
:100c9800840d019d840d019d840d019d840d019d90
:100ca800840d019d480d019d840d019d840d019dbc
:100cb800840d019d840d019d840d019d580d019d9c
:100cc800840d019d840d019d840d019d840d019d60
:100cd800840d019d840d019d840d019d600d019d74
:100ce800840d019d840d019d840d019d840d019d40
:100cf800840d019d840d019d840d019d840d019d30
:100d0800840d019d840d019d840d019d840d019d1f
:100d1800840d019d840d019d840d019d840d019d0f
:100d2800840d019d800d019d840d019d840d019d03
:100d3800840d019d840d019d840d019d500d019d23
:100d48006143400b990010246143400b810010243b
:100d58006143400b9a0010246143400b8400102427
:100d68006143400b8e0010246143400be6001024c1
:100d78006143400bf8001024940010240c00c29723
:100d88002b180202500160145400bf8f0e00c39745
:100d98002b1870004d0160545000be8f0800c387a7
:100da800ffff6430470180101c00a4afc238040064
:100db800070084302b2004002138e4001800a7af76
:100dc8001000c48f040080102338020221208700fd
:100dd800000084901c00a4afffffc4302400a4af1f
:100de8004480848f6c0087900200e730ff00e73072
:100df8009200e0500400c48fffffa3241c00a78fbb
:100e08002118e3000a00c797ffffe7242400a28ff8
:100e1800213847006800828c2120a0002128c000ca
:100e28002036037c09f84000203e077c21984000ca
:100e38000400c28f39004014010003240a00c3874c
:100e48000c00c29723800202028003721800a48f4c
:100e58001c016018021004721000a0afffff832469
:100e6800ffff633001006324c343400b1400a3afaa
:100e7800010054240000c38f2110620013000012e7
:100e880000005190f8ff1226ffff52320100223273
:100e9800050040100000000009f860022120a002af
:100ea800af43400b4288110009f860022120c002bc
:100eb80042881100ffff1026ffff103203001212b4
:100ec80000000000f2ff001601002232e8ff97162a
:100ed80021108002bb43400b1000a58f21b84000b1
:100ee8001000a58f0100a224ffff42301000a2af1e
:100ef8000a00c2871000a68f2a10c200f100401015
:100f08002110e0021800a78ff4ffe0101400a38f4f
:100f180021b862009e43400b1c00b08fea004314c6
:100f28005400bf8f0a00c3870c00c29723800202b7
:100f3800028003720800c487e3006018021004727c
:100f48001800a0af1c00a48fffff8324ffff6330ad
:100f5800010063242400a3afff00113c2428d10220
:100f68000844400b1400a5af010050240000c38fb3
:100f7800211062000000429000010324231862003f
:100f8800180057000000747012280000022a05009b
:100f980000ffa530ff00a432180044001000a78ffe
:100fa8000000677012200000003a847c2520a4000d
:100fb8002428b102180045001400a58f00006570b0
:100fc80012100000021202002410510009f86002f9
:100fd80025208200e4ff125621100002fd43400b39
:100fe8000800c287219040000800c2871c00a68f15
:100ff800231046001800a78f0100e324ffff633089
:101008001800a3af0a00c3871800a48f2a1883000a
:10101800ac006010211042021c00a58ff1ffa01047
:101028002400a68f2190c20000ffd43200ffb732ff
:10103800ff00c732dc43400b1000a7af4900801403
:10104800010006240a00c38723100202021043701d
:101058001800a48f9b006018021044702400a68f0b
:101068001400a6afffffa5302000a5afffff832423
:10107800ffff6330010063242800a3af1800a78f87
:101088002a00e0102000b08f2800a38f21186200ea
:101098001000a3af1c00b28f1400a48f20a6047cfc
:1010a800010057240000c38f211062001a0040126b
:1010b8000000519008001326ffff7332010022320e
:1010c800080040104480828f0000428c2026107c4b
:1010d8002128800209f840002130a0024144400b39
:1010e800428811000000428c2026107c21288002b2
:1010f80009f840002130c002428811000100102682
:10110800ffff1032ffff522603001312ffff523277
:10111800ebff4016010022321000a58f0400e512f3
:101128002110e0022b44400b010057241000a2af0d
:101138001400a68f0100c224ffff42301400a2afa2
:101148002400a78f23184700ffff63300a00c287d7
:101158002a1062005b0040101000a28f2244400b4e
:101168001800a78f580086145400bf8f0a00c48740
:1011780023100202021044701800430012300000cd
:10118800500080181800a6af2000a0afffffa530c0
:101198002800a5af1c00a78f2110e500ffff4230f3
:1011a8001400a2afffffe224ffff423001004224f7
:1011b8002c00a2af1c00a28f330040102800b08f73
:1011c8001800a28f2400a38f2000a48f21b86400e8
:1011d80020be177c00ffd43200ffb332ff00113c61
:1011e8002428d1021000a5af010052240000c38fab
:1011f80021106200000042900001032423186200bd
:10120800180053000000747012300000023206000b
:1012180000ffc630ff00c532ff00a43218004400aa
:101228000000657012200000003a847c2530c4005c
:101238002420b102180044001000a28f0000627040
:1012480012180000021a0300241871004480828fcb
:101258000000428c2026107c2128e00209f840007a
:101268002530c30001001026ffff10321400a38fa1
:10127800ddff0316211040021800a48f2c00a58f53
:10128800212085001800a4af0800c2871c00a68f83
:10129800231046001800a78f2138e2001800a7afd6
:1012a8002000a38f01006224ffff42302000a2af7c
:1012b8000a00c2872000a48f2a108200beff4014b3
:1012c8001c00a28f5400bf8f5000be8f4c00b78ff8
:1012d8004800b68f4400b58f4000b48f3c00b38ff0
:1012e8003800b28f3400b18f3000b08f0800e003af
:0412f8005800bd27b6
:020000040000fa
:020000041d01dc
:1012fc00e8ffbd271400bfaf00a0023c700a4224d7
:10130c00a800438c0700632c7d00605000a0023cb9
:10131c00a800438c80180300019d023c3c1342241e
:10132c00211043000000428c080040000000000027
:10133c005813019d9413019d0815019d8414019d62
:10134c00ac14019dd414019df014019d00100324d4
:10135c0088bf023c68604224400143ac00a0023cc0
:10136c001c0b429005004014ffff42240100032493
:10137c0000a0023c4345400b180b43ac00a0033cbf
:10138c004245400b1c0b62a000a0023c1d0b42907e
:10139c005a00401400a0023c700a4224ac00439056
:1013ac000800632c2900601000000000ac00439082
:1013bc0080180300019d023cd813422421104300e5
:1013cc000000428c0800400000000000f813019d52
:1013dc000814019d1814019d2814019d3814019db9
:1013ec004814019d6c14019d6c14019dfe51400f1d
:1013fc00000000001c45400b00a0023cf251400fc5
:10140c00000000001c45400b00a0023c0a52400f9b
:10141c00000000001c45400b00a0023ccc51400fca
:10142c00050004241c45400b00a0023cbe51400f9b
:10143c00100004241c45400b00a0023c1652400f27
:10144c00000000001c45400b00a0023ce651400f80
:10145c00000000000600032400a0023c180b43ac63
:10146c0000a0023c700a4224ac00439001006324ab
:10147c004245400bac0043a000a0023c1d0b429027
:10148c001f00401400a0023c7351400f00000000ec
:10149c000400032400a0023c4345400b180b43ac52
:1014ac0000a0023c1d0b42901500401400a0023c11
:1014bc00bd4f400f000000000600032400a0023cba
:1014cc004345400b180b43ac00a0023c1d0b429053
:1014dc000b00401000a0023c060003244345400bc7
:1014ec00180b43ac00a0023c1d0b429003004014af
:1014fc000500032400a0023c180b43ac00a0023ce6
:10150c00180b428c050042380100422c1400bf8f8e
:08151c000800e0031800bd27e0
:020000040000fa
:020000041d01dc
:10152400e8ffbd271400bfaf80bf023c0080043435
:10153400045e44ac20000424085e44ac800004240f
:10154400045e44ac00200424085e44ac005e438c7a
:101554008431037c005e43ac005e438c0442037c14
:10156400005e43ac005e438c444a037c005e43aca3
:10157400005e438cc45a037c005e43ac005e438c23
:101584008452037c005e43aca352400f2120000030
:101594001b43033c83de633419004300101800002e
:1015a400c21c0300402003001b004400f40180001f
:1015b40012280000f0ff063cc0bdc6342128a60056
:1015c400020084241b004400f40180001220000067
:1015d4000f00063c4042c6242320c4002b10850083
:1015e4000100422c2318620080bf023c305e43acf1
:1015f4000080033c045e43ac0100033c085e43ac42
:10160400005e448c010005248418a47c005e44ac74
:10161400005e448c0408a47c005e44ac005e428cf2
:10162400241843000e00601080bf023c005e422478
:101634001000428c200042300c004014400003246f
:1016440080bf033c205e648c105e628c20004230bc
:10165400fcff4010000000009c45400b40000324a8
:10166400005e42242000428c4000032480bf023ce0
:10167400145e43ac00a0043cb40b84247647400fb2
:101684002080852715004014ffff032400a0023c9e
:10169400a80b45240a0003240400a3ac010003247e
:1016a400a80b43ac2080848f00a0063ccb4b400f9a
:1016b4006400c62409004014ffff032400a0023c78
:1016c40058004224040040ac080040ac00800334bd
:1016d40080bf023c085e43ac21180000211060006a
:0c16e4001400bf8f0800e0031800bd27b1
:020000040000fa
:020000041d01dc
:1016f0001c0500a08004000000000000700a00a08b
:10170000b000000000000000080000a00800000079
:1017100000000000a80b00a0200000000100000055
:10172000000000000a00000000000000740000a09b
:10173000a8040000020000002c00000001000000ce
:101740003c0000a0e004000000000000100000a029
:101750000400000000000000140000a001000000d0
:1017600000000000180000a00800000000000000b9
:10177000200000a00c00000000000000c80b00a02a
:101780000c000000000000002c0000a00c00000075
:10179000000000009c0900a0d4000000010000002f
:1017a000000a00a01c0a00a0380a00a0fc0900a042
:1017b000200b00a00100000000000000000000005d
:1017c0000000000000000000000000000000000019
:1017d0000000000000000000000000000000000009
:1017e00000000000000000000000000000000000f9
:1017f00000000000000000000000000000000000e9
:1018000000000000ffffffffffffffff00000000e0
:101810004000000009100000000000006c4a019d1b
:10182000ffffffff000000000000000000000000bc
:1018300002100100000000006c4a019dffffffff45
:101840000000000000000000000000000200020094
:10185000000000006c4a019dfdffffff000000003a
:101860000000000000000000000000000000000078
:1018700000000000200b00a0880000000000000015
:10188000000000a004000000010000009c0900a06e
:10189000380000a00400000000000000040000a0c8
:1018a0000400000001000000020000000000000031
:020000040000fa
:020000041d01dc
:1018b000e8ffbd271400bfaf80bf023c00800434a6
:1018c000045c44ac20000424085c44ac8000042484
:1018d000045c44ac00200424085c44ac005c438cf1
:1018e000010004248431837c005c43ac005c438ca5
:1018f0000442037c005c43ac005c438c444a037ca0
:10190000005c43ac005c438cc45a037c005c43ac79
:10191000005c438c8452037c005c43aca352400fb8
:10192000212000001b43033c83de63341900430085
:1019300010180000c21c0300402003001b004400dc
:10194000f401800012280000f0ff063cc0bdc63440
:101950002128a600020084241b004400f40180001a
:10196000122000000f00063c4042c6242320c40081
:101970002b1085000100422c2318620080bf023c1e
:10198000305c43ac0080033c045c43ac0100033c8e
:10199000085c43ac005c448c010005248418a47ce2
:1019a000005c44ac005c448c0408a47c005c44ac47
:1019b000005c428c241843000e00601080bf023c83
:1019c000005c42241000428c200042300c00401485
:1019d0004000032480bf033c205c648c105c628c5c
:1019e00020004230fcff4010000000008046400b09
:1019f00040000324005c42242000428c4000032469
:101a000080bf023c145c43ac00a0023ca80b452400
:101a10000a0003240400a3ac01000324a80b43ac78
:101a20002080848f00a0063ccb4b400f4800c6248a
:101a300009004014ffff032400a0023c3c004224a4
:101a4000040040ac080040ac0080033480bf023c7e
:101a5000085c43ac01000324211060001400bf8f18
:081a60000800e0031800bd2797
:020000040000fa
:020000041d01dc
:101a6800c8ffbd273400bfaf3000b6af2c00b5affc
:101a78002800b4af2400b3af2000b2af1c00b1af50
:101a88001800b0af218880001000952401001424ac
:101a980080bf133c0100163c020012241000308e57
:101aa80021000016000000000c00248e1e50400f7c
:101ab8002128a0024e004014211000001000308e92
:101ac8004c0000123400bf8f160020a20400228ea2
:101ad80004004010212080022128000209f840005b
:101ae8002800068e200014ae005e628e2410560078
:101af8000c00401000000000105e628e2000423092
:101b08000900401400000000205e638e105e628ea3
:101b180020004230fcff401000000000cc46400b83
:101b280000000000205e628e1000a0a31400038e47
:101b38001000028e21106200030040100000000017
:101b48002e4a400f21202002e64a400f2120200281
:101b58001c00038e1800028e211062001400a2af30
:101b68001400a28f0700401000000000374c400fff
:101b7800212020021c00038e1800028e2110620012
:101b88001400a2af1400a28f14004014000000003b
:101b9800200012ae2400028e0400401021204002d2
:101ba8002128000209f840002800068e0800228e2d
:101bb80004004010212040022128000209f84000ba
:101bc8002800068e0c00248eee4f400f21280002bc
:101bd8000700401421100000100020ae1000a2934e
:101be800ff004230aeff40541000308e211000003c
:101bf8003400bf8f3000b68f2c00b58f2800b48f0b
:101c08002400b38f2000b28f1c00b18f1800b08f52
:081c18000800e0033800bd27bd
:020000040000fa
:020000041d01dc
:101c2000c8ffbd273400bfaf3000b6af2c00b5af42
:101c30002800b4af2400b3af2000b2af1c00b1af96
:101c40001800b0af218880001000952401001424f2
:101c500080bf133c0100163c020012241000308e9d
:101c600021000016000000000c00248e1e50400fc2
:101c70002128a0024e004014211000001000308ed8
:101c80004c0000123400bf8f160020a20400228ee8
:101c900004004010212080022128000209f84000a1
:101ca0002800068e200014ae005c628e24105600c0
:101cb0000c00401000000000105c628e20004230da
:101cc0000900401400000000205c638e105c628eee
:101cd00020004230fcff4010000000003a47400b5b
:101ce00000000000205c628e1000a0a31400038e90
:101cf0001000028e2110620003004010000000005e
:101d00006c4a400f21202002214b400f212020024d
:101d10001c00038e1800028e211062001400a2af76
:101d20001400a28f0700401000000000684c400f14
:101d3000212020021c00038e1800028e2110620058
:101d40001400a2af1400a28f140040140000000081
:101d5000200012ae2400028e040040102120400218
:101d60002128000209f840002800068e0800228e73
:101d700004004010212040022128000209f8400000
:101d80002800068e0c00248eee4f400f2128000202
:101d90000700401421100000100020ae1000a29394
:101da000ff004230aeff40541000308e2110000082
:101db0003400bf8f3000b68f2c00b58f2800b48f51
:101dc0002400b38f2000b28f1c00b18f1800b08f99
:081dd0000800e0033800bd2704
:020000040000fa
:020000041d01dc
:101dd800e0ffbd271c00bfaf1800b1af1400b0afc3
:101de8005a008010218080000000848c5a008010e6
:101df800fdff02245700a0102188a0001000038ec8
:101e08000100022454006214fdff02240400068e1f
:101e18000c00038e0400632408000292010042248f
:101e280080280200401102002110a2002110620047
:101e38002b10c20048004014ffff0224d04d400f71
:101e4800212800000000028e24004724000047ac2f
:101e58000800039280200300401903002118830022
:101e6800211867000c0043ac040047ac080047acdd
:101e7800240042ac080004920200832c0f00601476
:101e8800010003240800448c80300300402903002b
:101e98002130c5002130e600200086ac080046aca1
:101ea8000000c2ac01006324ff0063300800049204
:101eb8002b286400f4ffa0540800448c0400088e0a
:101ec800dcff08258018040040210400212064005c
:101ed800234004010c00038e040063241b0003014b
:101ee800f4016000124000000c00438c100043ac69
:101ef800140043ac0200032d1000601412380000d7
:101f080001000624010003240c00048e040084242c
:101f18000c00458c0248c470212025011400458c12
:101f28000000a4ac140044ac01006324ff0063303b
:101f38002b286700f4ffa01421306000200048ac73
:101f4800000022aed847400b21100000d847400bb4
:101f5800fdff0224fdff02241c00bf8f1800b18f73
:0c1f68001400b08f0800e0032000bd272b
:020000040000fa
:020000041d01dc
:101f7400211080005600c0100c00ca2c4d004015e2
:101f84002618a400030063302338040029006010dd
:101f94000300e7300600e0102330c7000000a398d8
:101fa4000300a3882128a700000083b8212087000c
:101fb4000f00c3302338c3001100e010213060004b
:101fc4002138e5000000a3980300a3880400a89822
:101fd4000700a8880800a9980b00a9880c00aa98f3
:101fe4000f00aa88000083ac040088ac080089ac08
:101ff4001000a52410008424f2ffa714fcff8aac6f
:102004000300c3302338c3002a00e01021306000ed
:102014002138e5000000a3980300a3880400a52448
:1020240004008424fbffa714fcff83ac21000010f0
:10203400000000000500e0102330c7000000a39852
:102044002128a700000083b8212087000f00c33097
:102054002338c3000d00e010213060002138e50072
:102064000000a38c0400a88c0800a98c0c00aa8c86
:10207400000083ac040088ac080089ac1000a524df
:1020840010008424f6ffa714fcff8aac0300c330bd
:102094002338c3000700e010213060002138e50038
:1020a4000000a38c0400a52404008424fcffa714ce
:1020b400fcff83ac0600c0102138c5000000a390cb
:1020c4000100a52401008424fcffa714ffff83a0c2
:0820d4000800e0030000000019
:020000040000fa
:020000041d01dc
:1020dc0000e85d4100701b4002601a4090ffbd2774
:1020ec006c00bbaf00601b406400baaf6800bbafb4
:1020fc0044781b7c00047b3700609b401800a3af26
:10210c001400a2af6400a38f0f00633011006014a1
:10211c00000000005400bfaf5000b9af4c00b8af86
:10212c004800afaf4400aeaf4000adaf3c00acaf29
:10213c003800abaf3400aaaf3000a9af2c00a8af69
:10214c002800a7af2400a6af2000a5af1c00a4afa9
:10215c001000a1af121000005c00a2af101800001c
:10216c005800a3afb051400f0000000088bf023ce4
:10217c003010422410000324040043ac0400428cb1
:10218c005c00a28f130040005800a38f1100600068
:10219c006400a28f0f0042301300401400000000b6
:1021ac005400bf8f5000b98f4c00b88f4800af8fd0
:1021bc004400ae8f4000ad8f3c00ac8f3800ab8f2d
:1021cc003400aa8f3000a98f2c00a88f2800a78f6d
:1021dc002400a68f2000a58f1c00a48f1800a38fad
:1021ec001400a28f1000a18f00606041c00000009d
:1021fc006c00ba8f6800bb8f00709a406400ba8f75
:10220c007000bd2702609a4000e8dd4100609b40f1
:04221c001800004264
:020000040000fa
:020000041d01dc
:10222000e8ffbd271400bfafbf44400f1000b0afa0
:102230004700401000a0023c2809428c05004010d5
:10224000010003242d00431000a0103cd348400b94
:1022500000a0023c00a0023c200942903c0040103b
:1022600000a0023c1c054224040440a00804428c47
:1022700005004010010003240600431000a0023caa
:10228000d448400b280943ac00a0023cbb48400b9b
:102290001e0940a06150400f0800042400a0043c27
:1022a0001c05842403048590c2180500c01903008e
:1022b000211083008000842421188300000040a0a6
:1022c00001004224feff4354000040a00800a22465
:1022d000ff00423000a0033c1f0962a04000422cd6
:1022e0000200401400a0023c240940ac0100032479
:1022f00000a0023cd448400b280943ac1c05102622
:1023000002040692c0210600212004028000052458
:102310003c4f400f21380000020402920100422489
:10232000ff0042300800432c0400605000a0023c33
:1023300000a0033cd448400b1e0962a01c054224a7
:10234000020440a0d448400b0c0440ac280940ac27
:102350001400bf8f1000b08f0800e0031800bd27e5
:020000040000fa
:020000041d01dc
:10236000c0ffbd273c00bfaf3800b1af3400b0aff5
:10237000218080002188a00000a0023c1c0944a00c
:102380001e51400f010004243d0000163c00bf8f89
:10239000019d023c8843438c884342240400428cc4
:1023a0002000a3af2400a2af2e30023c763142249d
:1023b0002800a2af2e3002242c00a2a72e00a0a33a
:1023c000019d023c9043458c904342240400448c80
:1023d0000800438c1000a5af1400a4af1800a3aff1
:1023e0000c0043941c00a3a70e004290080020128a
:1023f0001e00a2a3ff00043ca952400fffff84343b
:10240000a652400f212000000949400b00000000a7
:10241000a952400f21200000ff00043ca652400fab
:10242000ffff8434ac52400f21200000009d043c8b
:102430002252400f5801842421200000212800004e
:102440006e49400f2000a627009d103c2252400fed
:102450006c010426212000001e0005246e49400f57
:102460002800a6272252400f6c01042621200000dc
:102470002d0005246e49400f1000a6273c00bf8f99
:102480003800b18f3400b08f0800e0034000bd2752
:020000040000fa
:020000041d01dc
:10249000496e74657272757074000000556e6465e3
:1024a00066696e65640000004c6f61642f66657438
:1024b00063682061646472657373206572726f7201
:1024c0000000000053746f7265206164647265736c
:1024d00073206572726f7200496e737472756374e3
:1024e000696f6e20627573206572726f72000000f2
:1024f0004461746120627573206572726f720000ae
:1025000053797363616c6c00427265616b706f69c3
:102510006e740000526573657276656420696e732f
:102520007472756374696f6e00000000436f70729f
:102530006f636573736f7220756e757361626c651e
:102540000000000041726974686d65746963206ff2
:10255000766572666c6f77005472617000000000df
:102560005265736572766564000000009024019dd9
:102570009c24019d9c24019d9c24019da824019dd7
:10258000c424019dd824019df024019d0025019db6
:102590000825019d1425019d2c25019d4425019da3
:1025a0005825019d6025019d6025019d6025019da7
:0825b0006025019d6025019ddd
:020000040000fa
:020000041d01dc
:1025b800c8ffbd273400bfaf3000b5af2c00b4afa3
:1025c8002800b3af2400b2af2000b1af1c00b0aff9
:1025d80021a080002190a0002180c00021888000d7
:1025e800a449400b0a0013243c0043942a38830072
:1025f8002500e014010010263e0045942a28a40076
:102608002200a05400000482030093544000458c2b
:10261800a449400b040051840400a010231883002f
:102628002128a3008e49400b0000b5903800559032
:102638002118350204004584ffffa5242a18a300a9
:10264800070060104800478c450045803a004394d5
:102658002118a300219072002096127c2188800204
:102668004c00428c1000a2af212820023a52400fa1
:10267800213040024480828f4400428021a8a20277
:1026880021883502208e117c00000482d6ff801438
:102698004480828f3400bf8f3000b58f2c00b48ff8
:1026a8002800b38f2400b28f2000b18f1c00b08f98
:0826b8000800e0033800bd2713
:020000040000fa
:020000041d01dc
:1026c000d8ffbd272400bfaf2000b3af1c00b2afbe
:1026d0001800b1af1400b0af2c00a0102198a000da
:1026e0002c008010218080002000828c2b00401460
:1026f0000000918c1000228e29004010ffff022460
:102700001800828c1400838c25004350ffff0224a4
:102710001000838c2b104300050040502000238eb6
:102720001800228effff4224cf49400b180022ae32
:102730001800228e1a006210ffff02247052400f10
:10274000000000001000328e0000438e0200601472
:10275000100023ae140020ae000040ae2000238ef7
:10276000ffff6324200023ae1800038e01006324c2
:10277000180003ae7752400f21204000040052267b
:10278000000072aee849400b21100000e849400b00
:10279000fdff0224e849400bfdff0224fdff022457
:1027a0002400bf8f2000b38f1c00b28f1800b18fa0
:0c27b0001400b08f0800e0032800bd27d3
:020000040000fa
:020000041d01dc
:1027bc00d8ffbd272400bfaf2000b1af1c00b0afc5
:1027cc002180a0000c00a28c2d00401021888000dc
:1027dc000000a28c01004224ffff03241e004310c2
:1027ec000000a2aca64e400f212000020000048e77
:1027fc000400028effff842401004324000004ae79
:10280c00040003ae000051a00a000224070022526b
:10281c0010000296211020022400bf8f2000b18fdf
:10282c001c00b08f0800e0032800bd2708004230d0
:10283c00f9ff401021102002a64e400f212000026b
:10284c00211020022400bf8f2000b18f1c00b08ffc
:10285c000800e0032800bd270800a28ce1ff40140b
:10286c00000000001000a2940400a0ac0c00a0ac6e
:10287c00100042340000a0acfc49400b1000a2a494
:10288c001000a42701000524c350400f1000b1a371
:10289c00000000ae211020022400bf8f2000b18f59
:0c28ac001c00b08f0800e0032800bd27ce
:020000040000fa
:020000041d01dc
:1028b8001000878c1600829080bf033c005e632462
:1028c8001000638c0024637c2b1843000600601002
:1028d8001000062480bf023c005e42241000428c97
:1028e8000024427c100006242330c200ff00c630ba
:1028f8001000e28c2b504600211840000a18ca002c
:102908001600601021506000ff006b302330cb00b0
:10291800ff00c630231043001000e2ac0000e38c37
:102928000800e28c211062002148420180bf083c67
:1029380000004590205e05ad01004224fdff49548a
:10294800000045900800e28c21504a000800eaacdb
:10295800160082902158620116008ba01400e28ca8
:102968002b1846000b3043000d00c010000000007b
:10297800231046001400e2ac160082902110c20019
:10298800160082a02110000080bf073c1800859027
:10299800205ee5ac01004224fdff465418008590f6
:0829a8000800e003211000000b
:020000040000fa
:020000041d01dc
:1029b0001000878c1600829080bf033c005c63246b
:1029c0001000638c0024637c2b1843000600601009
:1029d0001000062480bf023c005c42241000428ca0
:1029e0000024427c100006242330c200ff00c630c1
:1029f0001000e28c2b504600211840000a18ca0033
:102a00001600601021506000ff006b302330cb00b7
:102a1000ff00c630231043001000e2ac0000e38c3e
:102a20000800e28c211062002148420180bf083c6e
:102a300000004590205c05ad01004224fdff495493
:102a4000000045900800e28c21504a000800eaace2
:102a5000160082902158620116008ba01400e28caf
:102a60002b1846000b3043000d00c0100000000082
:102a7000231046001400e2ac160082902110c20020
:102a8000160082a02110000080bf073c180085902e
:102a9000205ce5ac01004224fdff465418008590ff
:082aa0000800e0032110000012
:020000040000fa
:020000041d01dc
:102aa800e8ffbd271400bfaf00a0023c0400438c20
:102ab8000a00605480bf043c0000023c000042242d
:102ac800240040100000023c0000000c0000000040
:102ad8001400bf8f0800e0031800bd27106084248d
:102ae800fbff8010ffff0224020002242000621076
:102af80080bf023c80bf023c0060428c80bf053c26
:102b08003060a52400804230030040140080033464
:102b180080bf023c086043ac0000828c0100423058
:102b28000900401400000000d04a400ba000022415
:102b380005004010000000000000838c0100633095
:102b4800fbff6010ffff42240000a28cb74a400b35
:102b58001400bf8f000042240b00405080bf043c8b
:102b68000000000c00000000b74a400b1400bf8fa3
:102b78000068428c80bf053c3068a52480bf043cb7
:102b8800c34a400b10688424bf4a400b1060842459
:020000040000fa
:020000041d01dc
:102b9800e0ffbd271c00bfaf1800b1af1400b0aff5
:102ba8001000908c2f0000122188800080bf023c0a
:102bb800005e42241000428c400042302900401040
:102bc80003000224200002ae2400028e04004010fc
:102bd800030004242128000209f840002800068e7a
:102be8000800228e0400401003000424212800025b
:102bf80009f840002800068e0c00248eee4f400f86
:102c0800212800021700401480bf023c100020aeab
:102c1800005e428c0004427c0d00401080bf023ce4
:102c2800005e42241000428c200042300a0040140a
:102c380080bf033c205e648c105e628c20004230b2
:102c4800fcff401000000000194b400b400003241b
:102c5800005e42242000428c4000032480bf023cd6
:102c6800145e43ac211000001c00bf8f1800b18f08
:0c2c78001400b08f0800e0032000bd270e
:020000040000fa
:020000041d01dc
:102c8400e0ffbd271c00bfaf1800b1af1400b0af08
:102c94001000908c2f0000122188800080bf023c1d
:102ca400005c42241000428c400042302900401055
:102cb40003000224200002ae2400028e040040100f
:102cc400030004242128000209f840002800068e8d
:102cd4000800228e0400401003000424212800026e
:102ce40009f840002800068e0c00248eee4f400f99
:102cf400212800021700401480bf023c100020aebf
:102d0400005c428c0004427c0d00401080bf023cf9
:102d1400005c42241000428c200042300a0040141f
:102d240080bf033c205c648c105c628c20004230c9
:102d3400fcff401000000000544b400b40000324f3
:102d4400005c42242000428c4000032480bf023ceb
:102d5400145c43ac211000001c00bf8f1800b18f1d
:0c2d64001400b08f0800e0032000bd2721
:020000040000fa
:020000041d01dc
:102d7000f8ffbd270400bfaf008002400410027cb2
:102d80000300423400808240c901023c81c34234c6
:102d90002b1082000d004014212800009303023cf8
:102da000018742342b1082000800401401000524e2
:102db000c404053c01b4a5342b288500020002247c
:102dc000030003240a1065002128400000606441cc
:102dd000c000000088bf023c0040438c0410a37c6c
:102de000004043ac0100843005008010000000006a
:102df000006002400100423400608240c0000000d8
:102e000000606441c000000088bf023c0040438c69
:102e1000030005240429a37c004043ac0020438c1c
:102e20008431037c002043ac010082300600401056
:102e30000400bf8f00600240010042340060824005
:102e4000c00000000400bf8f0800e0030800bd2799
:020000040000fa
:020000041d01dc
:102e5000a8ffbd270400a1af0800a2af0c00a3afdc
:102e60001000a4af1400a5af1800a6af1c00a7afb8
:102e70002000a8af2400a9af2800aaaf2c00abaf58
:102e80003000acaf3400adaf3800aeaf3c00afaff8
:102e90004000b8af4400b9af4800bfaf12400000d7
:102ea0004c00a8af104000005000a8af019d1a3c94
:102eb00044455a27000000000068044000600540b7
:102ec00009f84003000000005000a88f1100000125
:102ed0004c00a88f130000010400a18f0800a28fee
:102ee0000c00a38f1000a48f1400a58f1800a68fcc
:102ef0001c00a78f2000a88f2400a98f2800aa8f6c
:102f00002c00ab8f3000ac8f3400ad8f3800ae8f0b
:102f10003c00af8f4000b88f4400b98f4800bf8f8e
:0c2f20005800bd27c0000000180000424f
:020000040000fa
:020000041d01dc
:102f2c00d8ffbd272400bfaf2000b3af1c00b2af49
:102f3c001800b1af1400b0af2300801021808000c6
:102f4c002300a0102190a0000400918c23002012db
:102f5c00feff02240000a38c1800828c211062005a
:102f6c002000838c2b1062001b0040142198c000a1
:102f7c002000228e02004014040082ac080080acb9
:102f8c002120200221280000d04d400f24000624cf
:102f9c00000030ae0800428e0c0022ae0000428ec3
:102fac00100022ae0400428e140022ae1800038ed4
:102fbc000000428e21106200180002ae000071aebb
:102fcc00fa4b400b21100000fa4b400bfdff022482
:102fdc00fa4b400bfdff0224ffff02242400bf8f9d
:102fec002000b38f1c00b28f1800b18f1400b08f6b
:082ffc000800e0032800bd27d6
:020000040000fa
:020000041d01dc
:10300400e8ffbd271400bfaf00a0023c0400428cbf
:103014000a004014211880000000023c00004224f1
:10302400200040100000023c0000000c00000000e2
:103034001400bf8f0800e0031800bd2780bf043cc4
:1030440010608424fbff80101400bf8f010005244e
:103054001b00451080bf023c80bf023c2068422414
:1030640080bf053c1868a52480bf063c0868c624b8
:1030740080bf043c10688424008007340000c7ac7f
:10308400000406240000a6ac0000858c0001a530d5
:10309400fdffa01000000000000043ac0e4c400bec
:1030a4001400bf8f00004224ecff401080bf023c9c
:1030b4000000000c000000000e4c400b1400bf8ff9
:1030c4002060422480bf053c1860a52480bf063cd4
:0830d4001f4c400b0860c624ec
:020000040000fa
:020000041d01dc
:1030dc001000868c80bf023c105e458c0026a57cbf
:1030ec001800c28c2b484500211840000a18a90072
:1030fc001600601021486000ff006a302328aa00e7
:10310c00ff00a530231043001800c2ac0400c38c90
:10311c000c00c28c211062002140490080bf073c8a
:10312c00205ee38c000043a001004224fcff481405
:10313c00000000000c00c28c214849000c00c9acf6
:10314c001600829023504a0016008aa01c00c28ce4
:10315c002b1845000b2843000c00a01000000000a9
:10316c00231045001c00c2ac1600829023104500b1
:10317c00160082a02110000080bf043c205e838cce
:10318c0001004224fdff4514000000000800e0038c
:04319c0021100000fe
:020000040000fa
:020000041d01dc
:1031a0001000868c80bf023c105c458c0026a57cfc
:1031b0001800c28c2b484500211840000a18a900ad
:1031c0001600601021486000ff006a302328aa0022
:1031d000ff00a530231043001800c2ac0400c38ccc
:1031e0000c00c28c211062002140490080bf073cc6
:1031f000205ce38c000043a001004224fcff481443
:10320000000000000c00c28c214849000c00c9ac31
:103210001600829023504a0016008aa01c00c28c1f
:103220002b1845000b2843000c00a01000000000e4
:10323000231045001c00c2ac1600829023104500ec
:10324000160082a02110000080bf043c205c838c0b
:1032500001004224fdff4514000000000800e003c7
:043260002110000039
:020000040000fa
:020000041d01dc
:10326400ffff033c81bf023c689043ac88bf023c33
:10327400e86140ac88bf023cd86140ac00800234b5
:1032840088bf033cc86162ac88bf073c7860e42413
:10329400c0ff80ac88bf063c6060c324c0ff62ac42
:1032a40088bf053c4460a22402800834c0ff48acb7
:1032b4007860e0ac6060c0ac4460a0ac400080ac1e
:1032c40008200524400065ac400045ac800080ac7b
:1032d40000020524800065acfe3b0524800045ac5b
:1032e400c00080ac14000524c00065ac3c0005247b
:1032f400c00045ac000180ac000160ac01000524b5
:10330400000145ac400180ac400160ac00b0033426
:0c331400400143ac0800e0030000000092
:020000040000fa
:020000041d01dc
:10332000e0ffbd271c00bfaf1800b1af1400b0af65
:1033300023008010218080007052400f2188a0005f
:103340002000058e0500a0100000038e7752400f6c
:1033500021204000f14c400bfdff02241000648c42
:1033600003008014fcff2526de4c400b100065acea
:103370001400648c000085ac140065ac2000648ce3
:1033800001008424200064ac1800058effffa524f2
:10339000180005ae1000048e2b28a4000400a01015
:1033a000000000001800648c01008424180064ac44
:1033b0007752400f21204000f14c400b21100000bb
:1033c000fdff02241c00bf8f1800b18f1400b08fc6
:0833d0000800e0032000bd2706
:020000040000fa
:020000041d01dc
:1033d800d0ffbd272c00bfaf2800b3af2400b2af89
:1033e8002000b1af1c00b0af219880002180a00060
:1033f8002190c0002188e0001000a0af00a0023c8e
:103408006400448cd64f400f1000a52715004014c7
:10341800211800001000a48f21280000d04d400f73
:103428002c0006241000a28f000053ac1000a58fba
:103438001000b0ac1c00b0ac2400b2ac2800b1ac99
:103448002000a0ac4000a28f01004054000045ac11
:1034580000a0033c0650400f6400648c1000a38f4a
:103468000b180200211060002c00bf8f2800b38fba
:103478002400b28f2000b18f1c00b08f0800e00339
:043488003000bd272c
:020000040000fa
:020000041d01dc
:10348c00d0ffbd272c00bfaf2800b3af2400b2afd4
:10349c002000b1af1c00b0af219880002180a000ab
:1034ac002190c0002188e0001000a0af00a0023cd9
:1034bc004800448cd64f400f1000a527150040142f
:1034cc00211800001000a48f21280000d04d400fbf
:1034dc002c0006241000a28f000053ac1000a58f06
:1034ec001000b0ac1c00b0ac2400b2ac2800b1ace5
:1034fc002000a0ac4000a28f01004054000045ac5d
:10350c0000a0033c0650400f4800648c1000a38fb1
:10351c000b180200211060002c00bf8f2800b38f05
:10352c002400b28f2000b18f1c00b08f0800e00384
:04353c003000bd2777
:020000040000fa
:020000041d01dc
:10354000e8ffbd271400bfaf1000b0af220080100d
:10355000218080000400828c0200401000a0033c07
:103560005c0062ac0800028e0200401000a0033c28
:10357000600062ac0000028e1800401021100000b4
:10358000a352400f212000000000048e1b004400c5
:10359000f4018000121800004218030040280300c4
:1035a0001b004500f401a000123000002330c400cd
:1035b0000200a5241b004500f401a0001228000011
:1035c000232085002b2086000100842c2318640012
:1035d00080bf023c305e43ac211000001400bf8f5e
:0c35e0001000b08f0800e0031800bd27a9
:020000040000fa
:020000041d01dc
:1035ec00e8ffbd271400bfaf1000b0af2200801061
:1035fc00218080000400828c0200401000a0033c5b
:10360c00400062ac0800028e0200401000a0033c97
:10361c00440062ac0000028e180040102110000023
:10362c00a352400f212000000000048e1b00440018
:10363c00f401800012180000421803004028030017
:10364c001b004500f401a000123000002330c40020
:10365c000200a5241b004500f401a0001228000064
:10366c00232085002b2086000100842c2318640065
:10367c0080bf023c305c43ac211000001400bf8fb3
:0c368c001000b08f0800e0031800bd27fc
:020000040000fa
:020000041d01dc
:10369800000085ac040086a4060087a40400022468
:1036a800200082a4220082a4fbffc6242036067cc8
:1036b800240086a4fbffe724203e077c260087a47d
:1036c8001c0086a41e0087a401000224440082a0d6
:1036d800450082a0300080ac3a0080a4380080a465
:1036e8003c0080a43e0080a4400080ac5e00023c08
:1036f800ef8b4234500082acff00023cffff4234a3
:10370800480082ac4c0080ac100080ac140080ac47
:10371800180080ac580080ac5c0080a0600080acd1
:10372800640080a0680080ac6c0080a0448084aff6
:083738000800e0030100022477
:020000040000fa
:020000041d01dc
:10374000211080002600c0101000ca2c1f00401558
:10375000ff00a530005205002528aa0000540500ee
:103760002528aa0003008330050060100400072408
:103770002338e3002330c700000085b821208700ec
:103780000f00c3302338c3000800e0102130600070
:103790002138e400000085ac040085ac080085ac4d
:1037a00010008424fbff8714fcff85ac0300c330aa
:1037b0002338c3000500e010213060002138e40008
:1037c00004008424feff8714fcff85ac0400c010b5
:1037d0002138c40001008424feff8714ffff85a068
:0837e0000800e00300000000f6
:020000040000fa
:020000041d01dc
:1037e800e8ffbd271400bfaf1000b0af4051400f35
:1037f80021200000212000009652400f21280000bf
:10380800a052400f00a0103c5c4b400f212040000c
:103818008552400fc80b1026b352400f000000001d
:10382800212000009d50400f21280000040002ae16
:10383800010004249d50400f21280000034f400f31
:10384800080002ae994c400f000000009152400f52
:103858000000000000600240010042340060824025
:10386800c0000000b152400f000000001400bf8fdc
:0c3878001000b08f0800e0031800bd270e
:020000040000fa
:020000041d01dc
:103884003f000224232044002026047c07008224d5
:10389400000083280a108300c038437cc317040047
:1038a4004217020021208200070084302310820086
:1038b400010004240a00c01404104400c0190300c9
:1038c4002128650000a0043c1c0584242128a400b0
:1038d4000000a390251043000800e0030000a2a00c
:1038e400c01903002128650000a0043c1c058424a1
:1038f4002128a400271002000000a39024104300f4
:083904000800e0030000a2a08e
:020000040000fa
:020000041d01dc
:10390c00e8ffbd271400bfaf4552400f1000b0af09
:10391c0001000424b050400f0300052400a0103c0b
:10392c00700a02ae700a1026019d033c3c496324c8
:10393c00100003ae019d033cf8496324140003ae50
:10394c001300033cd01263240c0003ae2120400072
:10395c0000a0053c7550400f7c0aa524a20000a2d3
:10396c00a30000a2a40000a2ad0000a22710020038
:10397c00c21702001400bf8f1000b08f0800e003c4
:04398c001800bd273b
:020000040000fa
:020000041d01dc
:10399000e8ffbd271400bfaf1880828f05004010dc
:1039a00001000324120043101400bf8f834e400b0c
:1039b000000000001000032488bf023c6460422421
:1039c000c00043ac0800032488bf023c6860422466
:1039d000c00043ac9251400f00000000204f400f48
:1039e0000000000001000224824e400b188082afcc
:1039f0008848400f000000001d8080a321200000a7
:103a0000d848400f010005241400bf8f0800e003d0
:043a10001800bd27b6
:020000040000fa
:020000041d01dc
:103a14002118e003019d083cf01608250000098ddb
:103a2400180020110400082500000a8d0400082550
:103a340000000b8d090060110400082500000c91a2
:103a4400ffff4a250100082500002ca1fbff4015bb
:103a5400010029250500001000000000000020a13d
:103a6400ffff4a25fdff4015010029250300082515
:103a7400fcff0a24244048010000098de7ff2015bb
:103a84000000000021f860000800e00300000000ce
:043a9400000000002e
:020000040000fa
:020000041d01dc
:103a9800e8ffbd271400bfaf1000b0af100082943c
:103aa8000200423013004010218080000000858c05
:103ab8000c00a004211000000c00828c0600a2500b
:103ac8000800038e0800848cc350400f232845004b
:103ad8000c00028e0800038e000002ae040003ae44
:103ae800211000001400bf8f1000b08f0800e00301
:103af8001800bd27ffff0224040082ac211000003b
:103b08001400bf8f1000b08f0800e0031800bd2715
:020000040000fa
:020000041d01dc
:103b1800d8ffbd272400bfaf2000b1af1c00b0af55
:103b28000280c57007000012211000001000e39405
:103b3800010063300800601000a0033c0900042461
:103b4800380064ac2400bf8f2000b18f1c00b08ff8
:103b58000800e0032800bd27218880002120e0001c
:103b6800a64e400f1000a6af21202002c350400fe0
:103b7800212800021000a68f2110c0002400bf8f4a
:103b88002000b18f1c00b08f0800e0032800bd277b
:020000040000fa
:020000041d01dc
:103b9800e0ffbd27ff008430060080101c00bfaf87
:103ba800010003240c0083503400a28f004f400b07
:103bb800ffff02243400a28f1000a2af2120a00032
:103bc8002128c0002130e000f64c400f3000a78fbc
:103bd800014f400b1c00bf8f1000a2af2120a00096
:103be8002128c0002130e000234d400f3000a78f6e
:103bf800014f400b1c00bf8f1c00bf8f0800e00363
:043c08002000bd27b4
:020000040000fa
:020000041d01dc
:103c0c0080bf023c0006432400800434040644ac0c
:103c1c00000644944408047c000644a40006449422
:103c2c00020005240431a47c000644a4100640ac18
:103c3c00d3300224200062ac88bf023c9010422496
:103c4c001000438c8420037c100043ac1000438c88
:103c5c0004006334100043ac1000438c0408037c54
:103c6c00100043ac1000438c100043ac0800e00380
:043c7c000000000044
:020000040000fa
:020000041d01dc
:103c8000e8ffbd271400bfaf1000b0af00a0043c98
:103c90002c098424019d053c8438a5248000062439
:103ca000a64d400f40000724434e400f0000000087
:103cb000218040001e51400f0100042400a0033c5d
:103cc0001c056324040460a0050460a0000460a037
:103cd000060460a00c0460ac080460ac2110000273
:103ce0001400bf8f1000b08f0800e0031800bd273c
:020000040000fa
:020000041d01dc
:103cf000e0ffbd271c00bfaf1800b1af1400b0af8c
:103d0000211880002110a0002188c00000a0103cd4
:103d1000700a1026a20006a2a30007a2a10005a215
:103d200000a0043c910a842421286000dd47400f54
:103d3000213040008351400f212020020300022443
:103d4000a80002ae1c00bf8f1800b18f1400b08f06
:083d50000800e0032000bd277c
:020000040000fa
:020000041d01dc
:103d58001300a010000000001300801000000000f5
:103d68002000828c12004014000000000400828ca5
:103d7800030040540000438c0800e0030000a0ac9e
:103d880002006014040083ac080080ac000040ac62
:103d9800040042240000a2ac0800e0032110000047
:103da8000800e003fdff02240800e003fdff0224f1
:083db8000800e003fdff0224f6
:020000040000fa
:020000041d01dc
:103dc0000f008010000000002000828c0e004014c4
:103dd000000000001200a014000000000c00828c03
:103de0000b00401000000000e8ffbd271400bfaf2b
:103df00009f8400001000524864f400b2110000007
:103e00000800e003fdff02240800e003fdff022498
:103e10000800e003211000001400bf8f1800bd2728
:083e20000800e00300000000af
:020000040000fa
:020000041d01dc
:103e28000f008010000000002000828c0e0040145b
:103e3800000000001200a014000000000c00828c9a
:103e48000b00401000000000e8ffbd271400bfafc2
:103e580009f8400000000000a04f400b21100000ae
:103e68000800e003fdff02240800e003fdff022430
:103e78000800e003211000001400bf8f1800bd27c0
:083e88000800e0030000000047
:020000040000fa
:020000041d01dc
:103e9000e0ffbd271c00bfaf1800b0af0020032417
:103ea00088bf023c64604224400143ac00a0103c47
:103eb000700a048e700a1026200006921000a0af2f
:103ec00000a0023c780a42241400a2af00a0053ce6
:103ed000880aa524019d073ce64e400fbc4ae72412
:103ee000040002ae1c00bf8f1800b08f0800e00372
:043ef0002000bd27ca
:020000040000fa
:020000041d01dc
:103ef400e0ffbd271c00bfaf1800b0af00200324b3
:103f040088bf023c68604224400143ac00a0103cde
:103f1400700a048e700a1026a10006921000a0af49
:103f240000a0023c780a42241400a2af00a0053c81
:103f3400910aa524019d073ce64e400fbc4ae724a4
:103f4400040002ae1c00bf8f1800b08f0800e0030d
:043f54002000bd2765
:020000040000fa
:020000041d01dc
:103f5800e0ffbd271c00bfaf1800b1af1400b0af21
:103f6800218080002188a000704f400f01000524a7
:103f7800211840000a0060141c00bf8f2120000295
:103f8800b049400f2128200221884000212000024a
:103f98008a4f400f010005240a1022021c00bf8f1f
:103fa8001800b18f1400b08f0800e0032000bd276f
:020000040000fa
:020000041d01dc
:103fb800e0ffbd271c00bfaf1800b1af1400b0afc1
:103fc800218080002188a000704f400f0100052447
:103fd800211840000a0060141c00bf8f2120000235
:103fe800c84c400f212820022188400021200002cf
:103ff8008a4f400f010005240a1022021c00bf8fbf
:104008001800b18f1400b08f0800e0032000bd270e
:020000040000fa
:020000041d01dc
:10401800e0ffbd271c00bfaf1800b1af1400b0af60
:10402800218080002188a000704f400f21280000c7
:10403800211840000a0060141c00bf8f21200002d4
:104048008950400f212820022188400021200002a9
:104058008a4f400f212800000a1022021c00bf8f3f
:104068001800b18f1400b08f0800e0032000bd27ae
:020000040000fa
:020000041d01dc
:10407800e0ffbd271c00bfaf1800b1af1400b0af00
:10408800218080002188a000704f400f2128000067
:10409800211840000a0060141c00bf8f2120000274
:1040a800564f400f2128200221884000212000027d
:1040b8008a4f400f212800000a1022021c00bf8fdf
:1040c8001800b18f1400b08f0800e0032000bd274e
:020000040000fa
:020000041d01dc
:1040d800f8ffbd270400bfaf00606341c0000000c7
:1040e80081bf023c30f240ac99aa043c5566842456
:1040f80030f244ac6655043caa99843430f244ac9e
:1041080001006230060040100400bf8f00600240ca
:104118000100423400608240c00000000400bf8fec
:084128000800e0030800bd27b8
:020000040000fa
:020000041d01dc
:104130000000043ce8ffbd27000084240300801039
:104140001400bfaf09f880000000000000008430b8
:104150000000a530019d083c6049082509f80001d0
:10416000000000000000023c000042240300401058
:104170000000000009f8400000000000f9ff0010f6
:04418000000000003b
:020000040000fa
:020000041d01dc
:10418400e8ffbd271400bfaf1000b0af00a0103c83
:10419400700a1026a4000292212082003f0084307d
:1041a400a40004a240008434180004a201000224e4
:1041b400a44f400f200002a206000224a80002ae71
:1041c4001400bf8f1000b08f0800e0031800bd2753
:020000040000fa
:020000041d01dc
:1041d400e8ffbd27ff008430060080101400bfaf45
:1041e4000100032407008310000000008650400be8
:1041f400ffff0224504d400f2120a0008750400ba8
:104204001400bf8f7b4d400f2120a0008750400b2e
:104214001400bf8f1400bf8f0800e0031800bd27ef
:020000040000fa
:020000041d01dc
:104224000f008010000000002000828c0e0040145b
:10423400000000000400828c04004014fcffa5244c
:10424400040085ac0800e003080085ac0800828cfb
:10425400000045ac080085ac0800e0032110000014
:104264000800e003fdff02240800e003fdff022430
:020000040000fa
:020000041d01dc
:10427400e8ffbd27060080101400bfaf0100022430
:104284000700821000000000ad50400bffff022425
:104294004945400f00000000ae50400b1400bf8f92
:1042a4002c46400f00000000ae50400b1400bf8f9e
:0c42b4001400bf8f0800e0031800bd27b5
:020000040000fa
:020000041d01dc
:1042c000e8ffbd27060080101400bfaf01000224e4
:1042d0000700821000000000c050400bffff0224c6
:1042e000b552400f21200000c150400b1400bf8f79
:1042f000b752400f01000424c150400b1400bf8f7f
:0c4300001400bf8f0800e0031800bd2768
:020000040000fa
:020000041d01dc
:10430c00e0ffbd271c00bfaf1800b1af1400b0af69
:10431c0009008010218080000700a0102188a000d7
:10432c0000000482ffff3126014c400f01001026d3
:10433c00fcff2056000004821c00bf8f1800b18fb8
:0c434c001400b08f0800e0032000bd2723
:020000040000fa
:020000041d01dc
:104358004d61696e204d656e750000004d6f647586
:104368006c652032000000004d656e75000000008d
:10437800414300004443000025322e32660000000d
:1043880057656c636f6d6500696e697469616c6906
:08439800736174696f6e00008f
:020000040000fa
:020000041d01dc
:1043a000f8ffbd270400bfaf00606241c0000000fd
:1043b0003333043c3333842481bf033c30f264ac98
:1043c00001004230060040100400bf8f0060024030
:1043d0000100423400608240c00000000400bf8f32
:0843e0000800e0030800bd27fe
:020000040000fa
:020000041d01dc
:1043e8000000023c00004224050040100000023c8e
:1043f8000000422403004010019d023c3f00007071
:10440800019d023c88454224050040100000000040
:10441800e8ffbd271400bfaf09f840000000000006
:084428000a51400b00000000e6
:020000040000fa
:020000041d01dc
:104430000000023c00004224070040100000023c43
:104440000000422405004050019d023c3f000070e6
:104450000800e00300000000019d023c8845422462
:10446000030040100000000009f8400000000000b8
:084470000800e0030000000059
:020000040000fa
:020000041d01dc
:104478000100843823200400ff00843000a0023c9f
:104488001c0542242b51400b00044524000044a085
:1044980001004224feff4354000044a00300a3107f
:1044a800211060002551400b800043240800e003e0
:0444b8000000000000
:020000040000fa
:020000041d01dc
:1044bc00e8ffbd27060080101400bfaf01000224e6
:1044cc00070082101400bf8f3e51400b000000000b
:1044dc006052400f000000003e51400b1400bf8f93
:1044ec006852400f000000001400bf8f0800e0036a
:0444fc001800bd27c0
:020000040000fa
:020000041d01dc
:10450000e8ffbd271400bfaf3650400f0000000089
:1045100081bf023c00f0438c0100042404d6837c5c
:1045200000f043ac00f0438cc4a4037c00f043ac27
:10453000e850400f000000001400bf8f0800e003a7
:044540001800bd277b
:020000040000fa
:020000041d01dc
:10454400f8ffbd270400bfaf006802408020427c12
:10455400388082af00700240348082af3880838f0d
:1045640080180300019d023c6c2542242110620046
:104574000000428c308082af3f0000705f51400bde
:044584000000000033
:020000040000fa
:020000041d01dc
:1045880000606041c000000099aa033c81bf023c62
:104598005566632430f240ac30f243ac6655033cb8
:1045a800aa99633430f243ac81bf023c0100032472
:1045b80018f643ac81bf023c10f6428c6451400ba4
:0445c80000000000ef
:020000040000fa
:020000041d01dc
:1045cc00e8ffbd271400bfaf00a0023c700a4224d4
:1045dc00a30043900221030010008434180044a06f
:1045ec000f006330190043a002000324a44f400fb6
:1045fc00200043a01400bf8f0800e0031800bd2763
:020000040000fa
:020000041d01dc
:10460c00e8ffbd271400bfaf00a0023c700a422493
:10461c00a20043900f006330b0ff042425186400ff
:10462c00180043a001000324a44f400f200043a016
:0c463c001400bf8f0800e0031800bd2729
:020000040000fa
:020000041d01dc
:1046480088bf033c3010632410000224040062accd
:104658000400638c88bf033c60106324080062accc
:104668000080033480bf023c080643ac01000224ea
:0c467800248082a30800e003010002245b
:020000040000fa
:020000041d01dc
:10468400e8ffbd271400bfaf1000b0af00a0103c7e
:10469400c80b10262f51400f0400048e2f51400fd9
:1046a4000800048e644e400f000000001400bf8f09
:0c46b4001000b08f0800e0031800bd27c4
:020000040000fa
:020000041d01dc
:1046c00000a0033c1c056324050462900100422401
:1046d000ff004230050462a01400422c0400401484
:1046e0002110600001000324040443a0050440a03d
:0846f0000800e00300000000d7
:020000040000fa
:020000041d01dc
:1046f800e8ffbd271400bfaf00a0023c700a4224a7
:1047080081ff0324180043a03f008430190044a00f
:1047180002000324a44f400f200043a01400bf8fc1
:084728000800e0031800bd27a2
:020000040000fa
:020000041d01dc
:10473000e8ffbd271400bfaf00a0023c700a42246e
:104740000700843020008434180044a001000324b2
:10475000a44f400f200043a01400bf8f0800e003c7
:044760001800bd2759
:020000040000fa
:020000041d01dc
:104764000400828cffff032403004310000080ac8c
:104774000800e003040083ace8ffbd271400bfafca
:10478400aa4a400f010004241400bf8f0800e0036c
:044794001800bd2725
:020000040000fa
:020000041d01dc
:10479800e8ffbd271400bfaf00a0023c700a422406
:1047a800afff0324180043a001000324a44f400fc7
:1047b800200043a01400bf8f0800e0031800bd27a5
:020000040000fa
:020000041d01dc
:1047c800e8ffbd271400bfaf00a0023c700a4224d6
:1047d800a0ff0324180043a001000324a44f400fa6
:1047e800200043a01400bf8f0800e0031800bd2775
:020000040000fa
:020000041d01dc
:1047f800e8ffbd271400bfaf00a0023c700a4224a6
:10480800a2ff0324180043a001000324a44f400f73
:10481800200043a01400bf8f0800e0031800bd2744
:020000040000fa
:020000041d01dc
:10482800e8ffbd271400bfaf00a0023c700a422475
:10483800c0ff0324180043a001000324a44f400f25
:10484800200043a01400bf8f0800e0031800bd2714
:020000040000fa
:020000041d01dc
:10485800e8ffbd271400bfaf00a0023c700a422445
:104868002f000324180043a001000324a44f400f85
:10487800200043a01400bf8f0800e0031800bd27e4
:020000040000fa
:020000041d01dc
:104888004480828f0000888c0400878c0800868c06
:104898000c00858c1000838c300048ac340047ac89
:1048a800380046ac3c0045ac0800e003400043ac8f
:020000040000fa
:020000041d01dc
:1048b800100083942428a3000700a01001000224fc
:1048c80040006334100083a40900032400a0023cc4
:1048d800380043ac211000000800e003000000008d
:020000040000fa
:020000041d01dc
:1048e800e0ffbd271c00bfaf3000a28f1000a2afb1
:1048f8004480828f30004224ea42400f1400a2af65
:0c4908001c00bf8f0800e0032000bd274a
:020000040000fa
:020000041d01dc
:104914000010032488bf023c64604224400143ac7d
:1049240000a0023c700a4224a80040ac0a00032400
:084934000800e003ac0043a001
:020000040000fa
:020000041d01dc
:10493c000100032400a0023c1d0b43a0040003242f
:10494c0088bf023c64604224c00043ac0800e00312
:04495c000000000057
:020000040000fa
:020000041d01dc
:10496000e8ffbd271400bfaffa4d400f2120000023
:10497000a151400f000000005c52400b00000000fd
:020000040000fa
:020000041d01dc
:10498000e8ffbd271400bfaf00a0043c9a46400fcb
:10499000580084241400bf8f0800e0031800bd27ce
:020000040000fa
:020000041d01dc
:1049a000e8ffbd271400bfaf00a0043c0847400f3c
:1049b0003c0084241400bf8f0800e0031800bd27ca
:020000040000fa
:020000041d01dc
:1049c000f8ffbd270400bfaf00606241c0000000d7
:0c49d0000400bf8f0800e0030800bd27b2
:020000040000fa
:020000041d01dc
:1049dc00f8ffbd270400bfaf00608440c00000009a
:0c49ec000400bf8f0800e0030800bd2796
:020000040000fa
:020000041d01dc
:1049f8000400032488bf023c68604224c00043ac22
:0c4a080000a0023c0800e0031d0b40a0d1
:020000040000fa
:020000041d01dc
:104a140081bf023c00f2438c0800633400f243acd3
:084a24000800e003000000009f
:020000040000fa
:020000041d01dc
:104a2c0000601a40bfff1b3cffff7b3724d05b03a9
:084a3c0000609a4018000042de
:020000040000fa
:020000041d01dc
:104a44000010032488bf023c081043ac0800e003b4
:044a5400000000005e
:020000040000fa
:020000041d01dc
:104a5800020002242c8082af288080af0800e00387
:044a68002110000019
:020000040000fa
:020000041d01dc
:104a6c006447019dbc27019d983a019d183b019d0f
:044a7c00b848019d98
:020000040000fa
:020000041d01dc
:0c4a8000c404023c0800e00300b442340f
:020000040000fa
:020000041d01dc
:0c4a8c00c404023c0800e00300b4423403
:020000040000fa
:020000041d01dc
:0c4a98004480828f0800e003480044ac1a
:020000040000fa
:020000041d01dc
:0c4aa4004480828f0800e0034c0044ac0a
:020000040000fa
:020000041d01dc
:0c4ab0004480828f0800e003440044a012
:020000040000fa
:020000041d01dc
:084abc000800e0030000000007
:020000040000fa
:020000041d01dc
:084ac4000800e003188080af38
:020000040000fa
:020000041d01dc
:084acc000800e00300000000f7
:020000040000fa
:020000041d01dc
:084ad4000800e00321100000be
:020000040000fa
:020000041d01dc
:084adc000800e00301000224c0
:020000040000fa
:020000041d01dc
:084ae4000800e00300000000df
:020000040000fa
:020000041d01dc
:084aec000800e00300000000d7
:00000001FF
