:020000040000fa
:020000041fc01b
:042ff000fffffffee2
:020000040000fa
:020000041fc01b
:042ff400d979f8ff90
:020000040000fa
:020000041fc01b
:042ff800fb4d74ff1a
:020000040000fa
:020000041fc01b
:042ffc00feffff7f56
:020000040000fa
:020000041fc01b
:100000000200f00f0000000000601a40c0045a7f98
:100010000500401300000000029d1a3c3cd25a2704
:10002000080040030000000002a01d3cf0ffbd27b7
:1000300000a01c3cf07f9c27026009402058200152
:10004000801e2a7d8449497d02608940c0000000ed
:1000500000e0dc4102608b40c0000000029d083cd3
:1000600084d6082509f800010000000000a0083c23
:100070001800082500a0093c4001292503000010b4
:1000800000000000000000ad040008252b08090155
:10009000fcff201400000000029d083c8cb60825df
:1000a00009f80001000000000000093c00002925bb
:1000b00010002011000000000200093c000029256a
:1000c00088bf0a3c10204a25000049ad0200093cc7
:1000d0000000292588bf0a3c20204a25000049ada0
:1000e0000200093c0000292588bf0a3c30204a252f
:1000f000000049ad00488040ffff0a2400588a40b4
:100100004000083c00600a4025500a0100608a4017
:10011000c09f093c00102925c000000001788940db
:100120000000093c0100292500000a2444492a7dd9
:1001300001608a408000093c0068894000800840d6
:100140008005097d404c0900006008405800013cd2
:10015000244001012540280100608840c0000000c3
:10016000029d083c8cd6082509f80001000000001b
:1001700000600840bfff013cffff21342440010123
:1001800000608840000084300000a530029d083cdb
:0c019000c0c308250800000100000000aa
:020000040000fa
:020000041fc01b
:10038000029d1a3cc4c65a27080040030000000022
:020000040000fa
:020000041fc01b
:10118000029d1a3c80985a27080040030000000086
:020000040000fa
:020000041fc01b
:08120000c371400b0000000067
:020000040000fa
:020000041fc01b
:08122000c371400b0000000047
:020000040000fa
:020000041fc01b
:08124000c371400b0000000027
:020000040000fa
:020000041fc01b
:08126000c371400b0000000007
:020000040000fa
:020000041fc01b
:08128000325f400b000000008a
:020000040000fa
:020000041fc01b
:0812a000c371400b00000000c7
:020000040000fa
:020000041fc01b
:0812c000c371400b00000000a7
:020000040000fa
:020000041fc01b
:0812e000c371400b0000000087
:020000040000fa
:020000041fc01b
:08130000325e400b000000000a
:020000040000fa
:020000041fc01b
:08132000c371400b0000000046
:020000040000fa
:020000041fc01b
:08134000c371400b0000000026
:020000040000fa
:020000041fc01b
:08136000c371400b0000000006
:020000040000fa
:020000041fc01b
:08138000865f400b0000000035
:020000040000fa
:020000041fc01b
:0813a000c371400b00000000c6
:020000040000fa
:020000041fc01b
:0813c000c371400b00000000a6
:020000040000fa
:020000041fc01b
:0813e000c371400b0000000086
:020000040000fa
:020000041fc01b
:08140000885e400b00000000b3
:020000040000fa
:020000041fc01b
:08142000c371400b0000000045
:020000040000fa
:020000041fc01b
:08144000c371400b0000000025
:020000040000fa
:020000041fc01b
:08146000c371400b0000000005
:020000040000fa
:020000041fc01b
:08148000835d400b0000000039
:020000040000fa
:020000041fc01b
:0814a000c371400b00000000c5
:020000040000fa
:020000041fc01b
:0814c000c371400b00000000a5
:020000040000fa
:020000041fc01b
:0814e000c371400b0000000085
:020000040000fa
:020000041fc01b
:08150000c371400b0000000064
:020000040000fa
:020000041fc01b
:08152000c371400b0000000044
:020000040000fa
:020000041fc01b
:08154000c371400b0000000024
:020000040000fa
:020000041fc01b
:08156000c371400b0000000004
:020000040000fa
:020000041fc01b
:08158000c371400b00000000e4
:020000040000fa
:020000041fc01b
:0815a000c371400b00000000c4
:020000040000fa
:020000041fc01b
:0815c000c371400b00000000a4
:020000040000fa
:020000041fc01b
:0815e000c371400b0000000084
:020000040000fa
:020000041fc01b
:08160000c371400b0000000063
:020000040000fa
:020000041fc01b
:08162000c371400b0000000043
:020000040000fa
:020000041fc01b
:08164000c371400b0000000023
:020000040000fa
:020000041fc01b
:08166000c371400b0000000003
:020000040000fa
:020000041fc01b
:08168000c371400b00000000e3
:020000040000fa
:020000041fc01b
:0816a000c371400b00000000c3
:020000040000fa
:020000041fc01b
:0816c000c371400b00000000a3
:020000040000fa
:020000041fc01b
:0816e000c371400b0000000083
:020000040000fa
:020000041fc01b
:08170000c371400b0000000062
:020000040000fa
:020000041fc01b
:08172000c371400b0000000042
:020000040000fa
:020000041fc01b
:08174000c371400b0000000022
:020000040000fa
:020000041fc01b
:08176000c371400b0000000002
:020000040000fa
:020000041fc01b
:08178000c371400b00000000e2
:020000040000fa
:020000041fc01b
:0817a000c371400b00000000c2
:020000040000fa
:020000041fc01b
:0817c000c371400b00000000a2
:020000040000fa
:020000041fc01b
:0817e000c371400b0000000082
:020000040000fa
:020000041fc01b
:08180000c371400b0000000061
:020000040000fa
:020000041fc01b
:08182000c371400b0000000041
:020000040000fa
:020000041fc01b
:08184000c371400b0000000021
:020000040000fa
:020000041fc01b
:08186000c371400b0000000001
:020000040000fa
:020000041fc01b
:1004800000f89b40c0000000029d1b3c98c77b27e2
:10049000020060130000000000c09b4000f81b40f9
:0c04a000c00000001f000042000000002f
:020000040000fa
:020000041d00dd
:10000000000000000000040a0e0a0400040e0a0e9c
:100010000400000a0e0e040000040e0e0400040e7c
:100020000e040e0004040e040e0000000000000088
:1000300000000000000000000000000000000000c0
:100040000000000c08060600040a040e040000006c
:1000500000000000040c0a080400040e0a0e04004c
:1000600002060e060200080c0e0c0800040e040e18
:1000700004000a0a0a000a00000804040404040434
:1000800004040200000000000e00040e040e040e22
:10009000040e040404000404040e040000040f040d
:1000a000000000020f0200000000020e0000000a23
:1000b0000e0a000000040e0e0000000e0e040000e8
:1000c0000000000000000404040004000a0a00000c
:1000d00000000a0e0a0e0a00040c060c06040208b0
:1000e00004020800040a0c0a0e00060200000000c8
:1000f0000402020204000204040402000a040e04c2
:100100000a0000040e0400000000000006020000c7
:100110000e000000000000000400080804020200b5
:100120000c0a0a0a0600040604040e00060804026b
:100130000e00060804080600080a0e0808000e0251
:10014000060806000402060a04000e080c04040057
:10015000040a040a0400040a0c0804000000040055
:100160000400000004000602080402040800000065
:100170000e000e0002040804020006080400040039
:100180000e0a0a020e00040a0e0a0a00060a060aed
:1001900006000c0202020c00060a0a0a06000e0201
:1001a00006020e000e02060202000c020a0a0c00f1
:1001b0000a0a0e0a0a000e0404040e000808080abf
:1001c00004000a0a060a0a00020202020e000a0ecf
:1001d0000e0a0a000a0e0a0a0a00040a0a0a0400a1
:1001e000060a06020200040a0a0e0c00060a060aa3
:1001f0000a000c020e0806000e04040404000a0a99
:100200000a0a0e000a0a0a0a04000a0a0e0e0a0066
:100210000a0a040a0a000a0a040404000e08040276
:100220000e0006020202060002020408080006048c
:1002300004040600040a0000000000000000000f93
:1002400006040000000000000c0a0e000202060a6c
:10025000060000000c020c0008080c0a0c0000004c
:100260000e060c0008040e04040000000e0a080e1e
:100270000202060a0a000400040404000400040444
:10028000040602020a060a00040404040400000032
:100290000e0e0a000000060a0a000000040a04000c
:1002a0000000060a060200000c0a0c080000060204
:1002b000020000000c04060000040e040c00000004
:1002c0000a0a0e0000000a0a040000000a0e0e00ce
:1002d00000000a040a0000000a0a040200000604e2
:1002e0000c000c0406040c000404040404000604be
:1002f0000c0406000a050000000000040a0e0000bd
:100300000c02020e04020a000a0a0c0008040e067f
:100310000c00040a0c0a0e000a000c0a0e0002046b
:100320000c0a0e0004000c0a0e00000e020e040659
:10033000040a0e060c000a000e060c0002040e064b
:100340000c000a0004040400040a0004040002046f
:10035000000404000a040a0e0a0004040a0e0a003b
:1003600008040e060e0000000c0e06000c060e0619
:100370000e00040a040a04000a00040a040002042d
:10038000040a0400040a000a0e0002040a0a0e000d
:100390000a000a0a04020a040a0a04000a000a0af5
:1003a0000e00040e020e040008040e040e000a0ed5
:1003b000040e04000006060a0a000c040c040600e1
:1003c00008040c0a0e0008040004040008040e0ac5
:1003d0000e000804000a0e000e000e0a0a000e00ad
:1003e0000a0e0a000c0a0e000e00040a04000e0099
:1003f000040004020c00000e0202000000070404c6
:100400000000020a040a0c00020a040e080004009c
:1004100004040400000a050a000000050a050000a3
:100420000208020802080a050a050a050d070d0759
:100430000d0704040404040404040704040404076a
:10044000040704040a0a0b0a0a0a00000f0a0a0a2f
:100450000007040704040a0b080b0a0a0a0a0a0a1e
:100460000a0a000f080b0a0a0a0b080f00000a0a02
:100470000f00000004070407000000000704040444
:1004800004040c00000004040f00000000000f042e
:10049000040404040c04040400000f00000004041d
:1004a0000f040404040c040c04040a0a0a0a0a0acd
:1004b0000a0a020e0000000e020a0a0a0a0b000fc6
:1004c0000000000f000b0a0a0a0a020a0a0a000fbb
:1004d000000f00000a0b000b0a0a040f000f0000b7
:1004e0000a0a0f000000000f000f040400000f0aaa
:1004f0000a0a0a0a0e000000040c040c0000000c9a
:10050000040c040400000e0a0a0a0a0a0b0a0a0a6a
:10051000040f000f040404040700000000000c0492
:1005200004040f0f0f0f0f0f0000000f0f0f030336
:10053000030303030c0c0c0c0c0c0f0f0f0000003a
:1005400000000e060e00040a060a06020e0a020247
:1005500002000e0a0a0a0a000e0204020e0000003f
:100560000c0a040000000a0a0e0200080604040037
:100570000e040a040e00040a0e0a040000040a0a0b
:100580000a000c02040a040000000e0a0e00040e09
:100590000a0e04000c020e020c00040a0a0a0a00e9
:1005a0000e000e000e00040e04000e0006080600e9
:1005b0000e000c020c000e000008040404040404e5
:1005c0000404020004000e000400000a050a0500ed
:1005d000040a0400000000040e04000000000400ef
:1005e00000000c04040604000e0a0a0000000604c1
:1005f00002060000000006060000000000000000e7
:1006000000000000000000000e111b111f0e000072
:100610000e151f111f0e00000a1f1f1f0e040000e1
:1006200004040e1f0e040400040e041f15040e0023
:10063000040e1f1f15040e00000000000000000043
:1006400000000000000000000000000000000000aa
:10065000000000000000000018180e1111110e001b
:100660000e1111110e040e04000000000000000025
:10067000181e12121a1b030000150e1b0e15000087
:100680000001071f0701000000101c1f1c100000c4
:10069000040e0404040e0400000a0a0a000a000002
:1006a0000e0b0b0a0a0a0a000c02040a04080600d0
:1006b0000000001e1e000000040e040e04000e00c8
:1006c000040e04040404040004040404040e0400de
:1006d0000000081e080000000000041e04000000c6
:1006e00000000202021e000000000a1f0a000000b3
:1006f0000004040e0e1f0000001f0e0e0404000074
:1007000000000000000000000404040400040000d5
:100710000a0a00000000000000141f0a1f05000064
:10072000040e06040c0e040012150e0e150900002e
:10073000040a061509160000040400000000000069
:100740001804020202041800030408080804030045
:10075000040a040a00000000000000040e04000067
:1007600000000000000404020000000e0000000071
:100770000000000000040000100808040402020049
:100780000c121212120c000004060404040e0000e5
:1007900006080804020e0000060806080806000005
:1007a000080c0a1e080800000e02060808060000d1
:1007b0000c020e12120c00001e10080404040000ab
:1007c0000c120c12120c00000c12121c100c000067
:1007d0000000040000040000000004000004040203
:1007e000001008060810000000001e001e00000097
:1007f00000020418040200000e10080400040000a7
:100800000c1219151d011e0000040a0a1f11000018
:10081000000e0a060a0e0000001c0202021c000064
:10082000000e1212120e0000000e020e020e000048
:10083000000e020e02020000001c021a121c000030
:100840000012121e12120000000e0404040e00001a
:10085000000e08080806000000120a060a1200002e
:1008600000020202021e000000111b1515110000fb
:100870000012161a12120000000e1111110e0000c3
:10088000000e120e02020000000e1111110e0810cf
:1008900000060a060a120000000c02040806000006
:1008a000001f04040404000000121212120c0000c5
:1008b000001212120c0c0000001115150a0a00009b
:1008c00000110a040a11000000110a0404040000c7
:1008d000001e100c021e00000c04040404040c0092
:1008e00001020204040808000604040404040600cb
:1008f000040a0a11110000000000000000001f009f
:100900000204000000000000000006080e1e0000a7
:1009100002020e12120e000000000c02020c000077
:1009200008080e09090e00000000040e020c000069
:1009300018041e040404000000001c121e100e0007
:1009400002020a1612120000040006040404000049
:1009500008000e080808060002020a060a12000033
:1009600006040404040400000000151f151500000f
:1009700000000a161212000000000c12120c0000f7
:1009800000000e12120e020000000e09090e0800ef
:1009900000000a060202000000000c060806000023
:1009a00000041e0404080000000012121a140000c3
:1009b000000012120c0c0000000015150e0a0000b9
:1009c0000000120c0c120000000012120c0c0700a8
:1009d00000000e0c020e00000804040204040800cb
:1009e00004040404040404000204040804040200cf
:1009f000000000160900000000040a0a0a0e0000a8
:100a0000001c0202021c0804120012121a14000038
:100a10001008040e020c00000c1206080e1e000046
:100a20000a0006080e1e0000010206080e1e000045
:100a3000040a06080e1e000000000c02020c080446
:100a40000c12040e020c00000a00040e020c00003e
:100a50000102040e020c00000a0006040404000057
:100a60000c12060404040000010206040404000041
:100a70000a040a0a1f110000040a040a1f110000d8
:100a8000100e020e020e000000000b1c07190000e1
:100a9000001c0a1a0f19000006090c12120c0000a3
:100aa00012000c12120c000001020c12120c0000b9
:100ab000060912121a140000020412121a1400007d
:100ac000120012120c0c0700110e1111110e000071
:100ad00009121212120c000000100c1a160c02005f
:100ae00000040206030e0000100e1915130e01007b
:100af0000000120c0c1200000804040e0404020092
:100b0000100806080e1e0000100806040404000069
:100b100010080c12120c0000100812121a14000017
:100b20001e000a16121200001f12161a12120000de
:100b300006080e0a0e000000040a0a0a040000005b
:100b400000040004040806000e1d1d151d0e000003
:100b50000000000e08080000130a1e140a19000005
:100b6000130a0a141a11000000000400040404000f
:100b700000140a050a14000000050a140a05000002
:100b80001500150015001500150a150a150a150a95
:100b90001f151f151f151f15040404040404040465
:100ba000040404070404040408040a0a1f110000d2
:100bb0000c12040a1f11000002040a0a1f1100008f
:100bc0000e111d151d110e000a0a0b080b0a0a0a48
:100bd0000a0a0a0a0a0a0a0a00000f080b0a0a0a85
:100be0000a0a0b080f00000000040e020e040000a9
:100bf00000110a040e0400000000000704040404ad
:100c00000404041c000000000404041f0000000091
:100c10000000001f040404040404041c040404046d
:100c20000000001f000000000404041f040404046a
:100c3000160906080e1e00001609040a1f110000fe
:100c40000a0a1a021e00000000001e021a0a0a0afe
:100c50000a0a1b001f00000000001f001b0a0a0aee
:100c60000a0a1a021a0a0a0a00001f001f000000de
:100c70000a0a1b001b0a0a0a00110e0a0e110000c4
:100c80000f040e0909060000000e1217120e0000d4
:100c90000e0e020e020e0000110e020e020e0000d9
:100ca000010e020e020e0000000006040404000003
:100cb000100e0404040e00000e0e0404040e0000c6
:100cc000110e0404040e00000404040700000000d8
:100cd0000000001c040404041f1f1f1f1f1f1f1ff0
:100ce000000000001f1f1f1f040404000004040470
:100cf000010e0404040e00001f1f1f1f000000004f
:100d0000100e1111110e0000040a0a0a120a000046
:100d10000e0e1111110e0000010e1111110e000026
:100d200016090c12120c00000f0e1111110e00000a
:100d3000000012121a16020002020e12120e020017
:100d400000020e120e020000100909090906000037
:100d50001e121212120c000001121212120c0000cc
:100d6000100812120c0c030008150a0404040000f9
:100d70001f00000000000000080400000000000048
:100d80000000000e000000000000040e040e000031
:100d900000000000001f001f130b0a171a110000ab
:100da0000e0b0b0a0a0a0a000c02040a04080600c9
:100db0000004000e00040000000000000000040217
:100dc0000c12120c000000000a00000000000000dd
:100dd0000000000400000000060404040e000000ef
:100de0000608060806000000060804020e000000bf
:100df00000001e1e1e1e000000000000000000007b
:100e000000000000000000001c2236222a221c00e4
:100e10001c3e2a3e223e1c0000143e3e3e1c0800a2
:100e200000081c3e3e1c0800081c1c083e3e080032
:100e300000081c3e3e081c000000000000000000ee
:100e400000000000000000000000000000000000a2
:100e500000000000000000000038302c12120c00ce
:100e60001c22221c081c08000000000000000000da
:100e7000302c342c34360600002a1c361c2a000084
:100e8000040c1c3c1c0c040010181c1e1c18100028
:100e9000081c3e083e1c080014141414140014000e
:100ea0003c2a2a2c282828001c220c1418221c005a
:100eb00000000000001e1e00081c3e083e1c081c0e
:100ec000081c3e0808080800080808083e1c08001e
:100ed0000008183e1808000000080c3e0c0800002e
:100ee0000000000202023e000014143e1414000030
:100ef00008081c1c3e3e00003e3e1c1c080800006a
:100f00000000000000000000081c1c080800080089
:100f1000363612000000000000143e14143e140087
:100f2000041c020c100e08002626100804323200a1
:100f3000040a0a042a122c000c0c04000000000011
:100f4000080404040404080004080808080804004d
:100f500000141c3e1c1400000008083e0808000095
:100f600000000000000c0c040000003e0000000027
:100f700000000000000c0c0000201008040200001b
:100f80001c22322a26221c00080c080808081c0013
:100f90001c22201804023e001c22201c20221c00bf
:100fa000101814123e1010003e02021e20221c00d7
:100fb0001804021e22221c003e2010080404040013
:100fc0001c22221c22221c001c22223c20100c006d
:100fd00000000c0c000c0c0000000c0c000c0c04ad
:100fe000100804020408100000003e00003e00004b
:100ff00004081020100804001c2220180800080013
:101000001c223a2a3a021c001c2222223e222200e2
:101010001e22221e22221e001c22020202221c006c
:101020001e22222222221e003e02021e02023e0038
:101030003e02021e020202001c22023a22223c0050
:101040002222223e222222001c08080808081c0036
:101050002020202022221c0022120a060a1222002e
:101060000202020202023e0022362a22222222002c
:1010700022262a32222222001c22222222221c0084
:101080001e22221e020202001c2222222a122c00f0
:101090001e22221e122222001c22021c20221c00c0
:1010a0003e080808080808002222222222221c00ea
:1010b000222222222214080022222a2a2a2a14006a
:1010c00022221408142222002222221408080800d6
:1010d0001e10080402021e001c04040404041c0068
:1010e00000020408102000001c10101010101c003a
:1010f0000814220000000000000000000000003f73
:101100000c0c08000000000000001c203c223c00e9
:1011100002021e2222221e0000001c2202221c00ab
:1011200020203c2222223c0000001c221e021c0027
:101130001804041e0404040000003c22223c201c6d
:1011400002020e1212121200080008080808180005
:10115000100018101010120c0202120a060a1200d7
:1011600008080808080818000000162a2a22220089
:1011700000000e121212120000001c2222221c007b
:1011800000001e2222221e0200003c2222223c20bd
:1011900000001a2404040e0000001c021c201c0085
:1011a00000041e040414080000001212121a140095
:1011b0000000222222140800000022222a3e1400ed
:1011c000000012120c12120000001212121c08066b
:1011d00000001e100c021e0018040406040418006f
:1011e00008080800080808000c10103010100c0047
:1011f000140a000000000000081c3622223e0000f5
:101200001c220202221c080c12001212121a1400d4
:1012100030001c221e021c001c001c203c223c0032
:1012200014001c203c223c000c001c203c223c00f2
:101230001c141c203c223c00001c2202221c080c16
:101240001c001c221e021c0014001c221e021c007a
:101250000c001c221e021c001400080808081800bc
:101260001c000808080818000400080808081800ee
:1012700014000814223e22001c141c36223e2200b8
:1012800030003e021e023e0000001e283e0a3c00c6
:101290003c0a0a3e0a0a3a001c000c1212120c0008
:1012a00014000c1212120c0006000c1212120c0088
:1012b0001c001212121a140006001212121a140044
:1012c00014001212121c0806120c121212120c0038
:1012d0001400121212120c000000201c1a160e012b
:1012e0001824041e04243a003c322a2a2a261e000e
:1012f00000221408142200001028081c08080a0400
:1013000018001c203c223c0018000808080818009f
:1013100018000c1212120c0018001212121a1400eb
:10132000140a000e12121200140a0012161a1200e9
:101330001c203c223c003c000c1212120c001e002f
:101340000800080c02221c001e29352d35211e0024
:1013500000003f202000000002120a1c221038006a
:1013600002120a342a382000080008081c1c080051
:1013700000002412240000000000122412000000cb
:101380002a0015002a0015002a152a152a152a15e3
:10139000153f2a3f153f2a3f080808080808080893
:1013a0000808080f0808080818000814223e220040
:1013b0001c000814223e22000c000814223e2200c9
:1013c0001e212d252d211e000a0b080b0a0a0a0ad0
:1013d0000a0a0a0a0a0a0a0a000f080b0a0a0a0a73
:1013e0000a0b080f0000000000081c02021c080085
:1013f0002214083e083e08000000000f08080808f4
:1014000008080838000000000808083f0000000035
:101410000000003f080808080808083808080808fd
:101420000000003f000000000808083f0808080806
:1014300028141c203c223c0028140814223e2200c0
:101440000a3a023e00000000003e023a0a0a0a0a76
:101450000a3b003f00000000003f003b0a0a0a0a66
:101460000a3a023a0a0a0a0a003f003f0000000056
:101470000a3b003b0a0a0a0a221c2222221c2200e2
:101480000c0204081c120c001c24242e24241c0012
:101490001c003e021e023e0014003e021e023e00e0
:1014a0000c003e021e023e0008080800000000007a
:1014b00018001c0808081c001c001c0808081c0058
:1014c00014001c0808081c000808080f0000000091
:1014d00000000038080808083f3f3f3f3f3f3f3fbc
:1014e000000000003f3f3f3f0808080008080800d0
:1014f0000c001c0808081c003f3f3f3f0000000094
:10150000180c121212120c00000e120e12120e0201
:101510001c0c121212120c00060c121212120c00e9
:10152000140a000c12120c00140a0c1212120c00f5
:1015300000001212120e02020006020e120e020625
:1015400006020e12120e02061800121212120c00df
:101550001c00121212120c000600121212120c00c1
:1015600018001212121c080618002214080808009d
:10157000001c0000000000000c0c04000000000033
:101580000000001c0000000000081c08001c0000f7
:1015900000003e00003e000003160b342a382000f5
:1015a0003c2a2a2c282828001c220c1418221c0053
:1015b0000008003e000800000000001c18000000a9
:1015c0000c12120c000000000000001400000000cb
:1015d00000000004000000000406040400000000f5
:1015e0000e040c06000000000608040e00000000b7
:1015f00000001e1e1e1e0000000000000000000073
:1016000000000000000000007e81a581bd99817e60
:101610007effdbffc3e7ff7e367f7f7f3e1c080037
:10162000081c3e7f3e1c08001c3e1c7f7f6b081c74
:1016300008081c3e7f3e081c00000000000000005f
:10164000000000000000000000000000000000009a
:101650000000000000000000f0e0f0be3333331e55
:101660003c6666663c187e18000000000000000022
:10167000fec6fec6c6e66703995a3ce7e73c5a99a0
:1016800001071f7f1f07010040707c7f7c704000b6
:10169000183c7e18187e3c18666666666600660012
:1016a000fedbdbded8d8d8007ec31e33331e311fed
:1016b000000000007e7e7e00183c7e187e3c18fff5
:1016c000183c7e1818181800181818187e3c1800b6
:1016d0000018307f30180000000c067f060c000058
:1016e00000000303037f0000002466ff662400005f
:1016f00000183c7effff000000ffff7e3c1800004a
:1017000000000000000000000c1e1e0c0c000c006d
:10171000363636000000000036367f367f3636001b
:101720000c3e031e301f0c00006333180c66630070
:101730001c361c6e3b336e000606030000000000e2
:10174000180c0606060c1800060c1818180c0600d3
:1017500000663cff3c660000000c0c3f0c0c0000d7
:1017600000000000000e0c060000003f000000001a
:1017700000000000000c0c006030180c0603010093
:101780001e333b3f37331e000c0f0c0c0c0c3f007c
:101790001e33301c06333f001e33301c30331e0016
:1017a000383c36337f3030003f031f3030331e006b
:1017b0001c06031f33331e003f3330180c0606008f
:1017c0001e33331e33331e001e33333e30180e00db
:1017d00000000c0c000c0c0000000c0c000e0c06a1
:1017e000180c0603060c180000003f003f00000024
:1017f000060c1830180c06001e3330180c000c00b4
:101800003e637b7b7b031e000c1e33333f33330070
:101810003f66663e66663f003c66030303663c0027
:101820003f36666666363f007f46161e16467f00c8
:101830007f46161e16060f003c66030373667c0087
:101840003333333f333333001e0c0c0c0c0c1e00af
:101850007830303033331e006766361e36666700d8
:101860000f06060646667f0063777f6b636363003f
:1018700063676f7b736363001c36636363361c00ae
:101880003f66663e06060f001e3333333b1e3800ac
:101890003f66663e1e3667001e33071c38331e0047
:1018a0003f2d0c0c0c0c1e003333333333333f000d
:1018b00033333333331e0c006363636b7f77630012
:1018c0006363361c366363003333331e0c0c1e0017
:1018d0007f33190c46637f001e06060606061e00af
:1018e00003060c18306040001e18181818181e0047
:1018f000081c36630000000000000000000000ff2c
:101900000c0c18000000000000001e303e336e007a
:1019100007063e6666663d0000001e3303331e0068
:101920003830303e33336e0000001e333f031e005c
:101930001c36060f06060f0000006e33333e301fc4
:101940000706366e666667000c000e0c0c0c1e0057
:1019500018001e1818181b0e070666361e3667007c
:101960000e0c0c0c0c0c1e000000377f6b63630028
:1019700000001f333333330000001e3333331e00a7
:1019800000003b66663e060f00006e33333e307843
:1019900000001b3636060f0000003e031e301f00fd
:1019a000080c3e0c0c2c18000000333333336e004f
:1019b00000003333331e0c00000063636b7f36007e
:1019c000000063361c36630000003333333e301fa3
:1019d00000003f190c263f00380c0c070c0c380097
:1019e0001818180018181800070c0c380c0c0700f1
:1019f0006e3b000000000000081c366363637f003c
:101a00001e330303331e0c060033003333337e00d2
:101a1000180c1e333f031e007ec33c607c66fc0036
:101a200033001e303e337e00060c1e303e337e00f7
:101a30003c663c607c66fc00001e3303331e0c06d3
:101a40007ec33c667e063c0033001e333f031e000f
:101a5000060c1e333f031e0033000e0c0c0c1e0040
:101a60003e631c1818183c00060c0e0c0c0c1e00d3
:101a7000330c1e33333f33000c120c1e333f330044
:101a8000180c3f061e063f000000fe30fe33fe002d
:101a90007c36337f333373001e33001e33331e0016
:101aa0000033001e33331e00060c001e33331e00ad
:101ab0001e33003333337e00060c003333337e0095
:101ac00000330033333f301f63003e6363633e00e7
:101ad0003300333333331e0000003e736b673e0028
:101ae0001c36260f06673f005c36736b67361d0099
:101af0000000331e0c1e330070d8187e18181b0e01
:101b0000180c1e303e337e00180c0e0c0c0c1e0000
:101b10003018001e33331e003018003333337e007c
:101b20006e3b001f333333006e3b00373f3b3300c7
:101b30003c36367c007e00003c66663c007e000041
:101b40000c000c0603331e003c5aa59d95663c0014
:101b50000000003f3030000067361e7ec67319f863
:101b600067361ecee6b3f9c000180018183c3c18c2
:101b700000cc663366cc0000003366cc66330000d0
:101b80004411441144114411aa55aa55aa55aa5505
:101b9000bbeebbeebbeebbee1818181818181818e1
:101ba000181818181f18181830180c1e333f330057
:101bb0001e210c1e333f330003060c1e333f33003f
:101bc0003c429d859d423c006c6c6f606f6c6c6c00
:101bd0006c6c6c6c6c6c6c6c00007f606f6c6c6c13
:101be0006c6c6f607f00000018187e03037e18186d
:101bf00033331e3f0c3f0c0c000000001f18181858
:101c000018181818f800000018181818ff0000001d
:101c100000000000ff18181818181818f8181818dd
:101c200000000000ff00000018181818ff1818180e
:101c30006e3b1e303e337e006e3b0c1e333f330046
:101c40006c6cec0cfc0000000000fc0cec6c6c6c90
:101c50006c6cef00ff0000000000ff00ef6c6c6c8c
:101c60006c6cec0cec6c6c6c0000ff00ff00000076
:101c70006c6cef00ef6c6c6c00417f36367f41007e
:101c80001b0e1b303c361c003f36666f66363f002d
:101c90001e213f061e063f0033003f061e063f0082
:101ca000060c3f061e063f0000030207000000006e
:101cb000180c1e0c0c0c1e001e211e0c0c0c1e0001
:101cc00033001e0c0c0c1e00181818181f00000002
:101cd00000000000f8181818ffffffffffffffffcc
:101ce00000000000ffffffff181818001818180068
:101cf000060c1e0c0c0c1e00ffffffff0000000076
:101d0000180c3e6363633e00001e331f331f030342
:101d10003e413e6363633e000c183e6363633e00d6
:101d20006e3b001e33331e006e3b3e6363633e001a
:101d300000666666663e060300071e361e060f0036
:101d40000f063e663e060f00180c333333331e0079
:101d50001e21003333331e00060c333333331e0091
:101d6000180c0033333f301f180c33331e0c1e0089
:101d7000003f000000000000180c00000000000000
:101d8000000000003f0000000c0c3f0c0c003f0066
:101d90000000003f003f000067341ecce7b3f9c0ed
:101da000fedbdbded8d8d8007ec31e33331e311fe6
:101db0000c0c003f000c0c000000000000000c06a2
:101dc0001c36361c0000000000330000000000003c
:101dd00000000000180000001c1e18187e00000003
:101de0003e703c703e0000001e301c063e000000ad
:101df00000003c3c3c3c00000000000000000000f3
:101e0000000000000000000000000000007ec38110
:101e1000a581bd99c37e0000007effffdbffc3e705
:101e2000ff7e0000000022777f7f7f3e1c080000bd
:101e300000081c3e7f7f3e1c0800000000183c3c50
:101e4000ffe7e718187e000000183c7effff7e18b1
:101e5000187e0000000000000000000000000000ec
:101e60000000000000000000000000000000000072
:101e70000000000000000000000000000000000062
:101e800000000000007c705c4e1f3333331e0000e6
:101e9000003c6666663c187e1818000000000000d2
:101ea000000000000000000000fec6fec6c6c6e638
:101eb000e7670300000018db7ee7e77edb18000021
:101ec000000103071f7f1f0703010000004060702f
:101ed0007c7f7c706040000000183c7e1818187ee3
:101ee0003c180000006666666666000066660000d4
:101ef00000fedbdbdbded8d8d8d80000007ec60cc5
:101f00003c66663c30637e00000000000000007ffd
:101f10007f7f000000183c7e1818187e3c187e0059
:101f200000183c7e18181818181800000018181807
:101f30001818187e3c18000000000018307f301878
:101f4000000000000000000c067f060c00000000ee
:101f5000000000000303037f0000000000000024d5
:101f600066ff662400000000000008081c1c3e3ebe
:101f70007f7f000000007f7f3e3e1c1c08080000a1
:101f8000000000000000000000000000000c1e1e09
:101f90001e0c0c000c0c000000666666240000009d
:101fa000000000000036367f3636367f36360000b9
:101fb0000c0c3e03031e30301f0c0c0000000023ed
:101fc00033180c0633310000000e1b1b0e5f7b33f1
:101fd0003b6e0000000c0c0c06000000000000002e
:101fe0000030180c0606060c1830000000060c180d
:101ff000303030180c060000000000663cff3c66e4
:102000000000000000000018187e181800000000f2
:1020100000000000000000001c1c06000000000082
:10202000007f000000000000000000000000000031
:102030001c1c00000000406030180c06030100006a
:10204000003e63737b6b6f67633e000000080c0ffc
:102050000c0c0c0c0c3f0000001e333330180c0627
:10206000333f0000001e3330301c3030331e000080
:102070000030383c36337f3030780000003f0303b7
:10208000031f3030331e0000001c0603031f3333d0
:10209000331e0000007f63636030180c0c0c0000de
:1020a000001e3333331e3333331e0000001e333320
:1020b000333e18180c0e00000000001c1c00001c11
:1020c0001c0000000000001c1c00001c1c180c0060
:1020d0000030180c0603060c183000000000000049
:1020e0007e007e000000000000060c1830603018f2
:1020f0000c060000001e3330180c0c000c0c000005
:10210000003e63637b7b7b03033e0000000c1e33b9
:1021100033333f3333330000003f6666663e666606
:10212000663f0000003c666303030363663c0000f7
:10213000001f366666666666361f0000007f46062c
:10214000263e2606467f0000007f6646263e26067f
:10215000060f0000003c666303037363667c0000a7
:1021600000333333333f333333330000001e0c0c62
:102170000c0c0c0c0c1e0000007830303030333367
:10218000331e000000676636361e3636666700006e
:10219000000f060606064666667f00000063777f2e
:1021a0007f6b636363630000006363676f7f7b73b0
:1021b00063630000001c366363636363361c0000c6
:1021c000003f6666663e0606060f0000001c36638a
:1021d0006363737b3e307800003f6666663e36661a
:1021e00066670000001e3333030e1833331e0000f1
:1021f000003f2d0c0c0c0c0c0c1e00000033333374
:1022000033333333331e000000333333333333334c
:102210001e0c000000636363636b6b363636000090
:10222000003333331e0c1e3333330000003333339b
:10223000331e0c0c0c1e0000007f7319180c064690
:10224000637f0000003c0c0c0c0c0c0c0c3c0000e0
:1022500000000103060c183060400000003c3030e4
:1022600030303030303c0000081c36630000000085
:102270000000000000000000000000000000ff005f
:102280000c0c18000000000000000000000000001e
:102290001e303e33336e0000000706063e6666665b
:1022a000663b0000000000001e330303331e0000e5
:1022b000003830303e333333336e0000000000000e
:1022c0001e333f03331e0000001c3606061f0606a1
:1022d000060f0000000000006e3333333e30331e23
:1022e00000070606366e666666670000001818006e
:1022f0001e181818187e0000003030003c303030b6
:102300003033331e0007060666361e366667000049
:10231000001e181818181818187e00000000000079
:102320003f6b6b6b6b630000000000001f333333a7
:1023300033330000000000001e333333331e00002f
:10234000000000003b666666663e060f0000000067
:102350006e333333333e30780000000037766e063c
:10236000060f0000000000001e330618331e000098
:10237000000004063f060606361c000000000000b0
:1023800033333333336e0000000000003333333314
:102390001e0c00000000000063636b6b363600000b
:1023a0000000000063361c1c3663000000000000c3
:1023b000666666663c30180f000000003f31180664
:1023c000233f000000380c0c0603060c0c380000fc
:1023d00000181818180018181818000000070c0c1e
:1023e0001830180c0c07000000ce5b7300000000d2
:1023f00000000000000000081c3663637f0000003e
:10240000001e333303030333331e0c060033330043
:1024100033333333336e000030180c001e333f0368
:10242000331e00000c1e33001e303e33336e00009e
:10243000003333001e303e33336e000003060c00c1
:102440001e303e33336e00001c36361c1f303e33c8
:10245000336e0000000000001e330303331e0c0621
:102460000c1e33001e333f03033e000000333300d5
:102470001e333f03033e000003060c001e333f03e0
:10248000033e0000003636001e181818187e0000a3
:10249000081c36001e181818187e0000060c1800bc
:1024a0001e181818187e00000033000c1e33333f2e
:1024b000333300001e33331e1e33333f33330000eb
:1024c0003018003f23031f03233f000000000000db
:1024d0007fd8fe1b1bf70000007c1e1b1b7f1b1bf5
:1024e0001b7b00000c1e33001e333333331e0000f1
:1024f000003333001e333333331e000003060c0059
:102500001e333333331e00000c1e3300333333339a
:10251000336e000003060c0033333333336e000098
:1025200000666600666666663c30180f0033001e63
:1025300033333333331e0000330033333333333319
:10254000331e0000000000001e333b37331e000026
:102550003c660606063f0606037f0000005c3673f5
:102560006b6b6b67361d0000000000000063361cbb
:102570003663000070d818187e1818181b0e00005b
:1025800030180c001e303e33336e000030180c0043
:102590001e181818187e000030180c001e33333334
:1025a000331e000030180c0033333333336e000019
:1025b000006e3b001f333333333300006e3b006348
:1025c000676f7b7363630000001e33337e007f0000
:1025d00000000000001e33331e007f0000000000da
:1025e000000c0c000c060303331e0000001c225dcf
:1025f000555d4d55221c000000000000003f3030aa
:1026000030000000004667361e0c76c36130f800cb
:1026100000c667361eecf6dbcdfcc000000c0c00db
:102620000c0c1e1e1e0c000000000000cc66333394
:1026300066cc0000000000003366cccc663300009e
:10264000244992244992244992244992aa55aa5590
:10265000aa55aa55aa55aa55b6db6db6db6db6dbf1
:102660006db6db6d181818181818181818181818df
:1026700018181818181f1818181818183018000cdf
:102680001e33333f333300001e33000c1e33333f01
:1026900033330000060c000c1e33333f333300008d
:1026a000001c225d4545455d221c0000666666668d
:1026b00067606067666666666666666666666666c4
:1026c00066666666000000007f6060676666666634
:1026d000666666666760607f00000000000c0c1e86
:1026e000330303331e0c0c00333333331e3f0c3fd4
:1026f0000c0c000000000000001f18181818181813
:102700001818181818f800000000000018181818f9
:1027100018ff0000000000000000000000ff181873
:10272000181818181818181818f818181818181849
:102730000000000000ff000000000000181818183a
:1027400018ff181818181818006e3b001e303e337a
:10275000336e00006e3b000c1e33333f33330000fa
:1027600066666666e60606fe0000000000000000e1
:10277000fe0606e66666666666666666e70000ff53
:102780000000000000000000ff0000e766666666cb
:1027900066666666e60606e6666666660000000031
:1027a000ff0000ff0000000066666666e70000e7c5
:1027b000666666660000000000633e363e63000009
:1027c000330c1b30607e6363633e0000001f36667f
:1027d000666f6666361f00001e33003f23031f032b
:1027e000233f00000033003f23031f03233f00006b
:1027f000060c003f23031f03233f0000000f0c0cb7
:102800000c3f000000000000180c001e0c0c0c0c0b
:102810000c1e00001e33001e0c0c0c0c0c1e0000c5
:102820000033001e0c0c0c0c0c1e0000181818189d
:10283000181f0000000000000000000000f8181839
:1028400018181818ffffffffffffffffffffffff34
:10285000000000000000ffffffffffff0018181836
:102860001800181818180000060c001e0c0c0c0c90
:102870000c1e0000ffffffffffff00000000000034
:10288000180c001e33333333331e0000001e333365
:102890001b3333331f0306001e33001e3333333321
:1028a000331e0000060c001e33333333331e00008a
:1028b000006e3b001e333333331e00006e3b001ea0
:1028c00033333333331e0000000000006666666653
:1028d00066de0603000007063e66663e060f000041
:1028e000000f063e6666663e060f0000180c0033b9
:1028f00033333333331e00001e330033333333336b
:10290000331e0000060c003333333333331e000014
:1029100060301800666666663c30180f180c00338d
:1029200033331e0c0c1e0000003f000000000000ae
:102930000000000030180c00000000000000000043
:1029400000000000003f00000000000000000c0c30
:102950003f0c0c003f00000000000000001f0000c2
:102960001f00000007cc663c1fecf6dbcdfcc0006e
:1029700000fedbdbdbded8d8d8d80000007ec60c3a
:102980003c66663c30637e0000000c0c003f000c8f
:102990000c000000000000000000000000000c0e11
:1029a000003c6666663c000000000000003300004a
:1029b00000000000000000000000000000180000ff
:1029c00000000000000c0e0c0c1e000000000000b7
:1029d000001e301c301e000000000000001e3018d9
:1029e0000c3e0000000000000000003f3f3f3f3f62
:1029f0003f00000000000000000000000000000098
:102a000000000000000000000000000000000000c6
:102a100000000000000000000000000000000000b6
:102a200000000000000000000000780086014b0359
:102a3000010285027b03860178000000000000008f
:102a4000000000000000000000007800fe01b70355
:102a5000ff037b038703fe017800000000000000f5
:102a60000000ce01ff03ff03ff03ff03ff03fe018e
:102a7000fe01fc00fc0078003000000000000000b7
:102a800000001000100038007c00fc00fe01ff0375
:102a9000fe01fc0078003000100000000000000083
:102aa00000003000780078007800fe01ff03ff038b
:102ab000ff03de01300030003000000000000000a5
:102ac0000000200030007800fc00fe01ff03ff033f
:102ad000ff03de0130003000300000000000000085
:102ae00000000000000000000000000000000000e6
:102af00000000000000000000000000000000000d6
:102b000000000000000000000000000000000000c5
:102b100000000000000000000000000000000000b5
:102b200000000000000000000000000000000000a5
:102b30000000000000000000000000000000000095
:102b40000000000000000000000000000000000085
:102b50000000000000000000000000000000000075
:102b600000008001e001800340027c0042008100ff
:102b700081008100810042003c0000000000000054
:102b80000000780084000201020102010201c40079
:102b9000780010007c001000100000000000000011
:102ba0000000000000000000000000000000000025
:102bb0000000000000000000000000000000000015
:102bc00000000001c0017801180108010801080196
:102bd0000801c801e801e8000e000f00070000002e
:102be0000000000000001000ba01c600020103034b
:102bf0008601fe011000000000000000000000003f
:102c00000000000000000000010007003f00ff007e
:102c1000ff03ff003f00070001000000000000006c
:102c2000000000000000000000028003f003fc032d
:102c3000ff03fc03f003800300020000000000001b
:102c400000001000380054001000100010001000a8
:102c50001000100010001000540038001000000098
:102c60000000240024002400240024002400240068
:102c700024002400000024002400000000000000c4
:102c80000000fc009e009e009e009c0098009000aa
:102c90009000900090009000900090009000000044
:102ca0000000f800040004000c00380064008400f8
:102cb0008c00b8006000c000800084007c00000030
:102cc00000000000000000000000fe01fe01fe0107
:102cd00000000000000000000000000000000000f4
:102ce0000000100038005400100010001000100008
:102cf00010001000100054003800100000007c008c
:102d000000001000380054001000100010001000e7
:102d10001000100010001000100010001000000043
:102d20000000100010001000100010001000100033
:102d300010001000100010005400380010000000b7
:102d400000000000000000000000000040008000c3
:102d5000fe018000400000000000000000000000b4
:102d60000000000000000000000000000800040057
:102d7000fe01040008000000000000000000000048
:102d8000000000000000000000000200020002003d
:102d90000200020002000200fe010000000000002c
:102da0000000000000000000000000004800840057
:102db000fe01840048000000000000000000000048
:102dc00000000000000000002000200070007800db
:102dd000f800fc00fc01fe01ff0300000000000001
:102de0000000000000000000ff03fe01fc01fc00e9
:102df000f8007800700020002000000000000000b3
:102e000000000000000000000000000000000000c2
:102e100000000000000000000000000000000000b2
:102e20000000100010001000100010001000100032
:102e30001000100000001000100000000000000052
:102e40000000440044004400440000000000000072
:102e50000000000000000000000000000000000072
:102e600000009000900048004800fe014800240047
:102e7000ff012400240012001200000000000000e6
:102e80002000f8002c0024002400280030006000fe
:102e9000e000a000a000a4007c00200000000000d2
:102ea00000000e021101910051004e0020001000a0
:102eb000c801280224022202c10100000000000013
:102ec0000000380044004400640038000c00120286
:102ed000310221014101c200fc010000000000009c
:102ee00000001000100010001000000000000000a2
:102ef00000000000000000000000000000000000d2
:102f00000000800160003000100008000800080088
:102f10000800080008001000300060008001000078
:102f20000000060018003000200040004000400073
:102f30004000400040002000300018000600000063
:102f4000000010001000d6006c0028003800280097
:102f50000000000000000000000000000000000071
:102f60000000000000000000000010001000100031
:102f70001000ff0110001000100000000000000011
:102f80000000000000000000000000000000000041
:102f900000000000000018001800100010000800d9
:102fa0000000000000000000000000000000000021
:102fb000fc00000000000000000000000000000015
:102fc0000000000000000000000000000000000001
:102fd00000000000000018001800000000000000c1
:102fe0000000000180008000400040002000200020
:102ff0001000100008000800040004000200000097
:1030000000003800440044008200820082008200f8
:1030100082008200440044003800000000000000ec
:10302000000010001e001000100010001000100022
:103030001000100010001000fe0000000000000052
:1030400000003e0042004000400040002000200000
:1030500010000800040002007e00000000000000d4
:1030600000003c00400040004000400038004000ac
:1030700040004000400040003c0000000000000014
:103080000000200030002800280024002200220038
:103090002100ff00200020002000000000000000b0
:1030a00000007c000400040004001c00200040001c
:1030b00040004000400020001c0000000000000014
:1030c000000078000400040002003a00460082007c
:1030d00082008200820044003800000000000000ee
:1030e0000000fe00800040002000200010001000c2
:1030f00008000800080004000400000000000000b0
:1031000000007c00820082008200640018006400dd
:1031100042008200820042003c00000000000000eb
:103120000000380044008200820082008200c40057
:10313000b8008000400040003c000000000000009b
:10314000000000000000000000001800180000004f
:10315000000000000000180018000000000000003f
:10316000000000000000000000001800180000002f
:1031700000000000000018001800100010000800f7
:10318000000000000000000000000001c00030004e
:103190000c000c003000c000000100000000000026
:1031a0000000000000000000000000000000fe0120
:1031b00000000000fe010000000000000000000010
:1031c0000000000000000000000002000c003000c1
:1031d000c000c00030000c00020000000000000031
:1031e00000007e00c200820080004000200010002d
:1031f00008000800000008000800000000000000af
:10320000000078008400e200930089008900c90072
:10321000c900e900b20346007c0000000000000085
:1032200000000000000010003800280048004400a2
:103230008400fe0002010201010200000000000003
:103240000000000000007e008200820042003e007c
:1032500042008200820082007e0000000000000028
:10326000000000000000f8008600020001000100dc
:103270000100010002000600f8000000000000004c
:103280000000000000003e00420082008200820038
:1032900082008200820042003e0000000000000028
:1032a000000000000000fe00020002000200020018
:1032b0007e00020002000200fe000000000000008c
:1032c000000000000000fe000200020002000200f8
:1032d0007e00020002000200020000000000000068
:1032e000000000000000f0010c01040002000200d8
:1032f000c201020104010c01f00100000000000005
:103300000000000000008200820082008200820033
:10331000fe008200820082008200000000000000a7
:10332000000000000000fe0010001000100010005f
:103330001000100010001000fe000000000000004f
:103340000000000000007800400040004000400005
:1033500040004000400040003c0000000000000031
:1033600000000000000082004200220012000e0057
:103370000a0012006200820002010000000000004a
:103380000000000000000200020002000200020033
:103390000200020002000200fe0000000000000027
:1033a000000000000000c300c300c700a500a50086
:1033b000ad0099009900810081000000000000002c
:1033c000000000000000820086008a008a0092004f
:1033d0009200a200a200c2008200000000000000d3
:1033e00000000000000078008400020102010201d8
:1033f00002010201020184007800000000000000c8
:103400000000000000007e00820082008200420076
:103410003e00020002000200020000000000000066
:103420000000000000007800840002010201020197
:1034300002010201020184007800400080010000c6
:103440000000000000003e00420042004200220056
:103450001e00120022004200820000000000000056
:10346000000000000000fc008200020006001800be
:10347000600080008000c2003e00000000000000ec
:10348000000000000000ff011000100010001000fc
:1034900010001000100010001000000000000000dc
:1034a0000000000000008200820082008200820092
:1034b00082008200820044003c0000000000000006
:1034c00000000000000001020201020184008400eb
:1034d00044004800480030003000000000000000b8
:1034e000000000000000010201021201320132015d
:1034f0002a014a01cc00cc0084000000000000003a
:1035000000000000000001020201840048003000b9
:1035100030004800840002010102000000000000a9
:1035200000000000000001020201840044002800a5
:10353000100010001000100010000000000000003b
:10354000000000000000fe0100018000400020009b
:103550001000080004000200fe010000000000004e
:103560000000f80008000800080008000800080033
:10357000080008000800080008000800f800000023
:103580000000020004000400080008001000100001
:10359000200020004000400080008000000100006a
:1035a00000003e002000200020002000200020001d
:1035b0002000200020002000200020003e0000000d
:1035c0000000200020003000500058004800880013
:1035d00084008400020100000000000000000000e0
:1035e00000000000000000000000000000000000db
:1035f00000000000000000000000ff0300000000c9
:10360000100020000000000000000000000000008a
:1036100000000000000000000000000000000000aa
:10362000000000000000000000003c0040004000de
:103630007800440042006200dc000000000000004e
:10364000000002000200020002007a004600820030
:1036500082008200820046003a0000000000000064
:1036600000000000000000000000f800040002005c
:103670000200020002000400f80000000000000048
:1036800000008000800080008000b800c40082003c
:10369000820082008200c400bc0000000000000024
:1036a000000000000000000000007800840082009c
:1036b000fe00020002000400f8000000000000000c
:1036c0000000e001180008000800fe0108000800e2
:1036d00008000800080008000800000000000000c2
:1036e00000000000000000000000b800c4008200dc
:1036f000820082008200c400bc00800040003c00c8
:103700000000020002000200020072008a0086002f
:10371000820082008200820082000000000000001f
:10372000000018001800000000001e00100010002b
:103730001000100010001000100000000000000039
:10374000000030003000000000003c00200020009d
:1037500020002000200020002000200020001e006b
:10376000000002000200020002008200620012005b
:103770000e000a003200420082000000000000003b
:1037800000003c002000200020002000200020003d
:103790002000200020002000200000000000000089
:1037a00000000000000000000000cd003301110106
:1037b00011011101110111011101000000000000af
:1037c0000000000000000000000072008e00860073
:1037d000820082008200820082000000000000005f
:1037e00000000000000000000000380044008200db
:1037f00082008200820044003800000000000000c7
:10380000000000000000000000007a004600820076
:1038100082008200820046003a000200020002009c
:1038200000000000000000000000b800c40082009a
:10383000820082008200c400bc0080008000800002
:1038400000000000000000000000e40094008c0074
:103850000400040004000400040000000000000054
:10386000000000000000000000007c0002000200d8
:103870000c003000400042003e000000000000004c
:1038800000000000000008000800fe00080008001a
:103890000800080008000800f00000000000000018
:1038a0000000000000000000000042004200420052
:1038b00042004200420062005c0000000000000084
:1038c00000000000000000000000010182008200f2
:1038d00042004400240028001800000000000000fe
:1038e000000000000000000000000102110232018f
:1038f00032014a014a01cc008400000000000000af
:1039000000000000000000000000020184004800e8
:103910003000300048008400020100000000000078
:10392000000000000000000000000102020102018e
:1039300084004c00480030003000100008000700f0
:1039400000000000000000000000fe0180004000b8
:103950002000100008000400fe010000000000002c
:103960000000e00010001000100010001000100017
:103970000c0010001000100010001000e00000000b
:1039800000001000100010001000100010001000c7
:1039900010001000100010001000100010000000b7
:1039a00000001c002000200020002000200020003b
:1039b000c000200020002000200020001c0000008b
:1039c00000000000000000000000000000000e02e7
:1039d0003102c101000000000000000000000000f2
:1039e0000000000000000000100028004400c60095
:1039f0008200820082008200fe00000000000000c1
:103a0000000000000000f800860002000100010034
:103a10000100010002000600f80040008000e00004
:103a200000000000240000000000420042004200ac
:103a300042004200420062005c0000000000000002
:103a400000002000100000000000780084008200c8
:103a5000fe00020002000400f80000000000000068
:103a6000000018002400000000003c00400040005e
:103a70007800440042006200dc000000000000000a
:103a8000000000002400000000003c004000400056
:103a90007800440042006200dc00000000000000ea
:103aa000000004000800000000003c00400040004e
:103ab0007800440042006200dc00000000000000ca
:103ac000100028001000000000003c0040004000f2
:103ad0007800440042006200dc00000000000000aa
:103ae00000000000000000000000f80004000200d8
:103af0000200020002000400f800200040007000f4
:103b000000001800240000000000780084008200fb
:103b1000fe00020002000400f800000000000000a7
:103b200000000000480000000000780084008200cf
:103b3000fe00020002000400f80000000000000087
:103b400000000800100000000000780084008200df
:103b5000fe00020002000400f80000000000000067
:103b6000000000002400000000001e0010001000f3
:103b700010001000100010001000000000000000f5
:103b8000000018002400000000001e0010001000bb
:103b900010001000100010001000000000000000d5
:103ba000000008001000000000001e0010001000bf
:103bb00010001000100010001000000000000000b5
:103bc00044000000000010003800280048004400b5
:103bd0008400fe000201020101020000000000005a
:103be0003000480030003000680048004800c40041
:103bf0008400fe0102010201010200000000000039
:103c0000200010000000fe0002000200020002007e
:103c10007e00020002000200fe0000000000000022
:103c200000000000000000000000ef001001100183
:103c3000fe01130011003100ee0100000000000041
:103c4000000000000000f0013000280028002400df
:103c5000e40024003e002200e1010000000000001a
:103c6000000018002400000000003800440082001a
:103c70008200820082004400380000000000000042
:103c80000000000024000000000038004400820012
:103c90008200820082004400380000000000000022
:103ca000000004000800000000003800440082000a
:103cb0008200820082004400380000000000000002
:103cc00000001800240000000000420042004200f2
:103cd00042004200420062005c0000000000000060
:103ce0000000040008000000000042004200420002
:103cf00042004200420062005c0000000000000040
:103d00000000000024000000000001020201020186
:103d100084004c004800300030001000080007000c
:103d2000440000000000780084000201020102014a
:103d3000020102010201840078000000000000007e
:103d400044000000000082008200820082008200a5
:103d500082008200820044003c000000000000005d
:103d600000000000000000000000b8004400a200b5
:103d7000920092008a0044003a0000000000000017
:103d80000000e0001000100010001000780010008b
:103d90001000100010000800fc00000000000000ef
:103da00000000000000078018400c20142012201ed
:103db00012010a010e0184007a00000000000000d8
:103dc0000000000000000000000002018400480024
:103dd00030003000480084000201000000000000b4
:103de000e00010001000100010007c001000100017
:103df00010001000100010001000100010000e0045
:103e0000000020001000000000003c0040004000c6
:103e10007800440042006200dc0000000000000066
:103e2000000020001000000000001e001000100024
:103e30001000100010001000100000000000000032
:103e40000000200010000000000038004400820044
:103e50008200820082004400380000000000000060
:103e6000000020001000000000004200420042005c
:103e700042004200420062005c00000000000000be
:103e80000000480034000000000072008e00860030
:103e90008200820082008200820000000000000098
:103ea000580034000000820086008a008a009200d8
:103eb0009200a200a200c2008200000000000000e8
:103ec00000003c004000780044004400f80000007e
:103ed00000000000000000000000000000000000e2
:103ee00000007800840084008400840078000000d2
:103ef00000000000000000000000000000000000c2
:103f00000000000000000000000020002000000071
:103f10002000200010000c00020082008600fc003f
:103f2000000038004400ba00aa00ba00440038007b
:103f30000000000000000000000000000000000081
:103f40000000000000000000000000000000fe0172
:103f5000000100010001000000000000000000005e
:103f60000000830042004200220012001200c8013b
:103f70000802040282018200c10300000000000068
:103f8000000083004200420022001200120088015b
:103f900048012401e20302010101000000000000c9
:103fa00000000000000000000000200020000000d1
:103fb0002000200020002000200020002000200001
:103fc0000000000000000000000010018800440014
:103fd00022004400880010010000000000000000e2
:103fe00000000000000000000000220044008800e3
:103ff00010018800440022000000000000000000c2
:10400000db00db000000db00db000000db00db008e
:1040100000000000db00db000000db00db00000034
:104020006c036c03db00ff036c03db00ff036c031a
:10403000db00db006c03ff03db006c03ff03db0032
:10404000ff03ff03db00ff03ff03db00ff03ff03ae
:10405000db00db00ff03ff03db00ff03ff03db00ec
:1040600010001000100010001000100010001000d0
:1040700010001000100010001000100010001000c0
:1040800010001000100010001000100010001000b0
:104090001f00100010001000100010001000100091
:1040a00020001000000010003800280048004400e4
:1040b0008400fe0002010201010200000000000075
:1040c000300048000000100038002800480044007c
:1040d0008400fe0002010201010200000000000055
:1040e00008001000000010003800280048004400bc
:1040f0008400fe0002010201010200000000000035
:1041000000007c00c600820079010d010501050157
:104110000d0179018200c6007c0000000000000053
:1041200028002800280028002800280028002f0048
:1041300020002f0028002800280028002800280040
:10414000280028002800280028002800280028002f
:10415000280028002800280028002800280028001f
:1041600000000000000000000000000000003f0010
:1041700020002f0028002800280028002800280000
:1041800028002800280028002800280028002f00e8
:1041900020003f00000000000000000000000000c0
:1041a00000002000f800240022002200220022004b
:1041b000220022002c00f800200000000000000077
:1041c00000000102020184004400280010007c006d
:1041d000100010007c001000100000000000000023
:1041e00000000000000000000000000000000000cf
:1041f0001f00100010001000100010001000100030
:10420000100010001000100010001000100010002e
:10421000f0030000000000000000000000000000ab
:10422000100010001000100010001000100010000e
:10423000ff0300000000000000000000000000007c
:10424000000000000000000000000000000000006e
:10425000ff031000100010001000100010001000ec
:1042600010001000100010001000100010001000ce
:10427000f0031000100010001000100010001000db
:10428000000000000000000000000000000000002e
:10429000ff0300000000000000000000000000001c
:1042a000100010001000100010001000100010008e
:1042b000ff0310001000100010001000100010008c
:1042c000000048003400000000003c0040004000b6
:1042d0007800440042006200dc00000000000000a2
:1042e0005800340000001000380028004800440046
:1042f0008400fe0002010201010200000000000033
:104300002800280028002800280028002800e803aa
:104310000800f8030000000000000000000000009a
:104320000000000000000000000000000000f80392
:104330000800e8032800280028002800280028009a
:104340002800280028002800280028002800ef0363
:104350000000ff030000000000000000000000005b
:104360000000000000000000000000000000ff034b
:104370000000ef032800280028002800280028005b
:104380002800280028002800280028002800e8032a
:104390000800e8032800280028002800280028003a
:1043a0000000000000000000000000000000ff030b
:1043b0000000ff03000000000000000000000000fb
:1043c0002800280028002800280028002800ef03e3
:1043d0000000ef03280028002800280028002800fb
:1043e0000000000000000201fc0084008400840042
:1043f0008400fc000201000000000000000000003a
:1044000000002e0018002c0040007800c40082003c
:10441000820082008200440038000000000000009a
:104420000000000000003e004200820082008f0079
:1044300082008200820042003e0000000000000076
:10444000300048000000fe000200020002000200ee
:104450007e00020002000200fe00000000000000da
:10446000440000000000fe00020002000200020002
:104470007e00020002000200fe00000000000000ba
:10448000100020000000fe000200020002000200f6
:104490007e00020002000200fe000000000000009a
:1044a000000000000000000000001e0010001000ce
:1044b00010001000100010001000000000000000ac
:1044c000200010000000fe0010001000100010007e
:1044d0001000100010001000fe000000000000009e
:1044e000300048000000fe00100010001000100016
:1044f0001000100010001000fe000000000000007e
:10450000440000000000fe00100010001000100029
:104510001000100010001000fe000000000000005d
:10452000100010001000100010001000100010000b
:104530001f0000000000000000000000000000005c
:10454000000000000000000000000000000000006b
:10455000f0031000100010001000100010001000f8
:10456000ff03ff03ff03ff03ff03ff03ff03ff033b
:10457000ff03ff03ff03ff03ff03ff03ff03ff032b
:10458000000000000000000000000000000000002b
:10459000ff03ff03ff03ff03ff03ff03ff03ff030b
:1045a00000001000100010001000100010000000ab
:1045b00000000000100010001000100010000000ab
:1045c000080010000000fe00100010001000100095
:1045d0001000100010001000fe000000000000009d
:1045e000ff03ff03ff03ff03ff03ff03ff03ff03bb
:1045f00000000000000000000000000000000000bb
:104600002000100000007800840002010201020175
:104610000201020102018400780000000000000095
:1046200000001c00220022002200120012001200d2
:1046300022004200820082007200000000000000a0
:1046400030004800000078008400020102010201ed
:104650000201020102018400780000000000000055
:10466000080010000000780084000201020102012d
:104670000201020102018400780000000000000035
:1046800000004800340000000000380044008200b0
:104690008200820082004400380000000000000018
:1046a0005800340000007800840002010201020179
:1046b00002010201020184007800000000000000f5
:1046c0000000000000000000000082008200820064
:1046d000820082008200c600ba00020002000200ce
:1046e000000002000200020002007a004600820080
:1046f00082008200820046003a00020002000200ae
:10470000000000000000020002007e008200820023
:10471000820042003e000200020000000000000093
:1047200020001000000082008200820082008200cf
:1047300082008200820044003c0000000000000073
:104740003000480000008200820082008200820067
:1047500082008200820044003c0000000000000053
:1047600008001000000082008200820082008200a7
:1047700082008200820044003c0000000000000033
:1047800000002000100000000000010202010201f0
:1047900084004c0048003000300010000800070082
:1047a00020001000000001020201840044002800e3
:1047b00010001000100010001000000000000000a9
:1047c000ff030000000000000000000000000000e7
:1047d00000000000000000000000000000000000d9
:1047e00010000800000000000000000000000000b1
:1047f00000000000000000000000000000000000b9
:1048000000000000000000000000000000000000a8
:10481000fc0000000000000000000000000000009c
:104820000000000000000000000020002000fe0149
:104830002000200000000000fe0100000000000039
:104840000000000000000000000000000000000068
:1048500000000000000000000000ff030000ff0354
:1048600000000f02080186004c004800270090015c
:1048700048012801e40302010101000000000000da
:104880000000fc009e009e009e009c00980090008e
:104890009000900090009000900090009000000028
:1048a0000000f800040004000c00380064008400dc
:1048b0008c00b8006000c000800084007c00000014
:1048c0000000000000000000000030003000000088
:1048d0000000fe0100003000300000000000000079
:1048e00000000000000000000000000000000000c8
:1048f00000000000000000000000200040007000e8
:1049000000003000480048003000000000000000b7
:104910000000000000000000000000000000000097
:104920004400000000000000000000000000000043
:104930000000000000000000000000000000000077
:104940000000000000000000000000000000000067
:1049500030003000000000000000000000000000f7
:1049600000001800100010001000100010000000df
:104970000000000000000000000000000000000037
:1049800000007c0040003800400040003c00000077
:104990000000000000000000000000000000000017
:1049a00000003c0040004000300008007c00000097
:1049b00000000000000000000000000000000000f7
:1049c00000000000000000000000fe01fe01fe01ea
:1049d000fe01fe01fe01fe01fe01000000000000dc
:1049e00000000000000000000000000000000000c7
:1049f00000000000000000000000000000000000b7
:104a000000000000000000000000000000000000a6
:104a10000000000000000000000000000000000096
:104a2000e000180304040404b209b20902080208f1
:104a30001209e208040404041803e0000000000066
:104a4000e000f803fc07fc074e0e4e0efe0ffe0fb3
:104a5000ee0e1e0ffc07fc07f803e000000000004c
:104a60000000000000001803bc07fc07fc07fc075f
:104a7000f803f001e000400000000000000000002a
:104a80000000000000004000e000f001f803fc0717
:104a9000f803f001e000400000000000000000000a
:104aa00000000000e000f001f001f001ec06fe0f54
:104ab000fe0ffe0f4c06e000f001000000000000b9
:104ac0000000000040004000e000f001f803fc0797
:104ad000fc07fc075803e000f001000000000000a4
:104ae00000000000000000000000000000000000c6
:104af00000000000000000000000000000000000b6
:104b000000000000000000000000000000000000a5
:104b10000000000000000000000000000000000095
:104b20000000000000000000000000000000000085
:104b30000000000000000000000000000000000075
:104b40000000000000000000000000000000000065
:104b50000000000000000000000000000000000055
:104b6000000000000000800700067805cc048601e4
:104b700086018601cc0078000000000000000000e3
:104b800000000000e0013003180618061806300384
:104b9000e001c000c000f003c000c0000000000041
:104ba0000000000000000000000000000000000005
:104bb00000000000000000000000000000000000f5
:104bc00030007000d000900130037002d0029003da
:104bd0001c031e021e028c03c003c00380010000e0
:104be000000040004000e404f80318030c060e0e19
:104bf0000c061803f803e404400040000000000025
:104c0000000000000800180038007800f800f801e3
:104c1000f8007800380018000800000000000000cc
:104c20000000000000018001c001e001f001f80176
:104c3000f001e001c001800100010000000000005f
:104c400000004000e000f001f80340004000400098
:104c500040004000f803f001e000400000000000c8
:104c60000000980198019801980198019801980115
:104c70009801980198010000980198010000000037
:104c80000000f8076c036603660366036c03780391
:104c900060036003600360036003600300000000c2
:104ca0000000f8010c030c000c00f8010c030c03cd
:104cb000f801000300030c03f801000000000000ed
:104cc00000000000000000000000000000000000e4
:104cd000000000000000f807f807f80700000000d7
:104ce0004000e000f001f8034000400040004000b8
:104cf00040004000f803f001e0004000f80300002d
:104d000000004000e000f001f803400040004000d7
:104d10004000400040004000400040000000000013
:104d200000004000400040004000400040004000c3
:104d300040004000f803f001e000400000000000e7
:104d40000000000000000000800080018003fc07dc
:104d500080038001800000000000000000000000cf
:104d60000000000000000000200030003800fc07b8
:104d700038003000200000000000000000000000ab
:104d80000000000000000000000000000000000023
:104d900002000200020002000200fe070000000004
:104da0000000000000000000100118031c07fe0fa7
:104db0001c071803100100000000000000000000a4
:104dc000000000000000000000004000e000f001d2
:104dd000f803fc07fe0f00000000000000000000c8
:104de00000000000000000000000fe0ffc07f803b8
:104df000f001e000400000000000000000000000a2
:104e000000000000000000000000000000000000a2
:104e10000000000000000000000000000000000092
:104e200060006000f000f000f000f000f0006000b2
:104e300060006000000000006000600000000000f2
:104e400000000000980198019801980100000000fe
:104e50000000000000000000000000000000000052
:104e60000000600660066006fc0f30033003980106
:104e70009801fe03cc00cc00cc0000000000000034
:104e800060006000f801fc036c006c00fc01f8039a
:104e900060036003fc03f801600060000000000094
:104ea0000000000000081c0c1c0e1c078003c00141
:104eb000e000700038001c070e0706070000000025
:104ec0000000e000b00198019801d800700078005f
:104ed0007c00cc06cc038c01dc03780600000000cb
:104ee0007000700070006000600030000000000082
:104ef00000000000000000000000000000000000b2
:104f0000c001600070003000380038003800380000
:104f100038003800300070006000c0010000000060
:104f200038006000e000c000c001c001c001c00145
:104f3000c001c001c000e0006000380000000000b7
:104f40000000000000006c036c03f801f000fc039b
:104f5000f000f8016c036c0300000000000000008a
:104f60000000000000000000600060006000fc0322
:104f7000fc03600060006000000000000000000012
:104f80000000000000000000000000000000000021
:104f90000000000000007000700070006000300031
:104fa0000000000000000000000000000000fc0302
:104fb000fc030000000000000000000000000000f2
:104fc00000000000000000000000000000000000e1
:104fd0000000000000007000700070000000000081
:104fe00000000008000c000e00078003c001e00074
:104ff000700038001c000e000600000000000000d9
:10500000f001fc070c06060e060f860dc60c660c9a
:10501000360c1e0c0e0c0c06fc07f0010000000004
:10502000c000e000f800f800c000c000c000c000f0
:10503000c000c000c000c000f807f8070000000072
:10504000f803fc070e0e060c060e00078003c001d5
:10505000e000700038001c00fe0ffe0f0000000092
:10506000f803fc070e0e060c000c000ef007f00310
:105070000006000c060c0e0efc07f80300000000f2
:105080008003c003e003700338031c030e03060310
:10509000fe0ffe0f000300030003000300000000ea
:1050a000fe0ffe0f060006000600fe03fc07000ec2
:1050b000000c000c060c0e0efc07f80300000000ac
:1050c000c003e003700038001c000c00fe03fe0764
:1050d0000e0e060c060c0e0efc07f8030000000076
:1050e000fe0ffe0f00060006000300038001800192
:1050f000c000c00060006000300030000000000010
:10510000f001f8031c070c060c061c07f803fc074b
:105110000e0e060c060c0e0efc07f8030000000035
:10512000f803fc070e0e060c060c0e0efc0ff80f13
:10513000000600078003c001f800780000000000ae
:10514000000000000000000070007000700000000f
:1051500000000000700070007000000000000000ff
:1051600000000000000000007000700070000000ef
:1051700000000000700070007000600060003000ef
:1051800000038003c001e000700038001c001c0018
:1051900038007000e000c001800300030000000040
:1051a00000000000000000000000fc07fc070000f9
:1051b0000000fc07fc0700000000000000000000e9
:1051c0000c001c0038007000e000c0018003800368
:1051d000c001e000700038001c000c00000000005e
:1051e000f801fc030e07060606078003c001e00075
:1051f00060006000600000006000600000000000cf
:10520000f803fc070c06e60df60db60db60db60d4f
:10521000b60df607e6030e00fc03f00300000000e5
:1052200060006000f000f000f00098019801980123
:105230000c03fc03fc03060606060606000000003d
:10524000fe00fe018603060306038603fe01fe033d
:105250000607060606060607fe03fe01000000001c
:10526000f001f8031c070c06060006000600060005
:10527000060006000c061c07f803f0010000000001
:10528000fe00fe018603060306060606060606065f
:105290000606060606038603fe01fe000000000067
:1052a000fe07fe070600060006000600fe01fe01de
:1052b0000600060006000600fe07fe0700000000cc
:1052c000fe07fe070600060006000600fe01fe01be
:1052d00006000600060006000600060000000000aa
:1052e000f003f8071c060c0006000600c607c607f8
:1052f000060606060c061c06f807f007000000006c
:10530000060606060606060606060606fe07fe074b
:105310000606060606060606060606060000000045
:10532000f801f8016000600060006000600060004b
:105330006000600060006000f801f80100000000fb
:10534000000600060006000600060006000600062d
:105350000006060606060e03fc03f8010000000026
:10536000060606078603c601e60076003e003e00fc
:105370007600e600c6018603060706060000000068
:1053800006000600060006000600060006000600ed
:105390000600060006000600fe07fe0700000000eb
:1053a00006060e070e079e079e07f606f606660619
:1053b0006606060606060606060606060000000045
:1053c00006060e060e061e06360636066606660635
:1053d000c606c60686070607060706060000000082
:1053e000f000f8019c030c030606060606060606f6
:1053f000060606060c039c03f801f00000000000fe
:10540000fe01fe0306070606060606060607fe035d
:10541000fe0106000600060006000600000000006f
:10542000f000f8019c030c030606060606060606b5
:105430000606c606cc039c03f807f0060000000031
:10544000fe01fe0306070606060606060607fe031d
:10545000fe01e600c60186030607060600000000fe
:10546000f801fc030e07060606000e00fc01f80317
:105470000007000606060e07fc03f8010000000006
:10548000fc03fc03600060006000600060006000de
:1054900060006000600060006000600000000000cc
:1054a000060606060606060606060606060606069c
:1054b0000606060606060c03fc03f80100000000c1
:1054c0000606060606060c030c030c039801980159
:1054d0009801f000f000f0006000600000000000a3
:1054e00006060606060606060606060606066606fc
:1054f0006606f6069e070e070e0706060000000069
:10550000060606060c030c039801f000600060001c
:10551000f00098010c030c030606060600000000cc
:10552000060606060c030c0398019801f000f00033
:10553000600060006000600060006000000000002b
:10554000fe07fe07000300038001c000600060004a
:10555000300018000c000c00fe07fe0700000000e1
:10556000f801f801180018001800180018001800b9
:105570001800180018001800f801f80100000000d9
:105580000000020006000e001c0038007000e00061
:10559000c00180030007000e000c000000000000a6
:1055a000f801f80180018001800180018001800103
:1055b0008001800180018001f801f80100000000f5
:1055c0004000e000f001b8031c070e0e060c0000be
:1055d00000000000000000000000000000000000cb
:1055e00000000000000000000000000000000000bb
:1055f000000000000000000000000000fe0ffe0f91
:105600000000e000e000e00060006000c00000007a
:10561000000000000000000000000000000000008a
:1056200000000000000000000000f803fc07000676
:10563000f807fc0706060606fe07fc070000000048
:1056400006000600060006000600f601fe030e072f
:105650000606060606060607fe03fe010000000019
:1056600000000000000000000000f801fc030e062e
:105670000600060006000e06fc03f801000000000c
:1056800000060006000600060006f806fc078e0766
:105690000606060606060e06fc07f80700000000d0
:1056a00000000000000000000000f801fc030e06ee
:1056b000fe07fe0306000e00fc03f80100000000d8
:1056c000e001f0013800180018001800fe00fe008c
:1056d000180018001800180018001800000000003a
:1056e00000000000000000000000f807fc070e06a4
:1056f00006060e07fc07f80600060007fc03fc017f
:1057000006000600060006000600f600fe018e03f5
:105710000603060306030603060306030000000053
:105720000000000060006000000070007000600079
:105730006000600060006000f801f80100000000f7
:1057400000000000800180010000c001c001800154
:10575000800180018001800180019801f801f00042
:105760000c000c000c000c000c008c01cc01ec00b7
:105770007c007c00ec00cc018c030c0300000000da
:1057800070007000600060006000600060006000f9
:105790006000600060006000f801f8010000000097
:1057a000000000000000000000009a01fe03fe0758
:1057b0006606660666066606660666060000000061
:1057c00000000000000000000000fc01fc030c07ca
:1057d0000c060c060c060c060c060c06000000005d
:1057e00000000000000000000000f801fc030e07ac
:1057f0000606060606060e07fc03f8010000000078
:1058000000000000000000000000fe01fe0306078b
:10581000060606060e07fe03f60106000600060051
:1058200000000000000000000000f807fc070e0662
:10583000060606060e07fc07f80600060006000628
:1058400000000000000000000000ec03fc071c0644
:105850000c000c000c000c000c000c000000000000
:1058600000000000000000000000fc00fe01060037
:10587000fe00fc0180018001fe01fc000000000030
:1058800000001800180018001800fe00fe001800a4
:105890001800180018001800f801f00100000000be
:1058a00000000000000000000000060606060606d4
:1058b0000606060606060e07fc07f80600000000ae
:1058c00000000000000000000000060606060c03b1
:1058d0000c0398019801f000f00060000000000047
:1058e0000000000000000000000066066606660674
:1058f00066066606f606fc039c030801000000002d
:105900000000000000000000000006038e03dc0120
:10591000f8007000f800dc018e03060300000000b0
:10592000000000000000000000000c030c039801c0
:105930009801f000f00060006000300030001800b6
:1059400000000000000000000000fe03fe01c00097
:105950006000300018000c00fe03fe030000000091
:10596000c003e003700030003000300038001c003d
:1059700038003000300030007000e003c003000049
:105980006000600060006000600060000000600077
:1059900060006000600060006000600000000000c7
:1059a0003c007c00e000c000c000c000c0018003db
:1059b000c001c000c000c000e0007c003c0000004e
:1059c0000000000038066c03c60100000000000063
:1059d00000000000000000000000000000000000c7
:1059e00000000000000000006000f00098010c03bf
:1059f00006060606fe07fe07000000000000000085
:105a0000f001f8031c070c06060606000600060057
:105a100006000c061c07f803f0016000780078000f
:105a20000000000098019801000006060606060620
:105a30000606060606060e07fc07f806000000002c
:105a400000008001c00060000000f801fc030e06a9
:105a5000fe07fe0706000e00fc03f8010000000030
:105a600000006000f00098010000f803fc07000649
:105a7000f807fc0706060606fe07fc070000000004
:105a800000000000980198010000f803fc070006e0
:105a9000f807fc0706060606fe07fc0700000000e4
:105aa000000030006000c0000000f803fc070006a2
:105ab000f807fc0706060606fe07fc0700000000c4
:105ac00000006000900060000000f803fc07000682
:105ad000f807fc0706060606fe07fc0700000000a4
:105ae00000000000000000000000f801fc030e07a9
:105af0000600060006000e07fc03f80160007800af
:105b000000006000f00098010000f801fc030e06a0
:105b1000fe07fe0706000600fc03f8010000000077
:105b200000000000980198010000f801fc030e0637
:105b3000fe07fe0706000600fc03f8010000000057
:105b4000000030006000c0000000f801fc030e06f9
:105b5000fe07fe0706000600fc03f8010000000037
:105b600000000000d800d800000070007000600045
:105b70006000600060006000f801f80100000000b3
:105b800000006000f00098010000700070006000ec
:105b90006000600060006000f801f8010000000093
:105ba000000030006000c000000070007000600065
:105bb0006000600060006000f801f8010000000073
:105bc00098019801000060006000f000f00098016a
:105bd00098010c03fc03fe07060606060000000001
:105be00060009000600000006000f000f00098018c
:105bf00098010c03fc03fe070606060600000000e1
:105c00008001c0006000fe07fe0706000600fe01de
:105c1000fe01060006000600fe07fe070000000069
:105c2000000000000000000000000000bc03660649
:105c30006006fc03660066006606dc0300000000e8
:105c4000e007e007f000f000f800d800d803cc032c
:105c5000cc00fc00fe00c600c607c607000000001e
:105c600000006000f00098010000f801fc030e073e
:105c70000606060606060e07fc03f80100000000f3
:105c800000000000980198010000f801fc030e07d5
:105c90000606060606060e07fc03f80100000000d3
:105ca000000030006000c0000000f801fc030e0797
:105cb0000606060606060e07fc03f80100000000b3
:105cc00000006000f00098010000060606060606c7
:105cd0000606060606060e07fc07f806000000008a
:105ce000000030006000c000000006060606060640
:105cf0000606060606060e07fc07f806000000006a
:105d0000000000009801980100000c030c039801aa
:105d10009801f000f00060006000300030001800d2
:105d2000980198010000f801fc030e07060606061c
:105d30000606060606060e07fc03f8010000000032
:105d400000000000980198010000060606060606fd
:105d50000606060606060e07fc07f8060000000009
:105d600000000000000000000000f806fc038e07a1
:105d7000c606660636061e07fc03f6010000000094
:105d800000000000e001f003300330003000f800b4
:105d9000300030001800fc07dc03000000000000a9
:105da00000000000f806fc038e07c606c60666065d
:105db0006606360636061e07fc03f60100000000e4
:105dc00000000000000000000c039801f0006000db
:105dd000f00098010c03000000000000000000002b
:105de000c001e00360036000600060006000f80133
:105df00060006000600060006c007c003800000003
:105e00000000c000600030000000f803fc0700063e
:105e1000f807fc0706060606fe07fc070000000060
:105e20000000c000600030000000700070006000e2
:105e30006000600060006000f801f80100000000f0
:105e40000000c000600030000000f801fc030e07f5
:105e50000606060606060e07fc03f8010000000011
:105e60000000c000600030000000060606060606be
:105e70000606060606060e07fc07f80600000000e8
:105e8000000000007003d8010000fc01fc030c07b7
:105e90000c060c060c060c060c060c060000000096
:105ea0007003d801000006060e061e063e067606a2
:105eb000e606c60786070607060606060000000077
:105ec000f803fc070006fc07fe070606fe07fc07b2
:105ed0000000fc03fc0300000000000000000000c4
:105ee000f801fc030e07060606060e07fc03f80180
:105ef0000000fc03fc0300000000000000000000a4
:105f00006000600000006000600060007000380009
:105f10001c000e0606060e07fc03f8010000000038
:105f200000000000f803fc070e0ef60cb60df60c90
:105f3000b60db60d0e0efc07f803000000000000c1
:105f4000000000000000ff07ff0700060006000633
:105f50000006000600000000000000000000000035
:105f6000000000000c000e000c038c01de0060003d
:105f7000b00318060c038001800700000000000039
:105f8000000000000c000e000c038c01de0060001d
:105f9000b006d806cc07000600060000000000008e
:105fa0006000600000000000600060006000f00021
:105fb000f000f000f000f000600060000000000061
:105fc0000000000000000000000018038c01c60063
:105fd0008c01180300000000000000000000000019
:105fe00000000000000000000000c6008c01180343
:105ff0008c01c6000000000000000000000000004e
:106000001101440411014404110144041101440428
:106010001101440411014404110144041101440418
:10602000aa0a5505aa0a5505aa0a5505aa0a550538
:10603000aa0a5505aa0a5505aa0a5505aa0a550528
:10604000ee0ebb0bee0ebb0bee0ebb0bee0ebb0b48
:10605000ee0ebb0bee0ebb0bee0ebb0bee0ebb0b38
:106060006000600060006000600060006000600030
:106070006000600060006000600060006000600020
:1060800060006000600060006000600060007f00f1
:106090007f006000600060006000600060006000e1
:1060a000c0006000300060006000f000f000980167
:1060b00098010c03fc03fe0706060606000000001c
:1060c0006000f000980160006000f000f0009801ae
:1060d00098010c03fc03fe070606060600000000fc
:1060e00030006000c00060006000f000f000980127
:1060f00098010c03fc03fe070606060600000000dc
:1061000000000000f803fc070e0ee60cb60d360c7e
:10611000b60de60c0e0efc07f803000000000000b0
:106120006c006c006c006c006c006c006f006f0009
:1061300060006f006f006c006c006c006c006c0005
:106140006c006c006c006c006c006c006c006c00ef
:106150006c006c006c006c006c006c006c006c00df
:106160000000000000000000000000007f007f0031
:1061700060006f006f006c006c006c006c006c00c5
:106180006c006c006c006c006c006c006f006f00a9
:1061900060007f007f0000000000000000000000a1
:1061a000000060006000f001f8037c036c006c00ec
:1061b0006c007c03f803f001600060000000000048
:1061c000060606060c030c0398019801f000f00087
:1061d0006000fc036000fc03600060000000000041
:1061e00000000000000000000000000000007f0030
:1061f0007f00600060006000600060006000600080
:106200006000600060006000600060006000e00fff
:10621000e00f00000000000000000000000000008f
:106220006000600060006000600060006000ff0fc0
:10623000ff0f000000000000000000000000000050
:106240000000000000000000000000000000ff0f40
:10625000ff0f600060006000600060006000600090
:106260006000600060006000600060006000e00f9f
:10627000e00f60006000600060006000600060008f
:106280000000000000000000000000000000ff0f00
:10629000ff0f0000000000000000000000000000f0
:1062a0006000600060006000600060006000ff0f40
:1062b000ff0f600060006000600060006000600030
:1062c000000000007003d8010000f803fc0700067e
:1062d000f807fc0706060606fe07fc07000000009c
:1062e0007003d801000060006000f000f000980129
:1062f00098010c03fc03fe070606060600000000da
:106300006c006c006c006c006c006c00ec0fec0f0f
:106310000c00fc0ffc0f000000000000000000005b
:10632000000000000000000000000000fc0ffc0f57
:106330000c00ec0fec0f6c006c006c006c006c003f
:106340006c006c006c006c006c006c00ef0fef0fc9
:106350000000ff0fff0f0000000000000000000021
:10636000000000000000000000000000ff0fff0f11
:106370000000ef0fef0f6c006c006c006c006c0005
:106380006c006c006c006c006c006c00ec0fec0f8f
:106390000c00ec0fec0f6c006c006c006c006c00df
:1063a000000000000000000000000000ff0fff0fd1
:1063b0000000ff0fff0f00000000000000000000c1
:1063c0006c006c006c006c006c006c00ef0fef0f49
:1063d0000000ef0fef0f6c006c006c006c006c00a5
:1063e00000000606f606fc030e070606060606066d
:1063f00006060e07fc03f606060600000000000075
:1064000000000000f000f8011801180038007000ca
:10641000e000f00198019801f801f0000000000090
:10642000fc00fc018c030c030c060c061e061e0669
:106430000c060c060c038c03fc01fc0000000000a1
:106440006000f0009801fe07fe0706000600fe014e
:10645000fe01060006000600fe07fe070000000021
:10646000980198010000fe07fe0706000600fe01e5
:10647000fe01060006000600fe07fe070000000001
:10648000180030006000fe07fe0706000600fe014f
:10649000fe01060006000600fe07fe0700000000e1
:1064a00000006000600060006000600060000000ac
:1064b00000000000000000000000000000000000dc
:1064c0008001c0006000f801f80160006000600019
:1064d0006000600060006000f801f801000000004a
:1064e0006000f0009801f801f801600060006000b1
:1064f0006000600060006000f801f801000000002a
:10650000980198010000f801f80160006000600047
:106510006000600060006000f801f8010000000009
:1065200060006000600060006000600060007f004c
:106530007f000000000000000000000000000000dc
:106540000000000000000000000000000000e00f5c
:10655000e00f6000600060006000600060006000ac
:10656000ff0fff0fff0fff0fff0fff0fff0fff0fbb
:10657000ff0fff0fff0fff0fff0fff0fff0fff0fab
:10658000000000000000000000000000000000000b
:10659000ff0fff0fff0fff0fff0fff0fff0fff0f8b
:1065a000600060006000600060006000000060004b
:1065b000600060006000600060006000000000009b
:1065c000180030006000f801f80160006000600011
:1065d0006000600060006000f801f8010000000049
:1065e000ff0fff0fff0fff0fff0fff0fff0fff0f3b
:1065f000000000000000000000000000000000009b
:106600008001c0006000f801fc030e0706060606c4
:106610000606060606060e07fc03f8010000000049
:106620000000000000000000f00098010c030c03c3
:10663000fc018c030c030c038c03fc010c000c000c
:106640006000f0009801f801fc030e07060606063c
:106650000606060606060e07fc03f8010000000009
:10666000180030006000f801fc030e07060606065d
:106670000606060606060e07fc03f80100000000e9
:1066800000000000b801ec000000f801fc030e0758
:106690000606060606060e07fc03f80100000000c9
:1066a0007003d8010000f801fc030e070606060679
:1066b0000606060606060e07fc03f80100000000a9
:1066c00000000000000000000603060306030603a6
:1066d00006038e03fe037e03060006000600060086
:1066e000000000003c003c001800f801f80318030b
:1066f0001803f803f80118003c003c0000000000fb
:106700003c003c001800f801f803180318031803b4
:106710001803f803f80118003c003c0000000000da
:106720008001c0006000060606060606060606068c
:106730000606060606060c03fc03f801000000002e
:106740006000f00098010606060606060606060624
:106750000606060606060c03fc03f801000000000e
:106760001800300060000606060606060606060645
:106770000606060606060c03fc03f80100000000ee
:10678000000000008001c00060000c030c039801b1
:106790009801f000f0006000600030003000180048
:1067a0008001c000600006060c039801f000600044
:1067b0006000600060006000600060000000000099
:1067c00000000000e001e001000000000000000007
:1067d00000000000000000000000000000000000b9
:1067e000c000600030000000000000000000000059
:1067f0000000000000000000000000000000000099
:10680000000000000000000000000000f801f80196
:106810000000000000000000000000000000000078
:10682000000000000000000060006000f801f801b6
:10683000600060000000f801f801000000000000a6
:10684000000000000000000000000000f801f80156
:106850000000f801f8010000000000000000000046
:10686000000000000e0018000c039801ce0060002c
:10687000b006d806cc0700060006000000000000a5
:106880000000f8076c036603660366036c03780375
:1068900060036003600360036003600300000000a6
:1068a0000000f8010c030c000c00f8010c030c03b1
:1068b000f801000300030c03f801000000000000d1
:1068c0000000000000000000600060000000fc0309
:1068d000fc030000600060000000000000000000f9
:1068e000000000000000000000000000c800f000f0
:1068f0000000000000000000000000000000000098
:10690000f000f80198019801f801f0000000000083
:106910000000000000000000000000000000000077
:1069200000000000000000000000000008019c03bf
:106930009c030801000000000000000000000000af
:106940000000000000000000000000004000e00027
:10695000e000400000000000000000000000000017
:1069600018001c00180018001800000000000000ab
:106970000000000000000000000000000000000017
:106980003c006000380060003c0000000000000097
:1069900000000000000000000000000000000000f7
:1069a0003c00600038000c007c000000000000008b
:1069b00000000000000000000000000000000000d7
:1069c0000000000000000000f000f000f000f00007
:1069d000f000f000000000000000000000000000d7
:1069e00000000000000000000000000000000000a7
:1069f0000000000000000000000000000000000097
:106a00000000000000000000000000000000000086
:106a10000000000000000000000000000000000076
:106a20000000000000000000000000000000000066
:106a30000000000000000000000000000000000056
:106a40000000e007300c0810642666660240024031
:106a500012481248366c2424c813300ce00700009a
:106a60000000000000000000000000000000000026
:106a7000000000000000e007f00ff81ffc3f9e79c7
:106a80009e79fe7ffe7fee77ee77dc3b381cf00fc1
:106a9000e00700000000000000000000000000000f
:106aa0003c3c7e7efe7fffffffffffffffffffffff
:106ab000fffffe7ffe7ffc3ffc3ff81ff00ff00f53
:106ac000e007c0038001000000000000000000009b
:106ad0000000000080008001c001e003e007f00f2b
:106ae000f81ffc3ffe7ffffffe7ffc3ff81ff00f0b
:106af000e007e003c001800180000000000000000a
:106b00000000000000000000c003e007f00ff00fdd
:106b1000f00ff00fe007fc3ffe7fffffffffffffde
:106b2000fe7f9c3980018001c003c003c0030000c8
:106b300000000000000000000000000000018001d3
:106b40008003c007e00ff00ff81ffc3ffe7ffeff41
:106b5000fffffffffffffe7f9c3980018001c00324
:106b6000c003000000000000000000000000000062
:106b70000000000000000000000000000000000015
:106b80000000000000000000000000000000000005
:106b900000000000000000000000000000000000f5
:106ba00000000000000000000000000000000000e5
:106bb00000000000000000000000000000000000d5
:106bc00000000000000000000000000000000000c5
:106bd00000000000000000000000000000000000b5
:106be00000000000000000000000000000000000a5
:106bf0000000000000000000000000000000000095
:106c00000000000000000000000000000000000084
:106c10000000000000000000000000000000000074
:106c20000000000000000000000000000000000064
:106c30000000000000000000000000000000000054
:106c40000030007f007f007800cc00cef007fc070a
:106c50000e0e060c03180318031803180318060c6d
:106c60000e0efc07f0010000000000000000000014
:106c700000000000c007f01f383818300c600c60ae
:106c80000c600c601c6018307838f01fc00f0003d7
:106c90000003e01fe01f00030003000000000000ed
:106ca00000000000000000000000000000000000e4
:106cb00000000000000000000000000000000000d4
:106cc00000000000000000000000000000000000c4
:106cd0000000000000000000000000000040007004
:106ce000007e807fe047e04120402040204020405f
:106cf00020402040204020402078207c207e203ee4
:106d00003c1c3e003f001f000e0000000000000081
:106d100000000000000080018811dc3bf81f300cef
:106d200018181e781e781818300cf81fdc3b8811d4
:106d300080010000000000000000000000000000d2
:106d400000000000000000000000000002000e0033
:106d50003e00fe00fe01fe07fe1ffe7ffe1ffe0737
:106d6000fe01fe003e000e000200000000000000d8
:106d70000000000000000000000000000000000013
:106d800000400070007c007f807fe07ff87ffe7f06
:106d9000f87fe07f807f007f007c00700040000073
:106da00000000000000000000000000080018001e1
:106db000c003e007b00d80018001800180018001e7
:106dc00080018001800180018001800180018001bb
:106dd000b00de007c003800180010000000000004a
:106de000701c701c701c701c701c701c701c701c43
:106df000701c701c701c701c701c701c000000004b
:106e0000701c701c701c00000000000000000000de
:106e100000000000f81ffc1ffe18fe18fe18fe18e8
:106e2000fe18fc18f818f018c018c018c018c018c0
:106e3000c018c018c018c018c018c018c018c01892
:106e4000c018000000000000c01ff01f78103800bc
:106e500038007800f001e007f00f301e383c383879
:106e60007838f019e00f800f001e003c0038003821
:106e7000183cf81fe00700000000000000000000c0
:106e80000000000000000000fe7ffe7ffe7ffe7f0e
:106e9000fe7f000000000000000000000000000075
:106ea0000000000000000000000000000000800161
:106eb0008001c003e007b00d8001800180018001e6
:106ec00080018001800180018001800180018001ba
:106ed000b00de007c003800180010000f00ff00f4b
:106ee0000000000080018001c003e007b00d8001b8
:106ef000800180018001800180018001800180018a
:106f00008001800180018001800180018001800179
:106f100080010000000000008001800180018001ec
:106f20008001800180018001800180018001800159
:106f3000800180018001800180018001b00de007a7
:106f4000c00380018001000000000000000000007c
:106f5000000000000000000000000004000c001809
:106f6000fe7ffe7f0018000c0004000000000000ff
:106f70000000000000000000000000000000000011
:106f800000000000000000000000000000002000e1
:106f900030001800fe7ffe7f180030002000000047
:106fa00000000000000000000000000000000000e1
:106fb00000000000000000000000000000000600cb
:106fc0000600060006000600060006000600060091
:106fd000060006000600fe7ffe7f000000000000a5
:106fe00000000000000000000000000000000000a1
:106ff0000000000000002004300c1818fe7ffe7f07
:107000001818300c200400000000000000000000f0
:107010000000000000000000000000000000000070
:10702000000000000001000180038003c003c007ce
:10703000e007e00ff00ff01ff81ff81ffc3ffc3fc8
:10704000fe7f0000000000000000000000000000c3
:107050000000000000000000fe7ffc3ffc3ff81f26
:10706000f81ff01ff00fe00fe007c007c003800318
:10707000800300010001000000000000000000008b
:107080000000000000000000000000000000000000
:1070900000000000000000000000000000000000f0
:1070a00000000000000000000000000000000000e0
:1070b00000000000000000008003800380038003c4
:1070c00080038003800380038003800380038003a8
:1070d0008003800300000000800380038003000021
:1070e00000000000000000000000380e380e380ece
:1070f000380e380e100410040000000000000000dc
:10710000000000000000000000000000000000007f
:10711000000000000000000000000000000000006f
:1071200080318031c018c018c018c018fc7ffc7fa7
:10713000600c60063006fe3ffe3f1803180318037c
:1071400018038c018c01000000000000000000000a
:1071500000030003c01ff03f7023380338033803d7
:107160007803f003e0038007001f001f003b003b93
:10717000003b003b181bf81fe00f0003000300005a
:1071800000000000000000003cc06660c330c3186f
:10719000c318c30cc30666033c038001c03cc06631
:1071a00060c330c318c318c30cc30666033c000099
:1071b000000000000000000000000000e003f007f5
:1071c000380e380e380e38067007f001f800fce073
:1071d000cee1c7e387630767077e0f3e1e3cfc7f57
:1071e000f0f3000000000000000000000000c001fb
:1071f000c001c001c001c00180008000000000008b
:10720000000000000000000000000000000000007e
:10721000000000000000000000000000000000006e
:1072200000000018001e000f8003c001e000e00015
:10723000e00070007000700070007000700070005e
:107240007000e000e000e000c0018003000f001ebd
:107250000018000000000c003c007800e000c001b5
:107260008003800380030007000700070007000772
:10727000000700070007800380038003c001e000cf
:1072800078003c000c000000000000008003800338
:107290008003981b7c3e300c4002e007700e381cc7
:1072a00020040000000000000000000000000000ba
:1072b00000000000000000000000000000000000ce
:1072c000000000000000000000008001800180013b
:1072d000800180018001fe7ffe7f800180018001ae
:1072e000800180018001000000000000000000001b
:1072f000000000000000000000000000000000008e
:10730000000000000000000000000000000000007d
:107310000000c003c003c003c0030003800380015a
:10732000c00000000000000000000000000000009d
:10733000000000000000000000000000f81ff81f1f
:10734000000000000000000000000000000000003d
:10735000000000000000000000000000000000002d
:10736000000000000000000000000000000000001d
:1073700000000000000000000000c003c003c003c4
:10738000c0030000000000000000000000000060da
:107390000030003000180018000c000c0006000639
:1073a0000003000380018001c000c0006000600095
:1073b00030003000180018000c000c00060000001f
:1073c00000000000e003f007380e1c1c1c1c0e38e7
:1073d0000e380e380e380e380e380e380e380e387d
:1073e0001c1c1c1c380ef007e0030000000000000d
:1073f00000000000000000000003e003fc038c0319
:107400008003800380038003800380038003800364
:1074100080038003800380038003fc7ffc7f0000e7
:10742000000000000000000000000000f003fc0766
:107430000c0e001c001c001c001c000e000e00079f
:107440008003c001e0007000300038001c00fc1f09
:10745000fc1f000000000000000000000000000011
:10746000f003f80f081e001c001c001c000c000696
:10747000e003e007000f001e001c001c001c001ea3
:10748000080ff807f80300000000000000000000eb
:1074900000000000000e000f800f800fc00ee00ef5
:1074a000600e300e180e180e0c0e060efe7ffe7fbc
:1074b000000e000e000e000e000e00000000000086
:1074c0000000000000000000f03ff03ff03f3000ff
:1074d0003000300030003000f003f00f001e003ca0
:1074e000003800380038003c101ef00ff003000098
:1074f000000000000000000000000000801fe03fce
:10750000f0207000380038001c009c0fdc1f7c3c11
:107510003c781c701c701c70387038387038f01f44
:10752000c007000000000000000000000000000094
:10753000f83ff83ff83f00180018000c000c000658
:107540000002000380018001c000c00060006000f4
:10755000700030003000000000000000000000005b
:1075600000000000c007f00f781e381c381c381cc3
:10757000780cf00fe003f00f381f181e1c3c1c386d
:107580001c381c38381cf00fe00700000000000019
:107590000000000000000000c007f01f381c383851
:1075a0001c381c701c701c703c78787cf077e07381
:1075b000007000380038001c081ef80ff0030000af
:1075c00000000000000000000000000000000000bb
:1075d000000000000000c003c003c003c00300009f
:1075e00000000000000000000000c003c003c00352
:1075f000c0030000000000000000000000000000c8
:1076000000000000000000000000c003c003c00331
:10761000c003000000000000000000000000c003e4
:10762000c003c003c003000380038001c00000004a
:10763000000000000000000000000000000000400a
:107640000070003c000fc003f0003c003c00f00064
:10765000c003000f003c007000400000000000006c
:10766000000000000000000000000000000000001a
:107670000000000000000000fe7ffe7f0000000010
:107680000000fe7ffe7f0000000000000000000000
:1076900000000000000000000000000000000000ea
:1076a00000000000000002000e003c00f000c003db
:1076b000000f003c003c000fc003f0003c000e0037
:1076c00002000000000000000000000000000000b8
:1076d000f807fc1f0c3c0c3800380038001c001e5a
:1076e000000f80078003c001c001c001000000003e
:1076f000c001c001c0010000000000000000000047
:1077000000000000c00fe01f703818301c3e0c3124
:107710008e31c630c630c638c638c63cc6348ef741
:107720008cf31c003808f00fc007000000000000b8
:107730000000000000000000000000000000c00188
:10774000c003e003600760077006300e380e381c77
:10775000181cfc3ffc3f0e380e700e7007e0000056
:107760000000000000000000000000000000000019
:107770000000fc07fc0f1c1e1c1c1c1c1c0efc0724
:10778000fc071c1e1c3c1c381c381c381c3cfc1ff5
:10779000fc070000000000000000000000000000e6
:1077a000000000000000c01ff03f78303c001c00cb
:1077b0000e000e000e000e000e000e001c003c001d
:1077c0007820f03fc01f0000000000000000000013
:1077d00000000000000000000000fc07fc0f1c3c43
:1077e0001c381c781c701c701c701c701c701c7069
:1077f0001c381c381c1efc0ffc030000000000009d
:107800000000000000000000000000000000f83f41
:10781000f83f38003800380038003800f81ff81feb
:1078200038003800380038003800f87ff87f000052
:107830000000000000000000000000000000000048
:107840000000f87ff87f3800380038003800380032
:10785000f83ff83f3800380038003800380038006a
:1078600038000000000000000000000000000000e0
:10787000000000000000c01ff03f78303c001c00fa
:107880000e000e000e000e3f0e3f0e381c383c3826
:107890007838f03fc01f000000000000000000002a
:1078a000000000000000000000001c381c381c38dc
:1078b0001c381c381c381c38fc3ffc3f1c381c385a
:1078c0001c381c381c381c381c3800000000000014
:1078d0000000000000000000000000000000fc1f8d
:1078e000fc1fc001c001c001c001c001c001c00136
:1078f000c001c001c001c001c001fc1ffc1f00008d
:107900000000000000000000000000000000000077
:107910000000f80ff80f000e000e000e000e000e13
:10792000000e000e000e000e000e000e0407fc03f9
:10793000fc0100000000000000000000000000004a
:107940000000000000001c781c3c1c1e1c0f1c07c3
:107950009c03dc01fc00dc01dc039c071c0f1c1eeb
:107960001c3c1c781cf80000000000000000000017
:10797000000000000000000000003800380038005f
:107980003800380038003800380038003800380037
:10799000380038003800f83ff83f000000000000d1
:1079a00000000000000000000000000000000e3891
:1079b0001e3c1e3c1e3c3636363636366632663344
:1079c0006633c631c631c631063006300630000097
:1079d00000000000000000000000000000000000a7
:1079e00000001c301c303c307c307c30fc30ec31f2
:1079f000cc31cc338c370c3f0c3e0c3e0c3c0c385d
:107a00000c38000000000000000000000000000032
:107a1000000000000000e007f00f381c1c381c3884
:107a20000e700e700e700e700e700e701c381c38ba
:107a3000381cf00fe007000000000000000000000c
:107a400000000000000000000000f81ff83f387838
:107a50003870387038703878383cf81ff8073800bc
:107a600038003800380038003800000000000000fe
:107a70000000000000000000000000000000e0071f
:107a8000f00f381c1c381c380e700e700e700e7003
:107a90000e700e701c381c38381cf00fe007001eea
:107aa000007800f00040000000000000000000002e
:107ab0000000fc07fc0f1c1e1c1c1c1c1c1c1c0eac
:107ac000fc07fc039c071c071c0f1c1e1c3c1c38dd
:107ad0001c78000000000000000000000000000012
:107ae000000000000000e00ff81f3c181c001c0004
:107af0003c00f800f007c01f003e00380038003896
:107b00000c1cfc1ff007000000000000000000003b
:107b100000000000000000000000ff7fff7fc001a8
:107b2000c001c001c001c001c001c001c001c0014d
:107b3000c001c001c001c001c00100000000000080
:107b400000000000000000000000000000001c70a9
:107b50001c701c701c701c701c701c701c701c70c5
:107b60001c701c701c703c783838f01fe00f00004f
:107b70000000000000000000000000000000000005
:107b8000000007e00e700e701c701c383c3838384e
:107b9000381c701c700ce00ee00ee007c007c00738
:107ba0008003000000000000000000000000000052
:107bb00000000000000003c003c007c08661c66368
:107bc000c663c663c6634e766c366c366c362c3e26
:107bd0003c3c3c1c3c1c000000000000000000007d
:107be000000000000000000000001ee03c7078383b
:107bf000781cf00ee007c003c003c007e007600f69
:107c0000301e183c1c380e7807f000000000000001
:107c1000000000000000000000000000000007e07d
:107c20000e701c301c18381c780e7007e003e0033f
:107c3000c001c001c001c001c001c001c0010000fd
:107c40000000000000000000000000000000000034
:107c50000000fc3ffc3f0038001c000e00078003c2
:107c60008001c000e000700038001c000e00fe3fe4
:107c7000fe3f000000000000000000000000c03fc8
:107c8000c03fc001c001c001c001c001c001c001ae
:107c9000c001c001c001c001c001c001c001c001dc
:107ca000c001c001c001c001c001c03fc03f000011
:107cb000000006000c000c00180018003000300016
:107cc00060006000c000c00080018001000300036c
:107cd00000060006000c000c0018001800300030f0
:107ce000006000000000fc03fc03800380038003ad
:107cf000800380038003800380038003800380036c
:107d0000800380038003800380038003800380035b
:107d10008003fc03fc0300000000000000010001e0
:107d200080038003c003c006e006600c300c3018ee
:107d3000181818180c300c30066000000000000005
:107d40000000000000000000000000000000000033
:107d50000000000000000000000000000000000023
:107d60000000000000000000000000000000000013
:107d7000000000000000ffffffff00000000000007
:107d8000c0018003000700000000000000000000a8
:107d900000000000000000000000000000000000e3
:107da00000000000000000000000000000000000d3
:107db00000000000000000000000000000000000c3
:107dc0000000e007f80f181e001c001ce01ff01f49
:107dd000381c1c1c1c1c1c1c3c1ef87bf078000072
:107de000000000000000000000001c001c001c003f
:107df0001c001c001c009c07dc1f7c1c3c381c3831
:107e00001c381c381c381c381c381c1c3c1efc0f31
:107e1000cc0700000000000000000000000000008f
:107e200000000000000000000000c01ff03f7820ac
:107e300038001c001c001c001c001c003c0038000a
:107e4000f820f03fc01f000000000000000000000c
:107e50000000007000700070007000700070c0734f
:107e6000f07f787c38701c701c701c701c701c704b
:107e70001c703c78387cf077e07300000000000054
:107e800000000000000000000000000000000000f2
:107e90000000c007f00f781c38381c381c38fc3f35
:107ea000fc3f1c001c0038007820f03fc01f000081
:107eb0000000000000000000000000ff80ffc00381
:107ec000c001c001c001fc7ffc7fc001c001c00136
:107ed000c001c001c001c001c001c001c001c0019a
:107ee000c0010000000000000000000000000000d1
:107ef00000000000000000000000c073f07f787cec
:107f000038701c701c701c701c701c701c703c78cd
:107f1000387cf077e07300700038183cf81ff007e9
:107f200000001c001c001c001c001c001c001c0f7e
:107f3000dc1f7c3c3c381c381c381c381c381c3876
:107f40001c381c381c381c381c380000000000008d
:107f50000000000000008003800380030000000098
:107f60000000fc03fc038003800380038003800384
:107f7000800380038003800380038003800300006c
:107f800000000000000000000000000e000e000ec7
:107f9000000000000000f80ff80f000e000e000ea9
:107fa000000e000e000e000e000e000e000e000e61
:107fb000000e000e000e0407fc07f8010000380058
:107fc00038003800380038003800383c381e380e89
:107fd000380fb807b803f803b803b807380f380ede
:107fe000381e383c38780000000000000000000017
:107ff0000000f807f8070007000700070007000760
:108000000007000700070007000700070007000738
:10801000000700070007000700070000000000003d
:108020000000000000000000000000000000000050
:108030000000ce31ee79fe7f9e779e738e738e7335
:108040008e738e738e738e738e738e738e73000029
:108050000000000000000000000000000000000020
:108060000000000000001c0fdc1f7c3c3c381c386a
:108070001c381c381c381c381c381c381c381c3860
:108080001c3800000000000000000000000000009c
:1080900000000000000000000000e003f80f3c1e9c
:1080a0001c1c0e380e380e380e380e380e381c1cbc
:1080b0003c1ef80fe003000000000000000000007c
:1080c00000000000000000000000000000009c070d
:1080d000dc1f7c1c3c381c381c381c381c381c38f5
:1080e0001c381c1c3c1efc0f9c071c001c001c00a8
:1080f0001c001c0000000000000000000000000048
:108100000000e039f83f3c3e1c380e380e380e387f
:108110000e380e380e381e3c1c3ef83bf038003846
:10812000003800380038003800000000000000006f
:10813000000000000000703e703ff031f030700031
:1081400070007000700070007000700070007000af
:1081500070000000000000000000000000000000af
:1081600000000000000000000000e00ff01f781089
:1081700038003800f801f007801f003c0038003854
:10818000183cf81ff007000000000000000000008d
:1081900000000000000000000000e000e000fc3fe4
:1081a000fc3fe000e000e000e000e000e000e00074
:1081b000e000e000e001c03f803f00000000000060
:1081c00000000000000000000000000000000000af
:1081d00000001c381c381c381c381c381c381c3853
:1081e0001c381c381c381c3c3c3ef83bf038000066
:1081f000000000000000000000000000000000007f
:108200000000000000001e701c381c383c38381874
:10821000381c701c700ce00ee00ee006c007c007b2
:1082200080030000000000000000000000000000cb
:108230000000000000000000000003c087c3874367
:10824000c663c66346626e666e266c362c363c3c50
:108250003c3c3c1c181c000000000000000000001a
:1082600000000000000000000000000000001e30c0
:108270003c18780c700ef006e003c003c003e00762
:10828000700f300e381e1c3c0e78000000000000fd
:1082900000000000000000000000000000000000de
:1082a00000001e701c301c383818381c781c700eea
:1082b000f00ee007e007c003c003c0018001c00169
:1082c000c000e0007c003c00000000000000000056
:1082d000000000000000fc3ffc3f0038001c000ec6
:1082e00000078003c001e000700038001c00fc3f64
:1082f000fc3f000000000000000000000000001f24
:10830000801fc003c001c001c0018003800380033f
:108310008003c001f800f800c001800380038003df
:108320008003c001c001c001c003801f001f000006
:1083300000008001800180018001800180018001b6
:108340008001800180018001800180018001800125
:108350008001800180018001800180018001800115
:108360008001000000007c00fc00e001c001c001b1
:10837000c001e000e000e000e000c001800f800fdd
:10838000c001e000e000e000e000c001c001c00169
:10839000e001fc007c000000000000000000000084
:1083a00000000000000000000000000000000000cd
:1083b0007860fc63c63f061e00000000000000005d
:1083c00000000000000000000000000000000000ad
:1083d000000000000000f80f080808080808080856
:1083e000080808080808080808080808080808080d
:1083f00008080808f80f0000000000000000000056
:1084000000000000000000000000c01ff03f7830b6
:108410003c001c000e000e000e000e000e000e00b0
:108420001c003c007820f03fc01f00020007000c39
:10843000000c80070000000000003006300600003d
:1084400000001c381c381c381c381c381c381c38e0
:108450001c381c381c381c3c3c3ef83bf0380000f3
:1084600000000000000000000000000c00060003f7
:10847000800100000000c007f00f781c38381c385d
:108480001c38fc3ffc3f1c001c0038007820f03feb
:10849000c01f000000000000000000000000c0013c
:1084a00060033006180c00000000e007f80f181eeb
:1084b000001c001ce01ff01f381c1c1c1c1c1c1c7a
:1084c0003c1ef87bf0780000000000000000000077
:1084d000000000000000600c600c00000000e007dd
:1084e000f80f181e001c001ce01ff01f381c1c1c7d
:1084f0001c1c1c1c3c1ef87bf078000000000000d7
:1085000000000000000030006000c000800100009a
:108510000000e007f80f181e001c001ce01ff01ff1
:10852000381c1c1c1c1c1c1c3c1ef87bf07800001a
:108530000000000000000000c00120022002200214
:10854000c00100000000e007f80f181e001c001c0e
:10855000e01ff01f381c1c1c1c1c1c1c3c1ef87b44
:10856000f0780000000000000000000000000000a3
:1085700000000000000000000000c01ff03f782055
:1085800038001c001c001c001c001c003c003800b3
:10859000f820f03fc01f0001800300060006c00362
:1085a0000000c00160033006180c00000000c00786
:1085b000f00f781c38381c381c38fc3ffc3f1c007e
:1085c0001c0038007820f03fc01f000000000000b1
:1085d00000000000000000000000600c600c0000c3
:1085e0000000c007f00f781c38381c381c38fc3fde
:1085f000fc3f1c001c0038007820f03fc01f00002a
:108600000000000000000000000030006000c0001a
:10861000800100000000c007f00f781c38381c38bb
:108620001c38fc3ffc3f1c001c0038007820f03f49
:10863000c01f00000000000000000000000000005b
:1086400000003006300600000000fc03fc0380033d
:108650008003800380038003800380038003800302
:108660008003800380030000000000000000000081
:1086700000008003c006600c301800000000fc03fe
:10868000fc03800380038003800380038003800356
:10869000800380038003800380030000000000004b
:1086a0000000000000006000c00080010003000026
:1086b0000000fc03fc03800380038003800380032d
:1086c0008003800380038003800380038003000015
:1086d0000000000000000000300c300c0000000022
:1086e0000000c001c003e003600760077006300ea1
:1086f000380e381c181cfc3ffc3f0e380e700e70f4
:1087000007e00000000000000000000080034004bb
:108710004004400480038003c007c007e006600ee9
:10872000600e700c301c381c3838fc3ffc3f1c704d
:108730000e700e7007e00000000000000000000056
:10874000000e0007800300000000f83ff83f3800eb
:108750003800380038003800f81ff81f380038009b
:10876000380038003800f87ff87f00000000000073
:1087700000000000000000000000000000000000f9
:108780000000f83cfc7f806780e380e3f0fffcffa3
:108790009c038e038e038e039e87fcff787c000073
:1087a00000000000000000000000000000000000c9
:1087b0000000803fc03fc007e00760076007700708
:1087c000303f383f18071c07fc07fc070607067fe9
:1087d000037f000000000000000000000000c00156
:1087e00060033006180c00000000e003f80f3c1e88
:1087f0001c1c0e380e380e380e380e380e381c1c65
:108800003c1ef80fe0030000000000000000000024
:108810000000000000003006300600000000e00309
:10882000f80f3c1e1c1c0e380e380e380e380e3851
:108830000e381c1c3c1ef80fe00300000000000076
:1088400000000000000030006000c0008001000057
:108850000000e003f80f3c1e1c1c0e380e380e38ca
:108860000e380e380e381c1c3c1ef80fe0030000ba
:1088700000000000000000000000c001600330069e
:10888000180c000000001c381c381c381c381c3820
:108890001c381c381c381c381c381c3c3c3ef83b2f
:1088a000f038000000000000000000000000300070
:1088b0006000c0008001000000001c381c381c381b
:1088c0001c381c381c381c381c381c381c381c3c04
:1088d0003c3ef83bf03800000000000000000000c3
:1088e00000000000000030063006000000001e708e
:1088f0001c301c383818381c781c700ef00ee0073d
:10890000e007c003c003c0018001c001c000e00057
:108910007c003c00300c300c000000000000e00740
:10892000f00f381c1c381c380e700e700e700e7054
:108930000e700e701c381c38381cf00fe007000059
:108940000000000000000000601860180000000037
:1089500000001c701c701c701c701c701c701c7043
:108960001c701c701c701c701c703c783838f01f18
:10897000e00f000000000000000000000000000008
:1089800000000000000000000000e033f81f3c1e63
:108990001c1e0e3b0e398e39ce386e386e383c1c9c
:1089a0003c1efc0fe6030000000000000000000079
:1089b00000000000003e803f8003c001c001c001f4
:1089c000c001c001f00ff00fc001c001c001c00123
:1089d000e0007000f83ff83ff83f000000000000a2
:1089e0000000000000000000000000000000e06740
:1089f000f03f381c1c3c1c3c0e760e738e718e7141
:108a0000ce706e703c383c38381cfc0fe607000016
:108a10000000000000000000000000000000000056
:108a200000000000000004200e701c38381c700e7e
:108a3000e007c003c003e007700e381c1c380e703e
:108a40000420000000000000000000000000003fc3
:108a5000803fc001c001c001c001f81ff81fc00164
:108a6000c001c001c001c001c001c001c001c001fe
:108a7000c001c001c001c001c001c001fe007e00f4
:108a80000000000600038001c00000000000e007b5
:108a9000f80f181e001c001ce01ff01f381c1c1cc7
:108aa0001c1c1c1c3c1ef87bf07800000000000021
:108ab000000000000000000600038001c00000006c
:108ac0000000fc03fc038003800380038003800319
:108ad0008003800380038003800380038003000001
:108ae00000000000000000000000000600038001fc
:108af000c00000000000e003f80f3c1e1c1c0e38f4
:108b00000e380e380e380e380e381c1c3c1ef80f6e
:108b1000e00300000000000000000000000000066c
:108b200000038001c000000000001c381c381c3805
:108b30001c381c381c381c381c381c381c381c3c91
:108b40003c3ef83bf0380000000000000000000050
:108b500000000000e00cf00f3007000000001c0fc8
:108b6000dc1f7c3c3c381c381c381c381c381c383a
:108b70001c381c381c381c381c3800000000000051
:108b800000000000e00cf00f3007000000001c3077
:108b90001c303c307c307c30fc30ec31cc31cc3380
:108ba0008c370c3f0c3e0c3e0c3c0c380c38000053
:108bb000000000000000000000000000e003f007db
:108bc0001006e007f007380618061807f81ff01c13
:108bd0000000000000000000000000000000000095
:108be0000000000000000000000000000000000085
:108bf000e007f00f381c1818181818181818381c27
:108c0000f00fe0070000000000000000000000007e
:108c10000000000000000000000000000000000054
:108c200000000000000000000000000000008003c1
:108c30008003800300000000800380038003c001e4
:108c4000e001f000780038001c001c001c303c30b3
:108c5000f83fe01f00000000e0031004e8092412c0
:108c60002412e41124112411280b1004e003000045
:108c700000000000000000000000000000000000f4
:108c800000000000000000000000000000000000e4
:108c90000000000000000000000000000000fe7f57
:108ca000fe7f0060006000600060000000000000c7
:108cb00000000000000000000000000000000000b4
:108cc0001f0c1f061c061c031c039c019c01dc00de
:108cd000dc007c3c30fe30e018e018700c380c0ce6
:108ce000060606fe03fe0000000000000000000073
:108cf000000000001f181f0c1c0c1c061c061c0387
:108d00001c039c019c01dc38603c603a3039b0396e
:108d1000d838d8ff0c380c380638000000000000a6
:108d20000000000000000000000000000000000043
:108d30000000c001c001c00100000000c001c0016e
:108d4000c001c001c001c001c001c001c001c0011b
:108d5000c001c001c001c00100000000000000000f
:108d600000000000000000004010e038701c380ec9
:108d70001c070c038e031c07380e701ce0384010d3
:108d800000000000000000000000000000000000e3
:108d900000000000000000000000000008019c032b
:108da0003807700ee01cc039c018e01c700e380780
:108db0009c0308010000000000000000000000000b
:108dc000e71ce71ce71c00000000e71ce71ce71c91
:108dd00000000000e71ce71ce71c0000000000008a
:108de000e71ce71ce71c00000000e71ce71ce71c71
:108df0000000000038e738e738e7e71ce71cffff12
:108e000038e738e7e71ce71cffff38e738e7e71cdf
:108e1000e71ce71c38e738e7ffffe71ce71c38e7eb
:108e200038e7ffffe71ce71cffffffffffffe71c22
:108e3000e71cffffffffffffe71ce71cffffffff33
:108e4000ffffe71ce71ce71cffffffffffffe71c1e
:108e5000e71cffffffffffffe71ce71c800180010d
:108e600080018001800180018001800180018001fa
:108e700080018001800180018001800180018001ea
:108e800080018001800180018001800180018001da
:108e900080018001800180018001800180018001ca
:108ea0008001800180018001ff01ff0180018001bc
:108eb00080018001800180018001800180018001aa
:108ec0008001800100078003c00100000000c00194
:108ed000c003e003600760077006300e380e381cd0
:108ee000181cfc3ffc3f0e380e700e7007e00000af
:108ef0000000000000000000e0037007380e0000d2
:108f00000000c001c003e003600760077006300e78
:108f1000380e381c181cfc3ffc3f0e380e700e70cb
:108f200007e000000000000000000000e000c001b9
:108f3000800300000000c001c003e0036007600779
:108f40007006300e380e381c181cfc3ffc3f0e38e3
:108f50000e700e7007e0000000000000000000002e
:108f600000000000e00ff01f38381c708c6feeef2f
:108f700066c836c036c036c036c036c066c8eeefea
:108f80008c671c703838f01fe00f000000000000f4
:108f9000000000006006600660066006600660066d
:108fa00060066006600660067f067f060006000613
:108fb0007f067f0660066006600660066006600643
:108fc0006006600660066006600660066006600671
:108fd0006006600660066006600660066006600661
:108fe0006006600660066006600660066006600651
:108ff000600660066006600660066006000000000d
:109000000000000000000000000000000000000060
:10901000ff07ff07000600067f067f066006600662
:109020006006600660066006600660066006600610
:109030006006600660066006600660066006600600
:10904000600660067f067f0600060006ff07ff0732
:109050000000000000000000000000000000000010
:10906000000000000000000080018001c00ff00f30
:10907000b809b8019c019c019c019c019c019c01c8
:109080009c01b801f809f00fe007800180010000a1
:109090000000000000000000000000000ee01c6066
:1090a000383038307018e00ce00cc0078003f83f0f
:1090b000f83f800380038003f83ff83f800380037c
:1090c000800300000000000000000000000000001d
:1090d0000000000000000000000000000000000090
:1090e00000000000ff01ff0180018001800180017c
:1090f0008001800180018001800180018001800168
:109100008001800180018001800180018001800157
:10911000800180018001800180ff80ff000000004d
:10912000000000000000000000000000000000003f
:109130000000000080018001800180018001800129
:10914000800180018001800180018001ffffffff1d
:10915000000000000000000000000000000000000f
:1091600000000000000000000000000000000000ff
:1091700000000000000000000000000000000000ef
:10918000ffffffff800180018001800180018001dd
:1091900080018001800180018001800180018001c7
:1091a00080018001800180018001800180018001b7
:1091b0008001800180ff80ff8001800180018001ab
:1091c0008001800180018001800180018001800197
:1091d000000000000000000000000000000000008f
:1091e0000000000000000000ffffffff0000000083
:1091f000000000000000000000000000000000006f
:109200000000000080018001800180018001800158
:10921000800180018001800180018001ffffffff4c
:109220008001800180018001800180018001800136
:10923000800180018001800100000000e00cf00f3f
:10924000300700000000e007f80f181e001c001c8b
:10925000e01ff01f381c1c1c1c1c1c1c3c1ef87b37
:10926000f07800000000000000000000e00cf00fab
:10927000300700000000c001c003e0036007600782
:109280007006300e380e381c181cfc3ffc3f0e38a0
:109290000e700e7007e000000000000000000000eb
:1092a000600660066006600660066006600660068e
:1092b0006006600660fe60fe60006000e0ffe0ffa8
:1092c000000000000000000000000000000000009e
:1092d000000000000000000000000000000000008e
:1092e0000000000000000000e0ffe0ff6000600000
:1092f00060fe60fe6006600660066006600660064e
:10930000600660066006600660066006600660062d
:109310006006600660066006600660067ffe7ffeef
:1093200000000000ffffffff000000000000000041
:10933000000000000000000000000000000000002d
:10934000000000000000000000000000000000001d
:10935000ffffffff000000007ffe7ffe600660064b
:1093600060066006600660066006600660066006cd
:1093700060066006600660066006600660066006bd
:109380006006600660fe60fe6000600060fe60fed9
:10939000600660066006600660066006600660069d
:1093a00060066006000000000000000000000000f1
:1093b0000000000000000000ffffffff00000000b1
:1093c000ffffffff000000000000000000000000a1
:1093d00000000000000000006006600660066006f5
:1093e0006006600660066006600660067ffe7ffe1f
:1093f000000000007ffe7ffe6006600660066006db
:1094000060066006600660066006600600000000f8
:1094100000000000000000000420cc33f81f300cd6
:109420001818181818181818300cf81fcc33042006
:10943000000000000000000000000000000000002c
:1094400000001e03fe03f001f0031807000ee00ffa
:10945000f81f3c1e1c3c0e380e380e380e380e38e5
:109460000e381c1c3c1ef80fe0030000000000003a
:109470000000000000000000000000000000fc07e9
:10948000fc0f1c3c1c381c781c701c70ff70ff709b
:109490001c701c701c381c381c1efc0ffc030000c8
:1094a0000000000000000000c007e00e701c00007b
:1094b0000000f83ff83f3800380038003800380026
:1094c000f81ff81f38003800380038003800f87fdf
:1094d000f87f000000000000000000006018601825
:1094e000000000000000f83ff83f38003800380066
:1094f00038003800f81ff81f3800380038003800ee
:109500003800f87ff87f0000000000000000000035
:10951000c0018003000700000000f83ff83f38005a
:109520003800380038003800f81ff81f38003800bd
:10953000380038003800f87ff87f00000000000095
:10954000000000000000000000000000000000001b
:109550000000fc03fc03800380038003800380037e
:109560008003800380038003800380038003000066
:10957000000000000000000000078003c0010000a0
:109580000000fc1ffc1fc001c001c001c001c001e0
:10959000c001c001c001c001c001c001c001fc1f69
:1095a000fc1f00000000000000000000e003700746
:1095b000380e00000000fc1ffc1fc001c001c001ec
:1095c000c001c001c001c001c001c001c001c00193
:1095d000c001fc1ffc1f0000000000000000000094
:1095e000300c300c000000000000fc1ffc1fc0010c
:1095f000c001c001c001c001c001c001c001c00163
:10960000c001c001c001fc1ffc1f000000000000e1
:109610000000000080018001800180018001800144
:10962000800180018001800180018001ff01ff0134
:10963000000000000000000000000000000000002a
:10964000000000000000000000000000000000001a
:10965000000000000000000000000000000000000a
:1096600080ff80ff800180018001800180018001f6
:10967000800180018001800180018001ffffffffe8
:10968000ffffffffffffffffffffffffffffffffea
:10969000ffffffffffffffffffffffffffffffffda
:1096a000ffffffffffffffffffffffffffffffffca
:1096b00000000000000000000000000000000000aa
:1096c00000000000000000000000ffffffffffffa0
:1096d000ffffffffffffffffffffffffffffffff9a
:1096e000ffffffff000080018001800180018001f9
:1096f0008001800180018001000000000000000066
:1097000000008001800180018001800180018001d2
:109710008001800180010000e000c00180030000a2
:109720000000fc1ffc1fc001c001c001c001c0013e
:10973000c001c001c001c001c001c001c001fc1fc7
:10974000fc1f00000000000000000000ffffffff02
:10975000ffffffffffffffffffffffffffffffff19
:10976000ffffffffffff00000000000000000000ff
:1097700000000000000000000000000000000000e9
:1097800000078003c00100000000e007f00f381c54
:109790001c381c380e700e700e700e700e700e702d
:1097a0001c381c38381cf00fe007000000000000d7
:1097b000000000000000f003f8073c0e1c0e1c0e19
:1097c0001c061c079c039c039c039c071c0f1c1e6f
:1097d0001c3c1c781c701c709c709c3f1c1f000063
:1097e0000000000000000000e0037007380e0000d9
:1097f0000000e007f00f381c1c381c380e700e708b
:109800000e700e700e700e701c381c38381cf00f65
:10981000e00700000000000000000000e000c001c0
:10982000800300000000e007f00f381c1c381c38d3
:109830000e700e700e700e700e700e701c381c388c
:10984000381cf00fe00700000000000000000000de
:1098500000000000e00cf00f300700000000e00303
:10986000f80f3c1e1c1c0e380e380e380e380e3801
:109870000e381c1c3c1ef80fe00300000000000026
:1098800000000000e00cf00f300700000000e007cf
:10989000f00f381c1c381c380e700e700e700e70d5
:1098a0000e700e701c381c38381cf00fe0070000da
:1098b00000000000000000000000000000000000a8
:1098c0000000000000001c381c381c381c381c38f4
:1098d0001c381c381c381c381c383c3c7c3efc3b7b
:1098e000dc7b1c001c001c001c001c0000001c0079
:1098f0001c001c001c001c001c009c07dc1f7c1ca6
:109900003c381c381c381c381c381c381c381c1cb3
:109910003c1efc0f9c071c001c001c001c001c00b3
:10992000000000000000000000003800380038008f
:10993000f81ff83f38783870387038703878383c0d
:10994000f81ff80738003800380000000000000059
:109950000000000000078003c001000000001c7030
:109960001c701c701c701c701c701c701c701c7097
:109970001c701c701c703c783838f01fe00f000021
:109980000000000000000000e0037007380e000037
:1099900000001c701c701c701c701c701c701c70f3
:1099a0001c701c701c701c701c703c783838f01fc8
:1099b000e00f00000000000000000000e000c00117
:1099c0008003000000001c701c701c701c701c7058
:1099d0001c701c701c701c701c701c701c703c78ff
:1099e0003838f01fe00f0000000000000000000009
:1099f0000000000600038001c000000000001e708f
:109a00001c301c383818381c781c700ef00ee0071b
:109a1000e007c003c003c0018001c001c000e00036
:109a20007c003c0000078003c0010000000007e04c
:109a30000e701c301c18381c780e7007e003e00311
:109a4000c001c001c001c001c001c001c0010000cf
:109a50000000000000000000ffffffff000000000a
:109a600000000000000000000000000000000000f6
:109a700000000000000000000000000000000000e6
:109a80000000000000000000000000008003c00192
:109a9000e0000000000000000000000000000000e6
:109aa00000000000000000000000000000000000b6
:109ab00000000000000000000000000000000000a6
:109ac0000000000000000000000000000000000096
:109ad0000000000000000000f81ff81f0000000058
:109ae0000000000000000000000000000000000076
:109af0000000000000000000000000000000000066
:109b000000008001800180018001fe7ffe7f8001d6
:109b100080018001800100000000fe7ffe7f0000c8
:109b20000000000000000000000000000000000035
:109b30000000000000000000000000000000000025
:109b40000000000000000000000000000000000015
:109b50000000ffffffff00000000ffff000000000b
:109b60007ee0fe70e038e0383c1c7c1ce00ee00734
:109b7000fe07be3bc03dc03be039f039f038f8ff8e
:109b800038381c380e3800000000000000000000cb
:109b900000000000f81ffc1ffe18fe18fe18fe183b
:109ba000fe18fc18f818f018c018c018c018c01813
:109bb000c018c018c018c018c018c018c018c018e5
:109bc000c018000000000000c01ff01f781038000f
:109bd00038007800f001e007f00f301e383c3838cc
:109be0007838f019e00f800f001e003c0038003874
:109bf000183cf81fe0070000000000000000000013
:109c0000000000000000c001c001c0010000000011
:109c10000000fe3ffe3f000000000000c001c00148
:109c2000c001000000000000000000000000000073
:109c30000000000000000000000000000000000024
:109c40000000000000000000000000000000000014
:109c50000000000000000001800300060006c003b1
:109c600000000000e000100110011001e000000001
:109c700000000000000000000000000000000000e4
:109c800000000000000000000000000000000000d4
:109c900000000000300c300c00000000000000004c
:109ca00000000000000000000000000000000000b4
:109cb00000000000000000000000000000000000a4
:109cc0000000000000000000000000000000000094
:109cd0000000000000000000000000000000000084
:109ce0000000c001c001c001000000000000000031
:109cf0000000000000000000000000000000000064
:109d0000e003e0038003800380038003800380037b
:109d1000800380030000000000000000000000003d
:109d20000000000000000000000000000000000033
:109d300000000000e00ff01f101c001cc007c00f47
:109d4000001c001cf01ff0070000000000000000d5
:109d50000000000000000000000000000000000003
:109d60000000000000000000e007f01f101c001cb5
:109d7000000e8007c0017000f01ff01f00000000ff
:109d800000000000000000000000000000000000d3
:109d900000000000000000000000000000000000c3
:109da000000000000000fe7ffe7ffe7ffe7ffe7f42
:109db000fe7ffe7ffe7ffe7ffe7ffe7ffe7ffe7fbb
:109dc000fe7f000000000000000000000000000016
:109dd0000000000000000000000000000000000083
:109de0000000000000000000000000000000000073
:109df0000000000000000000000000000000000063
:109e00000000000000000000000000000000000052
:109e10000000000000000000000000000000000042
:109e20000000000000000000000000000000000032
:109e30000000000000000000000000000000000022
:109e40000000000000000000000000000000000012
:109e50000000000000000000000000000000000002
:109e600000000000000000000000000000000000f2
:109e700000000000000000000000000000000000e2
:109e800000000000000000003f00c0ff00f0c00321
:109e90003800071c000ecce10ccee11cc6e1180610
:109ea0000018060018260019668019cec01c8c7f89
:109eb0000c1c3f0e380007f0c003c0ff00003f003d
:109ec0000000000000000000000000000000000092
:109ed0000000000000000000000000000000000082
:109ee0000000000000000000000000000000000072
:109ef000000000003f00c0ff00f0ff03f8ff07fc78
:109f0000ff0f3c1e0f3e1e1f3e1e1ffeff1ffeffcb
:109f10001fdeff1e9e7f1e9e7f1f3c1e0f7c800f3c
:109f2000f8e107f0ff03c0ff00003f000000000061
:109f30000000000000000000000000000000000021
:109f400000000000000000000000f8c007fce10f66
:109f5000fef31ffeff1fffff3fffff3fffff3fff1f
:109f6000ff3fffff3fffff3fffff3ffeff1ffeffe3
:109f70001ffeff1ffcff0ffcff0ff8ff07f8ff0796
:109f8000f0ff03e0ff01e0ff01c0ff00807f000061
:109f90003f00001e00000c00000000000000000058
:109fa00000000000000000000000000000000000b1
:109fb000000000000000000400000c00000e000083
:109fc0001f00803f00807f00c0ff00e0ff00f0ff27
:109fd00001f8ff07fcff0ffeff1fffff3ffeff1f03
:109fe000fcff0ff8ff07f0ff03e0ff01e0ff00c0f8
:109ff0007f00803f00003f00001f00000e00000cab
:10a00000000004000000000000000000000000004c
:10a010000000000000000000000000000000000040
:10a020000000001e00807f00807f00c0ff00c0ff96
:10a0300000c0ff00c0ff00807f00807f0078bf0766
:10a04000feff1ffeff1fffff3fffff3fffff3fff22
:10a05000ff3ffef51ffeee0f78ce07000e00000e4c
:10a0600000000e00000e00001f00001f00001f0077
:10a0700000000000000000000000000000000000e0
:10a0800000000000000000000000000000000004cc
:10a0900000000c00000e00001f00803f00807f00c9
:10a0a000c0ff00e0ff01f0ff03f8ff07fcff0ffe19
:10a0b000ff1ffeff1fffff3fffff3fffff3fffffb1
:10a0c0003ffef51ffeee1f788e07000e00000e000b
:10a0d000000e00001f00001f00001f000000000015
:10a0e0000000000000000000000000000000000070
:10a0f0000000000000000000000000000000000060
:10a10000000000000000000000000000000000004f
:10a11000000000000000000000000000000000003f
:10a12000000000000000000000000000000000002f
:10a13000000000000000000000000000000000001f
:10a14000000000000000000000000000000000000f
:10a1500000000000000000000000000000000000ff
:10a1600000000000000000000000000000000000ef
:10a1700000000000000000000000000000000000df
:10a1800000000000000000000000000000000000cf
:10a1900000000000000000000000000000000000bf
:10a1a00000000000000000000000000000000000af
:10a1b000000000000000000000000000000000009f
:10a1c000000000000000000000000000000000008f
:10a1d000000000000000000000000000000000007f
:10a1e000000000000000000000000000000000006f
:10a1f000000000000000000000000000000000005f
:10a20000000000000000000000000000000000004e
:10a21000000000000000000000000000000000003e
:10a22000000000000000000000000000000000002e
:10a23000000000000000000000000000000000001e
:10a24000000000000000000000000000000000000e
:10a2500000000000000000000000000000000000fe
:10a2600000000000000000000000000000000000ee
:10a2700000000000000000000000000000000000de
:10a2800000000000000000000000000000000000ce
:10a2900000000000000000000000000000000000be
:10a2a0000000000000000000000000000c00c00fd3
:10a2b00000fc0f00f80f00981f00801f00c019005d
:10a2c000e03900e038c07f08f07f00f87f003cf004
:10a2d000001ee0010ec00107800307800307800312
:10a2e0000780030780030ec0011ee0013cf000f868
:10a2f0007f00f03f00c00f000000000000000000e1
:10a30000000000000000000000000000000000004d
:10a31000000000000000003f00c0ff00e0ff01f06f
:10a32000c0037880073800071c000e1c000e1c00bc
:10a330000e1c000e1c000e38000f788007f0c103c1
:10a34000e0ff03c0ff01007f00001c00001c00c0f4
:10a35000ff01c0ff01c0ff01001c00001c00001c29
:10a3600000001c00000000000000000000000000d1
:10a3700000000000000000000000000000000000dd
:10a3800000000000000000000000000000000000cd
:10a3900000000000000000000000000000000000bd
:10a3a00000000000000000000000000000000000ad
:10a3b000000000000000000000000000000000009d
:10a3c000000000000000000000000000000000008d
:10a3d000000000000000000000000000000000007d
:10a3e000000000000000000000000000000000006d
:10a3f0000800000e00c00f00f00f00fc0f00ff0c63
:10a40000803f0c800f0c80030c80010c80010c80bd
:10a41000010c80010c80010c80010c80010c80017a
:10a420000c80010c80010c80c10f80f10f80f907b6
:10a4300080f90780f90380f100f80100fe0100ffb8
:10a440000000ff00007f00001e0000000000000070
:10a4500000000000000000000000000000000000fc
:10a46000000000000000001c00001c00101c02780e
:10a470003f07f0ff03e0ff01e0e101f0c0037e8051
:10a480001f7e801f7e801f708003f0c003e0e1010b
:10a49000e0ff03f0ff03383f07101c02001c000020
:10a4a0001c00000000000000000000000000000090
:10a4b000000000000000000000000000000000009c
:10a4c000000000000000000000000000000000008c
:10a4d00000000000000200000e00003e0000fe0030
:10a4e00000fe0300fe0700fe1f00fe7f00feff01ce
:10a4f000feff07feff1ffeff07feff01fe7f00febf
:10a500001f00fe0700fe0300fe00003e00000e00dc
:10a510000002000000000000000000000000000039
:10a52000000000000000000000000000000000002b
:10a53000000000000000000000000000000000001b
:10a540000000001000001c00001f00c01f00f01fd2
:10a5500000f81f00fe1f80ff1fe0ff1ff8ff1ffe17
:10a56000ff1ff8ff1fe0ff1f80ff1f00fe1f00f806
:10a570001f00f01f00c01f00001f00001c00001083
:10a5800000000000000000000000000000000000cb
:10a5900000000000000000000000000000000008b3
:10a5a00000001c00003e00007f0080ff00c0dd01b5
:10a5b000401c01001c00001c00001c00001c0000ce
:10a5c0001c00001c00001c00001c00001c00001ce3
:10a5d00000001c00001c00001c00001c00001c00ef
:10a5e000001c00001c00401c01c0dd0180ff0000b9
:10a5f0007f00003e00001c0000080000000000007a
:10a6000000000000000000000000e0e000e0e000ca
:10a61000e0e000e0e000e0e000e0e000e0e000e09a
:10a62000e000e0e000e0e000e0e000e0e000e0e08a
:10a6300000e0e000e0e000e0e000e0e000e0e0005a
:10a64000e0e000000000000000000000e0e000e0aa
:10a65000e000e0e000e0e00000000000000000009a
:10a6600000000000000000000000000000000000ea
:10a67000000000000000e0ff03f8ff03f80703fc00
:10a680000703fc0703fc0703fc0703fc0703fc07a5
:10a6900003f80703f00703e007038007030006033e
:10a6a000000603000603000603000603000603007d
:10a6b0000603000603000603000603000603000667
:10a6c000030006030006030006030006030006035a
:10a6d0000006030000000000000000000000000071
:10a6e000000000ff00c0ff01e0ff01e081017000f9
:10a6f00000700000700000f00000e00300e00f00b8
:10a70000c03f00c07f00e0f80170e00170c003703e
:10a710008003f08003f08103e08301c0df0180ff4c
:10a720000000fe0000f80100e00100c0030080030b
:10a73000008003108003f0e001f0ff01f0ff0080d3
:10a740003f000000000000000000000000000000ca
:10a7500000000000000000000000000000000000f9
:10a76000000000000000000000feff1ffeff1ffeb3
:10a77000ff1ffeff1ffeff1ffeff1f000000000067
:10a7800000000000000000000000000000000000c9
:10a7900000000000000000000000000000000000b9
:10a7a00000000000000000000000000000000000a9
:10a7b00000000000000800001c00001c00007f00da
:10a7c00080ff00c0dd01401c01001c00001c0000d7
:10a7d0001c00001c00001c00001c00001c00001cd1
:10a7e00000001c00001c00001c00001c00001c00dd
:10a7f000001c00001c00001c00401c01c0dd01808a
:10a80000ff00007f00003e00001c00000800000068
:10a8100000000000c0ff01c0ff01c0ff01000000f8
:10a82000000000000000000800001c00003e0000c6
:10a830007f0080ff00c0dd01401c01001c00001ce7
:10a8400000001c00001c00001c00001c00001c007c
:10a85000001c00001c00001c00001c00001c00006c
:10a860001c00001c00001c00001c00001c00001c40
:10a8700000001c00001c00001c00001c00001c004c
:10a88000001c0000000000000000000000000000ac
:10a890000000001c00001c00001c00001c00001c2c
:10a8a00000001c00001c00001c00001c00001c001c
:10a8b000001c00001c00001c00001c00001c00000c
:10a8c0001c00001c00001c00001c00001c00001ce0
:10a8d00000001c00001c00001c00401c01c0dd0129
:10a8e00080ff00007f00003e00001c000008000008
:10a8f0000000000000000000000000000000000058
:10a900000000000000000000000000000000000047
:10a9100000000000000000000000000000600000d7
:10a92000c00000c001008003fcff07fcff0ffcff1c
:10a930000700800300c00100c000006000000000ac
:10a940000000000000000000000000000000000007
:10a9500000000000000000000000000000000000f7
:10a9600000000000000000000000000000000000e7
:10a9700000000000000000000000000000000000d7
:10a980000000000000000000800100c00000e000a6
:10a9900000700000f8ff0ffcff0ff8ff0f700000c1
:10a9a000e00000c000008001000000000000000086
:10a9b0000000000000000000000000000000000097
:10a9c0000000000000000000000000000000000087
:10a9d0000000000000000000000000000000000077
:10a9e00000000000000000000000001c00001c002f
:10a9f000001c00001c00001c00001c00001c0000cb
:10aa00001c00001c00001c00001c00001c00001c9e
:10aa100000001c00001c00001c0000fcff0ffcffdd
:10aa20000ffcff0f0000000000000000000000000d
:10aa30000000000000000000000000000000000016
:10aa40000000000000000000000000000000000006
:10aa500000000000000000000000000000000000f6
:10aa6000806100c0c000e0c001708003f8ff07fcf7
:10aa7000ff0ff8ff07708003e0c001c0c0008061d5
:10aa800000000000000000000000000000000000c6
:10aa900000000000000000000000000000000000b6
:10aaa00000000000000000000000000000000000a6
:10aab0000000000000000000000000000000040092
:10aac000000400000e00000e00001f00001f000028
:10aad0003f00803f00807f00c07f00c0ff00e0ff9c
:10aae00000e0ff01f0ff01f0ff03f8ff03f8ff07ac
:10aaf000f8ff07fcff0ffcff0ffeff1f0000000028
:10ab00000000000000000000000000000000000045
:10ab10000000000000000000000000000000000035
:10ab2000000000000000000000feff1ffcff0ffc03
:10ab3000ff0ff8ff07f8ff07f8ff03f0ff03f0ff30
:10ab400001e0ff01e0ff00c0ff00c07f00807f0048
:10ab5000803f00003f00001f00001f00000e0000ab
:10ab60000e000004000004000000000000000000cf
:10ab700000000000000000000000000000000000d5
:10ab800000000000000000000000000000000000c5
:10ab900000000000000000000000000000000000b5
:10aba00000000000000000000000000000000000a5
:10abb0000000000000000000000000000000000095
:10abc0000000000000000000000000000000000085
:10abd0000000000000000000000000000000000075
:10abe0000000000000000000000000000000000065
:10abf0000000000e00000e00000e00000e00000e0f
:10ac000000000e00000e00000e00000e00000e00fe
:10ac1000000e00000e00000e00000e00000e0000ee
:10ac20000e00000e00000e00000e000000000000ec
:10ac300000000000000e00000e00000e00000e00dc
:10ac40000000000000000000000000000000000004
:10ac50000000000000000000f0e001f0e001f0e082
:10ac600001f0e001f0e001f0e00160c00060c00030
:10ac700060c00060c0000000000000000000000094
:10ac800000000000000000000000000000000000c4
:10ac900000000000000000000000000000000000b4
:10aca00000000000000000000000000000000000a4
:10acb0000000000000000000000000000000000094
:10acc00000000000000000000000000e07000e075a
:10acd00000870300870300870300870380c301fc0c
:10ace000ff1ffcff1ffcff1fc0e100c0e100c0e12f
:10acf00000c0e100c0e100feff07feff07feff0706
:10ad0000e0700070380070380070380070380070e3
:10ad10003800381c00381c00000000000000000053
:10ad20000000000000000000000000000000000023
:10ad3000000c00000c00007f00c0ff01e0ff01e0fc
:10ad40008d01f00c00700c00700c00700c00f00c09
:10ad500000e00d00c00f00800f00001f00007e000b
:10ad600000fc0000fc0100cc0100cc03008c0300bf
:10ad70008c03008c0308cc0338ec01f8ff01f8ffca
:10ad800000c03f00000c00000c00000000000000ac
:10ad900000000000000000000000000000000000b3
:10ada0000000f80038fc011c8e030e070707070798
:10adb0000707870307c70107c70107e7008e73006e
:10adc000fc3900f83800001c00000e0000c7070026
:10add000e70f80731cc03938e03838e038387038f5
:10ade000383838383838381c701c0ee00f07c00768
:10adf0000000000000000000000000000000000053
:10ae00000000000000000000000000000000001f23
:10ae100000807f00c07f00e0f100e0e000e0e000a3
:10ae2000e0e000e07000c07900c03f00c00f00e02b
:10ae30000700f807383c07381e0e380e1e38073c4e
:10ae400018073c1c07781c07f00e0fe00f1ee007e8
:10ae50007ec007fcff0ff8ff0fc01f1e00000000a0
:10ae600000000000000000000000000000000000e2
:10ae700000000000000f00000f00000f00000f0096
:10ae8000000f00000f000006000006000006000092
:10ae900006000000000000000000000000000000ac
:10aea00000000000000000000000000000000000a2
:10aeb0000000000000000000000000000000000092
:10aec0000000000000000000000000000000000082
:10aed0000000000000000000000000000000000072
:10aee00000000600c00700f001007800003c0000f0
:10aef0001e00000e00000700000700800300800312
:10af000000800300c00100c00100c00100c00100ba
:10af1000c00100c00100c00100c00100c0010080ec
:10af20000300800300800300000700000700000efc
:10af300000001e00003c0000780000f00100c00787
:10af4000000006000000000000000000380000f8cb
:10af50000000e00300800700000f00001e00001c3e
:10af60000000380000380000700000700000700021
:10af700000e00000e00000e00000e00000e0000071
:10af8000e00000e00000e00000e000007000007061
:10af900000007000003800003800001c00001e0097
:10afa000000f00800700e00300f800001800000018
:10afb0000000000000000000000000000000000e83
:10afc00000000e00000e00000e00300e03f8c40753
:10afd000f8e107e0e101000000003300807f00c0dd
:10afe000f300e0e101e0c00180400000000000004b
:10aff0000000000000000000000000000000000051
:10b000000000000000000000000000000000000040
:10b010000000000000000000000000000000000030
:10b020000000000000000000000000000000000020
:10b030000000000000000000000000000000000010
:10b040001c00001c00001c00001c00001c00001c58
:10b0500000001c00001c00fcff1ffcff1ffcff1f6a
:10b06000001c00001c00001c00001c00001c000054
:10b070001c00001c00001c0000000000000000007c
:10b0800000000000000000000000000000000000c0
:10b0900000000000000000000000000000000000b0
:10b0a00000000000000000000000000000000000a0
:10b0b0000000000000000000000000000000000090
:10b0c0000000000000000000000000000000000080
:10b0d0000000000000001f00001f00001f00001ff4
:10b0e00000001f00001c00001c00000c00000e00ef
:10b0f0000007000003000000000000000000000046
:10b10000000000000000000000000000000000003f
:10b11000000000000000000000000000000000002f
:10b12000000000000000000000f0ff03f0ff03f04b
:10b13000ff0300000000000000000000000000000d
:10b1400000000000000000000000000000000000ff
:10b1500000000000000000000000000000000000ef
:10b1600000000000000000000000000000000000df
:10b1700000000000000000000000000000000000cf
:10b1800000000000000000000000000000000000bf
:10b1900000000000000000000000000000000000af
:10b1a00000000000000000000000000000001f0080
:10b1b000001f00001f00001f00001f000000000013
:10b1c000000000000000000000000000000000007f
:10b1d0000000000000001c00000e00000e00000730
:10b1e00000000700800300800300c00100c00100d0
:10b1f000e00000e00000700000700000380000383f
:10b2000000001c00001e00000e00000700000700e8
:10b21000800300800300c00100c00100e00000e0e6
:10b2200000007000007000003800003800001c00b2
:10b23000001c00000e0000000000000000000000e4
:10b24000000000000000001f00c07f00e0ff00f0d1
:10b25000e00170c0013880033880033880031c008f
:10b26000071c00071c00071c00071c00071c000728
:10b270001c00071c00071c00071c0007388003384f
:10b28000800338800370c001f0e001e0ff00c07f60
:10b2900000001f000000000000000000000000008f
:10b2a000000000000000000000000000000000009e
:10b2b0000000001800001f00e01f00f81f00781cad
:10b2c00000001c00001c00001c00001c00001c00f2
:10b2d000001c00001c00001c00001c00001c0000e2
:10b2e0001c00001c00001c00001c00001c00001cb6
:10b2f00000001c00001c00f8ff0ff8ff0ff8ff0f04
:10b30000000000000000000000000000000000003d
:10b310000000000000000000000000000000801f8e
:10b3200000f07f00f0ff0070f00010e00100c001ad
:10b3300000c00100c00100c00100c00100e0000029
:10b34000f000007000003800001c00000e00000734
:10b3500000800300c00100e00000e0000070000079
:10b36000780000f8ff01f8ff01f8ff01000000007d
:10b3700000000000000000000000000000000000cd
:10b3800000000000000000000000c01f00f07f006f
:10b39000f0ff0030f00100c00100c00100c001005a
:10b3a000c00100e000007800c03f00c03f00c07f47
:10b3b0000000f80000e00100c003008003008003eb
:10b3c00000800300800300c00300c00130f001f0e2
:10b3d000ff00f07f00e01f00000000000000000000
:10b3e000000000000000000000000000000000005d
:10b3f00000000000000000e00000f00000f8000085
:10b40000f80000fc0000ee0000ee0000e70080e322
:10b410000080e300c0e100e0e00070e00070e000c8
:10b4200038e0001ce000fcff07fcff07fcff070002
:10b43000e00000e00000e00000e00000e00000e0cc
:10b440000000e0000000000000000000000000001c
:10b4500000000000000000000000000000000000ec
:10b460000000e0ff00e0ff00e0ff00e00000e0007f
:10b4700000e00000e00000e00000e00000e000006c
:10b48000e00f00e03f00e07f0000f80000f0000067
:10b49000e00100c00100c00100c00100c00100e0e7
:10b4a0000100e00060f000e07f00e03f00c00f001e
:10b4b000000000000000000000000000000000008c
:10b4c000000000000000000000000000000000fc80
:10b4d0000000ff0380ff03c00303e00100e0000061
:10b4e000700000700000700000380000383e003826
:10b4f000ff00b8ff01f8e103788003788007780047
:10b5000007380007380007700007700007f0800355
:10b51000e0c103c0ff0180ff00003f000000000009
:10b52000000000000000000000000000000000001b
:10b5300000000000000000000000f0ff0ff0ff0f0f
:10b54000f0ff0f00000700000700800300800300e9
:10b55000c00100e00000e000007000007000003852
:10b5600000003c00001c00001e00000e00000f0048
:10b57000000700800700800300c00300c00300e054
:10b580000100e00100e001000000000000000000f8
:10b5900000000000000000000000000000000000ab
:10b5a000000000000000007f00c0ff00e0ff01e09d
:10b5b000e003708003708003708003f08003e0c0bc
:10b5c00001e0e300c07700803f00807f00e0fd00e5
:10b5d000e0f00170e0033880073880073800073852
:10b5e0000007380007788007f0c103e0ff01c0ffc3
:10b5f00000003f000000000000000000000000000c
:10b60000000000000000000000000000000000003a
:10b610000000003f00c07f00e0ff00f0e00170c0cc
:10b620000338800338800338000738000738800764
:10b6300078800770c007f0e107e07f07c03f078010
:10b640001f0700000700800300800300800300c084
:10b650000100e00130f000f07f00f03f00c00f007b
:10b6600000000000000000000000000000000000da
:10b6700000000000000000000000000000000000ca
:10b6800000000000000000000000000000000000ba
:10b69000000000001f00001f00001f00001f00002e
:10b6a0001f0000000000000000000000000000007b
:10b6b00000000000000000000000000000001f006b
:10b6c000001f00001f00001f00001f0000000000fe
:10b6d000000000000000000000000000000000006a
:10b6e000000000000000000000000000000000005a
:10b6f000000000000000000000000000000000004a
:10b700001f00001f00001f00001f00001f0000009e
:10b710000000000000000000000000000000000029
:10b72000000000000000000000001f00001f0000db
:10b730001f00001f00001f00001c00001c00000c68
:10b7400000000e00000700000300000000000000e1
:10b7500000000000000000000000000000000000e9
:10b7600000000000000000000000000000080000d1
:10b770000e00800f00e00700f801007c00001f00b1
:10b78000c00700f00300fc0000f00100c00700004b
:10b790001f00007c0000f80100e00700800f00009f
:10b7a0000e00000800000000000000000000000083
:10b7b0000000000000000000000000000000000089
:10b7c0000000000000000000000000000000000079
:10b7d0000000000000000000000000000000000069
:10b7e000000000fcff0ffcff0ffcff0f000000003b
:10b7f0000000000000000000fcff0ffcff0ffcff3a
:10b800000f00000000000000000000000000000029
:10b810000000000000000000000000000000000028
:10b820000000000000000000000000000000000018
:10b830000000000000000000000000000000000008
:10b840000000000400001c00007c0000f80100e083
:10b850000700800f00003e0000f80000f00300c069
:10b860000f00e00300f800003e00800f00e007003a
:10b87000f801007c00001c00000400000000000033
:10b8800000000000000000000000000000000000b8
:10b8900000000000000000000000e03f00f8ff0191
:10b8a000f8ff0338c007388007380007000007009a
:10b8b000000700800300c00100e0000070000038b5
:10b8c00000001c00000e000006000007000007003a
:10b8d000000700000000000000000000000700005a
:10b8e0000700000700000700000000000000000043
:10b8f0000000000000000000000000000000000048
:10b9000000000000000000fe0080ff03c08307e08d
:10b91000000770000e38f00f38f80f1c1c0e1c0ebc
:10b920000e1e0e0e0e060e0e070e0e070f0e070f42
:10b930000e870f0e870f0ec70e0eef0e1c7e0e1c0d
:10b940007e3e383c3e380000700000e08101c0ffc0
:10b9500001007f0000000000000000000000000067
:10b9600000000000000000000000000000000000d7
:10b970000000000000000000000000001e00001f8a
:10b9800000003f00003f00803b00807b00c0710052
:10b99000c0f100c0e100e0e000e0e00170c0017033
:10b9a000c003708003f8ff03f8ff07f8ff071c00cf
:10b9b0000f1c000e1e001e0e001c0e001c0700387f
:10b9c0000000000000000000000000000000000077
:10b9d0000000000000000000000000000000000067
:10b9e00000000000000000f83f00f8ff00f8ff0131
:10b9f00038e00338800338800338800338c00138ca
:10ba0000f001f87f00f81f00f8ff0038f00138c09f
:10ba10000338800738000738000738000738000768
:10ba200038c003f8ff03f8ff01f87f0000000000b2
:10ba30000000000000000000000000000000000006
:10ba400000000000000000000000000000000000f6
:10ba500000000000fc0700ff1fc0ff1fe0071cf0f4
:10ba600001007000007800003800001c00001c007d
:10ba7000001c00001c00001c00001c00003c00001a
:10ba8000380000780000f80000f00100e0071cc05a
:10ba9000ff1f00ff1f00fc0300000000000000006b
:10baa0000000000000000000000000000000000096
:10bab000000000000000000000000000000000fc8a
:10bac0000f00fc7f00fcff001cf0011cc0031c8069
:10bad000031c80031c80071c00071c00071c0007b8
:10bae0001c00071c00071c00071c00071c80031c0f
:10baf00080031cc0031ce0011cf801fcff00fc3f9c
:10bb000000fc0f000000000000000000000000002a
:10bb10000000000000000000000000000000000025
:10bb20000000000000000000000000f0ff07f0ff30
:10bb300007f0ff0770000070000070000070000048
:10bb4000700000700000700000f0ff01f0ff01f0d5
:10bb5000ff017000007000007000007000007000b5
:10bb600000700000700000f0ff0ff0ff0ff0ff0ffb
:10bb700000000000000000000000000000000000c5
:10bb800000000000000000000000000000000000b5
:10bb900000000000000000f0ff0ff0ff0ff0ff0fab
:10bba00070000070000070000070000070000070f5
:10bbb0000000700000f0ff03f0ff03f0ff037000cf
:10bbc0000070000070000070000070000070000045
:10bbd00070000070000070000070000000000000a5
:10bbe0000000000000000000000000000000000055
:10bbf0000000000000000000000000000000000045
:10bc000000000000fe0380ff0fe0ff0ff0030ef8be
:10bc100000003800003c00001c00000e00000e0078
:10bc2000000e00000ef00f0ef00f0ef00f1e000eb3
:10bc30001c000e3c000e7c000ef8000ef0070ee01b
:10bc4000ff0f80ff0f00fe03000000000000000057
:10bc500000000000000000000000000000000000e4
:10bc6000000000000000000000000000000000389c
:10bc70000007380007380007380007380007380089
:10bc800007380007380007380007380007f8ff07b3
:10bc9000f8ff07f8ff0738000738000738000738b3
:10bca0000007380007380007380007380007380059
:10bcb000073800070000000000000000000000003e
:10bcc0000000000000000000000000000000000074
:10bcd0000000000000000000000000f8ff03f8ff73
:10bce00003f8ff03000e00000e00000e00000e001f
:10bcf000000e00000e00000e00000e00000e0000fe
:10bd00000e00000e00000e00000e00000e00000edf
:10bd100000000e00000e00f8ff03f8ff03f8ff0319
:10bd20000000000000000000000000000000000013
:10bd30000000000000000000000000000000000003
:10bd400000000000000000e0ff00e0ff00e0ff0056
:10bd500000e00000e00000e00000e00000e0000083
:10bd6000e00000e00000e00000e00000e00000e093
:10bd70000000e00000e00000e00000e000007000d3
:10bd8000087800f83f00f81f00f0070000000000ee
:10bd900000000000000000000000000000000000a3
:10bda0000000000000000000000000000000000093
:10bdb00000000038800738c00338e00138f0003850
:10bdc0007800383800383c00381e00380f00b807bb
:10bdd00000b80300f80700b80700380f00381e004d
:10bde000383c0038780038f00038e00138c00338bb
:10bdf000800738000f38001f00000000000000001e
:10be00000000000000000000000000000000000032
:10be100000000000000000000000000000000070b2
:10be200000007000007000007000007000007000e2
:10be300000700000700000700000700000700000d2
:10be40007000007000007000007000007000007052
:10be50000000700000700000700000f0ff0ff0ffa5
:10be60000ff0ff0f000000000000000000000000c5
:10be700000000000000000000000000000000000c2
:10be800000000000000000000000007c001f7c009b
:10be90001ffc001ffc801ffc801fdc811ddcc11dfe
:10bea000dcc11d9cc31c9ce31c9c631c1c671c1cec
:10beb000771c1c371c1c3e1c1c3e1c1c1c1c1c1c08
:10bec0001c1c001c1c001c1c001c1c001c1c001c3e
:10bed0000000000000000000000000000000000062
:10bee0000000000000000000000000000000000052
:10bef0000000000000000078000e78000ef8000e30
:10bf0000f8010ef8010ef8030eb8030e38070e38cc
:10bf10000f0e380e0e381e0e381c0e383c0e3838f8
:10bf20000e38700e38f00e38e00e38e00f38c00fc3
:10bf300038800f38800f38000f38000f00000000e5
:10bf400000000000000000000000000000000000f1
:10bf500000000000000000000000000000000000e1
:10bf6000000000803f00e0ff00f0ff01f8e0033830
:10bf700080031c00071c00071e000f0e000e0e00a1
:10bf80000e0e000e0e000e0e000e0e000e0e000e17
:10bf90001e000f1c00071c0007388003f8e003f0a8
:10bfa000ff01e0ff00803f000000000000000000f3
:10bfb0000000000000000000000000000000000081
:10bfc000000000000000000000000000000000f081
:10bfd000ff00f0ff03f0ff0770800770000f700094
:10bfe0000e70000e70000e70000e70000770c0071b
:10bff000f0ff03f0ff00f03f0070000070000070e1
:10c000000000700000700000700000700000700000
:10c0100000700000000000000000000000000000b0
:10c020000000000000000000000000000000000010
:10c030000000000000000000000000803f00e0ff62
:10c0400000f0ff01f8e0033880031c00071c000724
:10c050001e000f0e000e0e000e0e000e0e000e0e35
:10c06000000e0e000e0e000e1e00071c00071c0026
:10c0700007388003f8e003f0ff01c07f00807f00f5
:10c0800000e00100c00f00803f00001e000008001b
:10c0900000000000000000000000000000000000a0
:10c0a00000000000000000f81f00f87f00f8ff000b
:10c0b00038f00138c00138c00138c00138c001383b
:10c0c000e00138e00038f800f87f00f81f00f81fa2
:10c0d00000383c00383c0038780038f00038e00187
:10c0e00038c00338800338800738000f0000000094
:10c0f0000000000000000000000000000000000040
:10c10000000000000000000000000000000000002f
:10c11000000000807f00e0ff03f0ff03f0800338a1
:10c120000000380000380000780000f80000f00738
:10c1300000e03f0080ff0000fc0100f003008007ea
:10c1400000000700000700000708800778c003f818
:10c15000ff01f8ff00c03f000000000000000000e9
:10c1600000000000000000000000000000000000cf
:10c17000000000000000000000000000000000ffc0
:10c18000ff1fffff1fffff1f000e00000e00000e2d
:10c1900000000e00000e00000e00000e00000e0059
:10c1a000000e00000e00000e00000e00000e000049
:10c1b0000e00000e00000e00000e00000e00000e2b
:10c1c00000000e0000000000000000000000000061
:10c1d000000000000000000000000000000000005f
:10c1e00000000000000000000000003800073800d8
:10c1f00007380007380007380007380007380007fd
:10c2000038000738000738000738000738000738bb
:10c210000007380007380007380007380007788023
:10c2200007708003f0e003e0ff01c0ff00003f0063
:10c2300000000000000000000000000000000000fe
:10c2400000000000000000000000000000000000ee
:10c25000000000000000000f00380e001c0e001c43
:10c260001e000e1c000e3c000f3800073800077837
:10c270008003708003f0c001f0c001e0e001e0e164
:10c2800000c0f100c07300c07300803b00803f001d
:10c29000003f00001f00001f00000e000000000013
:10c2a000000000000000000000000000000000008e
:10c2b000000000000000000000000000000000007e
:10c2c0000000000700380700380700380e00180e7d
:10c2d00000180e1e1c0e1e1c0e1e1c0e3e1c0e3fb9
:10c2e0000c1c3f0c1c3b0c1c730e1c730e9c730e21
:10c2f0009c7306b8e106b8e106b8e106f8e107f874
:10c30000c007f8c003f8c0030000000000000000f0
:10c31000000000000000000000000000000000001d
:10c320000000000000000000000000000000001eef
:10c33000003c3c001e78000f708007f0c003e0c195
:10c3400001c0e30180f300807f00003f00001e0079
:10c35000001e00003f00807f0080f300c0e100e08d
:10c36000e101f0c0037080073800071c000f1e00b9
:10c370001e0f003c00000000000000000000000054
:10c3800000000000000000000000000000000000ad
:10c3900000000000000000000000001e003c3c0007
:10c3a0001c78000e78000ff00007e08003e0c10366
:10c3b000c0c30180e30080f700007f00003e000062
:10c3c0003e00001c00001c00001c00001c00001ca3
:10c3d00000001c00001c00001c00001c00001c00d1
:10c3e000000000000000000000000000000000004d
:10c3f000000000000000000000000000000000003d
:10c4000000000000000000f8ff0ff8ff0ff8ff0f1a
:10c4100000000f00800700c00300e00100f00000f2
:10c420007000007800003c00001e00000f00800734
:10c4300000800300c00300e00100f000007800006d
:10c440003c0000fcff0ffcff0ffcff0f0000000092
:10c4500000000000000000000000000000000000dc
:10c460000000000000ff0700ff0700ff07000700b3
:10c470000007000007000007000007000007000099
:10c480000700000700000700000700000700000782
:10c490000000070000070000070000070000070079
:10c4a0000007000007000007000007000007000069
:10c4b000070000070000070000070000070000ff5a
:10c4c0000700ff0700ff0700000000000000000059
:10c4d0000e00001c00001c00003800003800007036
:10c4e0000000700000e00000e00000c00100c0019a
:10c4f00000800300800300000700000700000e001a
:10c50000001e00001c000038000038000070000011
:10c51000700000e00000e00000c00100c0010080e9
:10c520000300800300000700000700000e00000e5b
:10c5300000001c000000000000000000f83f00f8b0
:10c540003f00f83f00003800003800003800003895
:10c5500000003800003800003800003800003800c3
:10c5600000380000380000380000380000380000b3
:10c57000380000380000380000380000380000386b
:10c580000000380000380000380000380000380093
:10c59000003800003800f83f00f83f00f83f000086
:10c5a0000000000000000000000000000000000487
:10c5b00000000400000e00000e00001e00001f001e
:10c5c000001f00803b00803b00807100c07100c0f4
:10c5d000e100e0e000e0c00160c001708003708015
:10c5e000033880033800073800071c000e000000e5
:10c5f000000000000000000000000000000000003b
:10c60000000000000000000000000000000000002a
:10c61000000000000000000000000000000000001a
:10c62000000000000000000000000000000000000a
:10c6300000000000000000000000000000000000fa
:10c6400000000000000000000000000000000000ea
:10c6500000000000000000000000000000000000da
:10c660000000000000000000ffff3fffff3fffff52
:10c670003f0000000000000000000000000000007b
:10c68000000f00001e00003c0000700000000000d1
:10c69000000000000000000000000000000000009a
:10c6a000000000000000000000000000000000008a
:10c6b000000000000000000000000000000000007a
:10c6c000000000000000000000000000000000006a
:10c6d000000000000000000000000000000000005a
:10c6e000000000000000000000000000000000004a
:10c6f000000000000000000000000000000000003a
:10c7000000000000000000803f00f0ff00f0ff008c
:10c7100070e00100c00100c00100c00100c0018044
:10c72000ff01e0ff01f0c00138c0011cc0011cc0c6
:10c73000011ce0013cf801f8bf0ff09f0fe0070f6c
:10c7400000000000000000000000000000000000e9
:10c750000000000000000000380000380000380031
:10c7600000380000380000380000380000380000b1
:10c77000380000387c0038ff00b8ff01f8c103f82a
:10c780008003788007380007380007380007380032
:10c790000738000738000738000738800378c003df
:10c7a000f8e101f8ff01b8ff00183e0000000000aa
:10c7b0000000000000000000000000000000000079
:10c7c0000000000000000000000000000000000069
:10c7d0000000000000000000000000000000000059
:10c7e000fc0380ff0fc0ff0fe0030ef0000070009d
:10c7f00000780000380000380000380000380000e1
:10c80000380000780000700000f00000e0030cc069
:10c81000ff0f80ff0f00fc0300000000000000007d
:10c820000000000000000000000000000000000008
:10c830000080030080030080030080030080030069
:10c840008003008003008003008003808f03e0bf2b
:10c8500003f0ff03f0f00378c0033880031c80036b
:10c860001c80031c80031c80031c80031c80031c91
:10c8700080033cc00338e00378f003f0bf03e09f7f
:10c8800003c087030000000000000000000000005b
:10c890000000000000000000000000000000000098
:10c8a0000000000000000000000000000000000088
:10c8b00000000000000000003f00c0ff00e0ff009b
:10c8c000f0e00138c0013880031c8003fcff03fc4a
:10c8d000ff03fcff031c00001c00003c00003800ac
:10c8e00000780000f08103f0ff03c0ff03007f0029
:10c8f0000000000000000000000000000000000038
:10c90000000000000000000000f01f00fc3f00fedf
:10c910003f001e20000f0000070000070000070076
:10c92000000700f8ff1ff8ff1ff8ff1f00070000b7
:10c9300007000007000007000007000007000007cd
:10c9400000000700000700000700000700000700c4
:10c9500000070000070000070000070000000000bb
:10c9600000000000000000000000000000000000c7
:10c9700000000000000000000000000000000000b7
:10c980000000000000000000000000000000008027
:10c990008f03e0bf03f0ff03f0f00378c00338809b
:10c9a000031c80031c80031c80031c80031c800369
:10c9b0001c80031c80033cc00338e00378f003f0c4
:10c9c000bf03e09f03c0870300800300800300c013
:10c9d0000170e001f0ff00f07f00c01f00000000c8
:10c9e00038000038000038000038000038000038f7
:10c9f0000000380000380000380000387c0038ffa4
:10ca000001b8ff01f8c303f880037880033880037e
:10ca10003880033880033880033880033880033837
:10ca200080033880033880033880033880033880df
:10ca30000338800300000000000000000000000038
:10ca400000000000000000000000000000000000e6
:10ca50001e00001e00001e00001e0000000000005e
:10ca600000000000000000f81f00f81f00f81f0081
:10ca7000001c00001c00001c00001c00001c00002a
:10ca80001c00001c00001c00001c00001c00001cfe
:10ca900000001c00001c00001c00001c00001c000a
:10caa0000000000000000000000000000000000086
:10cab0000000000000000000000000007800007886
:10cac0000000780000780000000000000000000076
:10cad000000000f07f00f07f00f07f000070000099
:10cae00070000070000070000070000070000070a6
:10caf0000000700000700000700000700000700006
:10cb000000700000700000700000700000700000f5
:10cb10007000007800183800f83f00f81f00e007a8
:10cb20000000000070000070000070000070000045
:10cb30007000007000007000007000007000007055
:10cb4000800f70c00770e00370f00170f800707c17
:10cb500000703e00701e00700f00f00700700f00a4
:10cb6000701e00703c0070780070f00070e0017082
:10cb7000c00370800770000f00000000000000007c
:10cb800000000000000000000000000000000000a5
:10cb9000f81f00f81f00f81f00001c00001c000018
:10cba0001c00001c00001c00001c00001c00001cdd
:10cbb00000001c00001c00001c00001c00001c00e9
:10cbc000001c00001c00001c00001c00001c0000d9
:10cbd0001c00001c00001c00001c00001c00001cad
:10cbe00000001c0000000000000000000000000029
:10cbf0000000000000000000000000000000000035
:10cc00000000000000000000000000000000000024
:10cc1000000000000000001c87079ccf07dccf0f3e
:10cc2000fc7c0e7c3c0e3c3c0e1c1c0e1c1c0e1c8a
:10cc30001c0e1c1c0e1c1c0e1c1c0e1c1c0e1c1c7a
:10cc40000e1c1c0e1c1c0e1c1c0e1c1c0e1c1c0e78
:10cc500000000000000000000000000000000000d4
:10cc600000000000000000000000000000000000c4
:10cc700000000000000000000000000000000000b4
:10cc8000000000387c0038ff01b8ff01f8c303f84a
:10cc9000800378800338800338800338800338802d
:10cca00003388003388003388003388003388003da
:10ccb0003880033880033880033880030000000088
:10ccc0000000000000000000000000000000000064
:10ccd0000000000000000000000000000000000054
:10cce00000000000000000000000000000000080c4
:10ccf0003f00e0ff00f0ff01f0e00178c003388062
:10cd0000031c00071c00071c00071c00071c000771
:10cd10001c00071c000738800378c003f0e001f016
:10cd2000ff01e0ff00803f00000000000000000065
:10cd300000000000000000000000000000000000f3
:10cd400000000000000000000000000000000000e3
:10cd50000000000000000000000000387c0038ffe8
:10cd600000b8ff01f8c103f8800378800738000796
:10cd70003800073800073800073800073800073840
:10cd8000000738800378c003f8e101f8ff01b8ff1d
:10cd900000383e003800003800003800003800003d
:10cda00038000038000038000000000000000000db
:10cdb0000000000000000000000000000000000073
:10cdc00000000000000000809f03e0bf03f0ff03ad
:10cdd000f0f00378c0033880031c80031c80031c20
:10cde00080031c80031c80031c80031c80033cc048
:10cdf0000338e00378f003f0bf03e09f03c087032c
:10ce00000080030080030080030080030080030093
:10ce1000800300800300000000000000000000000c
:10ce20000000000000000000000000000000000002
:10ce3000000000e0f007e0fc07e0fe07e00f07e07d
:10ce40000307e00107e00000e00000e00000e00070
:10ce500000e00000e00000e00000e00000e0000072
:10ce6000e00000e00000e00000e000000000000042
:10ce700000000000000000000000000000000000b2
:10ce800000000000000000000000000000000000a2
:10ce90000000000000000000000000000000000092
:10cea0007f00c0ff01e0ff01f08001700000700012
:10ceb00000f00000e00700c03f0080ff0000fc0120
:10cec00000e00300800300800310800370e003f0a3
:10ced000ff01f0ff00803f000000000000000000a4
:10cee0000000000000000000000000000000000042
:10cef00000000000000000000000000000000080b2
:10cf00000300800300800300800300fcff07fcff98
:10cf100007fcff07800300800300800300800300fc
:10cf200080030080030080030080030080030080f2
:10cf30000300800300800300800f0000ff0700ff54
:10cf40000700fc07000000000000000000000000d7
:10cf500000000000000000000000000000000000d1
:10cf600000000000000000000000000000000000c1
:10cf70000000000000000038800338800338800380
:10cf800038800338800338800338800338800338c2
:10cf9000800338800338800338800338800338c02a
:10cfa0000338e00378f803f0bf03f09f03c0870362
:10cfb0000000000000000000000000000000000071
:10cfc0000000000000000000000000000000000061
:10cfd0000000000000000000000000000000000051
:10cfe0000000000e001e1c000e1c000e3c00073846
:10cff000000778800370800370c001e0c001e0e0aa
:10d0000001e0e100c0f100c07300807300803b00cc
:10d01000003f00001f00001f00000e000000000085
:10d020000000000000000000000000000000000000
:10d0300000000000000000000000000000000000f0
:10d0400000000000000000000000000000000007d9
:10d0500000380f00380f1e180e1e180e3e1c0e3e14
:10d060001c0e3f1c1e330c1c730c9c730e9c730e09
:10d070009c610ebce106f8e106f8e006f8c007f88e
:10d08000c007f8c00370c0030000000000000000eb
:10d090000000000000000000000000000000000090
:10d0a0000000000000000000000000000000000080
:10d0b00000000000000000000000003c000f7800ad
:10d0c00007f08003e0c103c0c101c0e30080f700a6
:10d0d000007f00003e00003e00003f00007f008017
:10d0e000f300c0e301e0c101e0c0037080077800f5
:10d0f0000f3c001e000000000000000000000000c7
:10d10000000000000000000000000000000000001f
:10d11000000000000000000000000000000000000f
:10d12000000000000000001e001c1c000e1c000e71
:10d13000380007380007708003708003f08003e038
:10d14000c001e0c101c0e100c0e300807300807352
:10d1500000003f00003f00001e00001e00000e0007
:10d16000000e00000700800700c00300fc0300fc65
:10d1700001007c0000000000000000000000000032
:10d18000000000000000000000000000000000009f
:10d19000000000fcff07fcff07fcff0700c00700c2
:10d1a000e00300f00100f800007c00003e00001fda
:10d1b00000800f00c00700e00300f00100f800004d
:10d1c0007c0000fcff07fcff07fcff0700000000dd
:10d1d000000000000000000000000000000000004f
:10d1e0000000000000f00300fc0300fc03001e0030
:10d1f000000e00000e00000e00000e00000e0000e9
:10d200001c00001c00001c00001c00001c00000f83
:10d2100000f00700f00100f00700000f00001c0004
:10d22000001c00001c00001c00001c00000e000080
:10d230000e00000e00000e00000e00001e0000fc9c
:10d240000300f80300f003000000000000000000ed
:10d25000001c00001c00001c00001c00001c000042
:10d260001c00001c00001c00001c00001c00001c16
:10d2700000001c00001c00001c00001c00001c0022
:10d28000001c00001c00001c00001c00001c000012
:10d290001c00001c00001c00001c00001c00001ce6
:10d2a00000001c00001c00001c00001c00001c00f2
:10d2b000001c00000000000000000000f00300f06f
:10d2c0000700f00f00001e00001c00001c00001ce6
:10d2d00000001c00001c00000e00000e00000e00ec
:10d2e000000e00000e00003c0000f80300e0030008
:10d2f000f803003c00000e00000e00000e00000ebf
:10d3000000000e00001c00001c00001c00001c009f
:10d31000001c00001e00f00f00f00f00f0030000e2
:10d3200000000000000000000000000000000000fd
:10d3300000000000000000000000000000000000ed
:10d3400000000000000000000000000000000000dd
:10d350000000f00000f80318fc07180c1f1c0e3e1c
:10d360000c06f80f06f00700c003000000000000e4
:10d3700000000000000000000000000000000000ad
:10d38000000000000000000000000000000000009d
:10d39000000000000000000000000000000000008d
:10d3a000000000f0ff01f0ff01300001300001300b
:10d3b0000001300001300001300001300001300078
:10d3c0000130000130000130000130000130000167
:10d3d0003000013000013000013000013000013028
:10d3e0000001300001f0ff0100000000000000001b
:10d3f000000000000000000000000000000000002d
:10d40000000000000000000000000000000000001c
:10d41000fc0700ff1fc0ff1fe0071cf001007000a9
:10d42000007800003800001c00001c00001c0000f8
:10d430001c00001c00001c00003c000038000078ac
:10d440000000f80000f00100e0071cc0ff1f00ff13
:10d450001f00fc0300300000100000780000e00016
:10d4600000c00100c00100fc00007c0000000000c2
:10d470000000c0e100c0e100c0e1000000000000c9
:10d48000000000000000003880033880033880036b
:10d4900038800338800338800338800338800338ad
:10d4a000800338800338800338800338800338c015
:10d4b0000338e00378f803f0bf03f09f03c087034d
:10d4c000000000000000000000000000000000005c
:10d4d000000000000000000000e00100f000007803
:10d4e00000003800001c00000e00000000000000da
:10d4f000000000003f00c0ff00e0ff00f0e0013846
:10d50000c0013880031c8003fcff03fcff03fcff09
:10d51000031c00001c00003c0000380000780000e4
:10d52000f08103f0ff03c0ff03007f000000000054
:10d5300000000000000000000000000000000000eb
:10d5400000000000001e00003f00807f008073008c
:10d55000c0e100e0c0010000000000000000008009
:10d560003f00f0ff00f0ff0070e00100c00100c0cc
:10d570000100c00100c00180ff01e0ff01f0c00117
:10d5800038c0011cc0011cc0011ce0013cf801f8be
:10d59000bf0ff09f0fe0070f000000000000000029
:10d5a000000000000000000000000000000000007b
:10d5b00000000000000080c30180c30180c301009f
:10d5c0000000000000000000000000803f00f0ffad
:10d5d00000f0ff0070e00100c00100c00100c001c8
:10d5e00000c00180ff01e0ff01f0c00138c0011c54
:10d5f000c0011cc0011ce0013cf801f8bf0ff09f06
:10d600000fe0070f00000000000000000000000015
:10d61000000000000000000000000000e00100c069
:10d620000300800700000700000e00001c0000003f
:10d6300000000000000000803f00f0ff00f0ff004d
:10d6400070e00100c00100c00100c00100c0018005
:10d65000ff01e0ff01f0c00138c0011cc0011cc087
:10d66000011ce0013cf801f8bf0ff09f0fe0070f2d
:10d6700000000000000000000000000000000000aa
:10d680000000000000000000001e00003300002128
:10d6900000002100003300001e0000000000000018
:10d6a000000000803f00f0ff00f0ff0070e001008c
:10d6b000c00100c00100c00100c00180ff01e0ff07
:10d6c00001f0c00138c0011cc0011cc0011ce001f8
:10d6d0003cf801f8bf0ff09f0fe0070f00000000bb
:10d6e000000000000000000000000000000000003a
:10d6f000000000000000000000000000000000002a
:10d700000000000000000000000000000000000019
:10d71000fc0380ff0fc0ff0fe0030ef0000070005d
:10d7200000780000380000380000380000380000a1
:10d73000380000780000700000f00000e0030cc02a
:10d74000ff0f80ff0f00fc03000c00000400001e10
:10d7500000003800007000007000003f00001f0053
:10d76000003c00007e0000ff0000e70080c301c015
:10d770008103000000000000000000003f00c0ff27
:10d7800000e0ff00f0e00138c0013880031c800396
:10d79000fcff03fcff03fcff031c00001c00003c1b
:10d7a0000000380000780000f08103f0ff03c0ffa4
:10d7b00003007f00000000000000000000000000e7
:10d7c0000000000000000000000000000000000059
:10d7d000000080c30180c30180c30100000000007d
:10d7e00000000000000000003f00c0ff00e0ff005c
:10d7f000f0e00138c0013880031c8003fcff03fc0b
:10d80000ff03fcff031c00001c00003c000038006c
:10d8100000780000f08103f0ff03c0ff03007f00e9
:10d8200000000000000000000000000000000000f8
:10d830000000000000000000e00100c003008007bd
:10d8400000000700000e00001c00000000000000a7
:10d85000000000003f00c0ff00e0ff00f0e00138e2
:10d86000c0013880031c8003fcff03fcff03fcffa6
:10d87000031c00001c00003c000038000078000081
:10d88000f08103f0ff03c0ff03007f0000000000f1
:10d890000000000000000000000000000000000088
:10d8a0000000000000000000000080c30180c301f0
:10d8b00080c301000000000000000000000000f82c
:10d8c0001f00f81f00f81f00001c00001c00001cb7
:10d8d00000001c00001c00001c00001c00001c00bc
:10d8e000001c00001c00001c00001c00001c0000ac
:10d8f0001c00001c00001c000000000000000000d4
:10d900000000000000000000000000000000000017
:10d91000003c00007e0000ff0000e70080c301c063
:10d920008103000000000000000000f81f00f81f45
:10d9300000f81f00001c00001c00001c00001c0060
:10d94000001c00001c00001c00001c00001c00004b
:10d950001c00001c00001c00001c00001c00001c1f
:10d9600000001c000000000000000000000000009b
:10d97000000000000000000000000000e00100c006
:10d980000300800700000700000e00001c000000dc
:10d9900000000000000000f81f00f81f00f81f0042
:10d9a000001c00001c00001c00001c00001c0000eb
:10d9b0001c00001c00001c00001c00001c00001cbf
:10d9c00000001c00001c00001c00001c00001c00cb
:10d9d0000000000000000000000000000000000047
:10d9e0000000000000000000e0c001e0c001e0c055
:10d9f00001000000000000001e00001f00003f00aa
:10da0000003f00803b00807b00c07100c0f100c07f
:10da1000e100e0e000e0e00170c00170c003708050
:10da200003f8ff03f8ff07f8ff071c000f1c000ea8
:10da30001e001e0e001c0e001c0700380000000017
:10da400000000000000000000000000000000000d6
:10da500000000000000e0000110000110000110085
:10da6000000e00000e00001f00001f00003f00809d
:10da70003b00803b00c07900c07100c0f000e0e0d6
:10da800000e0e00170c00170c001708003f8ff0386
:10da9000f8ff07f8ff071c000f1c000e0e000e0e0b
:10daa000001c0e001c0700380000000000000000f1
:10dab0000000000000000000000000000000000066
:10dac00000e00100f000007800001c00000000f001
:10dad000ff07f0ff07f0ff07700000700000700004
:10dae00000700000700000700000700000f0ff0186
:10daf000f0ff01f0ff017000007000007000007086
:10db00000000700000700000700000f0ff0ff0ffd8
:10db10000ff0ff0f000000000000000000000000f8
:10db200000000000000000000000000000000000f5
:10db300000000000000000000000000000000000e5
:10db400000000000000000f8e101fcf707fcff0ff7
:10db5000043f0e001e0c000e1c000e1c000e1ce0ec
:10db6000ff1ff8ff1f3cfe1f1c0e000e0e000e0ec6
:10db7000000e1e001e3f18fcff1ffcf91ff0e007ff
:10db80000000000000000000000000000000000095
:10db90000000000000000000000000000000000085
:10dba0000000000000000000fc0f00fe0f00fe0f50
:10dbb000003f00003f00003b00803b00803b00c076
:10dbc0003900c03900e0f807e0f80760f80770385e
:10dbd00000303800f83f00f83f00fc3f001c3800e0
:10dbe0000c38000ef81f0ef81f07f81f0000000089
:10dbf0000000000000000000000000000000000025
:10dc000000000000001e00003f00807f00807300c5
:10dc1000c0e100e0c0010000000000000000008042
:10dc20003f00e0ff00f0ff01f0e00178c003388022
:10dc3000031c00071c00071c00071c00071c000732
:10dc40001c00071c000738800378c003f0e001f0d7
:10dc5000ff01e0ff00803f00000000000000000026
:10dc600000000000000000000000000000000000b4
:10dc7000000000000000c0e100c0e100c0e10000c1
:10dc80000000000000000000000000803f00e0fff6
:10dc900000f0ff01f0e00178c0033880031c0007aa
:10dca0001c00071c00071c00071c00071c00071ca9
:10dcb000000738800378c003f0e001f0ff01e0ffc7
:10dcc00000803f0000000000000000000000000095
:10dcd000000000000000000000000000f00000e074
:10dce0000100c00300800300000700000e000000d8
:10dcf00000000000000000803f00e0ff00f0ff0196
:10dd0000f0e00178c0033880031c00071c00071cea
:10dd100000071c00071c00071c00071c00073880b8
:10dd20000378c003f0e001f0ff01e0ff00803f0056
:10dd300000000000000000000000000000000000e3
:10dd40000000000000000000001e00003f00807f77
:10dd500000807300c0e100e0c0010000000000008e
:10dd6000000000388003388003388003388003388f
:10dd7000800338800338800338800338800338807c
:10dd80000338800338800338800338c00338e00349
:10dd900078f803f0bf03f09f03c087030000000082
:10dda0000000000000000000000000000000000073
:10ddb00000000000f00000e00100c003008003004c
:10ddc000000700000e000000000000000000003806
:10ddd000800338800338800338800338800338801c
:10dde0000338800338800338800338800338800389
:10ddf00038800338800338c00338e00378f803f034
:10de0000bf03f09f03c08703000000000000000074
:10de10000000000000000000000000000000000002
:10de200000000000000080c30180c30180c3010026
:10de300000000000000000000000001e001c1c008c
:10de40000e1c000e38000738000770800370800336
:10de5000f08003e0c001e0c101c0e100c0e3008048
:10de60007300807300003f00003f00001e00001e92
:10de700000000e00000e00000700800700c0030035
:10de8000fc0300fc01007c0000000000e0c001e099
:10de9000c001e0c001000000000000803f00e0ff82
:10dea00000f0ff01f8e0033880031c00071c0007a6
:10deb0001e000f0e000e0e000e0e000e0e000e0eb7
:10dec000000e0e000e0e000e1e000f1c00071c00a0
:10ded00007388003f8e003f0ff01e0ff00803f0017
:10dee0000000000000000000000000000000000032
:10def0000000000000000000c08103c08103c08159
:10df00000300000000000038000738000738000751
:10df1000380007380007380007380007380007388e
:10df200000073800073800073800073800073800b6
:10df3000073800073800073800077880077080032b
:10df4000f0e003e0ff01c0ff00003f000000000020
:10df500000000000000000000000000000000000c1
:10df600000000000000000000000000000000000b1
:10df70000000000000000000000000000000008021
:10df80003f07e0ff03f0ff01f0e00178c00338e055
:10df9000031c70071c38071c1c071c0e071c0707f6
:10dfa0009c0307dc0107f8800378c003f0e001f070
:10dfb000ff01f8ff009c3f0000000000000000008f
:10dfc0000000000000000000000000000000000051
:10dfd00000000000000000f00300fc0300fe03004e
:10dfe0000e020007000007000007000007000007fe
:10dff00000000700000700e03f00e03f00e03f00b6
:10e0000000070000070000070000070000070000ed
:10e010000700800300800100e00100f0ff03f0ff33
:10e0200003f0ff03000000000000000000000000fb
:10e0300000000000000000000000000000000000e0
:10e040000000000000000000000000803f0ee0ff24
:10e0500007f0ff03f8e0033880031cc0071ce0074b
:10e060001e70070e300e0e380e0e1c0e0e0e0e0e0b
:10e07000070e8e030e8e010edc010ffc00077c00e4
:10e0800007388003f8e003f8ff01fcff008e3f0033
:10e090000000000000000000000000000000000080
:10e0a0000000000000000000000000000000000070
:10e0b0000000000000000000000000000000000060
:10e0c0000000000400040e000e1c000738800370de
:10e0d000c001e0e000c07100803b00001f00000ea6
:10e0e00000001f00803b00c07100e0e00070c00134
:10e0f0003880031c00070e000e040004000000001e
:10e10000000000000000000000000000000000000f
:10e110000000000000f00300fc0700fe07000f04f1
:10e12000000700000700000700000700000700e0ec
:10e13000ff00e0ff00e0ff0000070000070000070d
:10e1400000000700000700000700000700000700ac
:10e15000000700000700000700000700000700009c
:10e160000700000700000700000700000700000785
:10e1700000810700ff0300ff0100fe000000000017
:10e1800000e00100f000007800003800001c0000f2
:10e190000e00000000000000000000803f00f0ffc3
:10e1a00000f0ff0070e00100c00100c00100c001ec
:10e1b00000c00180ff01e0ff01f0c00138c0011c78
:10e1c000c0011cc0011ce0013cf801f8bf0ff09f2a
:10e1d0000fe0070f0000000000000000000000003a
:10e1e00000000000000000000000000000e001004e
:10e1f000f000007800003800001c00000e00000055
:10e2000000000000000000f81f00f81f00f81f00c9
:10e21000001c00001c00001c00001c00001c000072
:10e220001c00001c00001c00001c00001c00001c46
:10e2300000001c00001c00001c00001c00001c0052
:10e2400000000000000000000000000000000000ce
:10e25000000000000000000000e00100f000007875
:10e2600000003800001c00000e000000000000004c
:10e27000000000803f00e0ff00f0ff01f0e00178c7
:10e28000c0033880031c00071c00071c00071c008b
:10e29000071c00071c00071c000738800378c00318
:10e2a000f0e001f0ff01e0ff00803f00000000000f
:10e2b000000000000000000000000000000000005e
:10e2c0000000000000f000007800003c00001c008e
:10e2d000000e0000070000000000000000000038f1
:10e2e0008003388003388003388003388003388007
:10e2f0000338800338800338800338800338800374
:10e3000038800338800338c00338e00378f803f01e
:10e31000bf03f09f03c0870300000000000000005f
:10e3200000000000000000000000000000000000ed
:10e33000000000808701c0cf01e0fc006078000091
:10e340000000000000000000000000387c0038ffe2
:10e3500001b8ff01f8c303f8800378800338800315
:10e3600038800338800338800338800338800338ce
:10e370008003388003388003388003388003388076
:10e3800003388003000000000000000000000000cf
:10e39000000000000000000000000000808701c0b5
:10e3a000df0160fe0060780000000078000e780059
:10e3b0000ef8000ef8010ef8010ef8030eb8030e69
:10e3c00038070e380f0e380e0e381e0e381c0e3859
:10e3d0003c0e38380e38700e38f00e38e00e38e04b
:10e3e0000f38c00f38800f38800f38000f38000ffb
:10e3f000000000000000000000000000000000001d
:10e400000000000000000000000000000000803f4d
:10e4100000e07f0060f00000e00000e00000ff008e
:10e42000e0ff00e0e00070e00070e000f0f800e0e5
:10e43000ff03c0c703000000000000000000000050
:10e4400000000000000000000000000000000000cc
:10e4500000000000000000000000000000000000bc
:10e4600000000000000000000000000000000000ac
:10e4700000000000000000000000003f00c0ff009e
:10e48000e0e101e0c00170800370800370800370e0
:10e490008003708003e0c001e0e101c0ff00003fa5
:10e4a000000000000000000000000000000000006c
:10e4b000000000000000000000000000000000005c
:10e4c000000000000000000000000000000000004c
:10e4d000000000000000000000000000000000003c
:10e4e000000000000000000000000000000000002c
:10e4f00000000000000000000000000038000038ac
:10e50000000038000038000000000000000000009b
:10e51000003800003800003800001800001c00001f
:10e520000e00000700800300e00100700000700092
:10e5300000380000380000380007780007f80007ae
:10e54000f0ff07e0ff0700ff0100000000000000ef
:10e550000000003f00c0ff00e0e101709f03303386
:10e5600003383307183306180f06180b06181b0656
:10e57000381b07303303708003e0e101c0ff000067
:10e580003f0000000000000000000000000000004c
:10e59000000000000000000000000000000000007b
:10e5a000000000000000000000000000000000006b
:10e5b000000000000000000000000000000000005b
:10e5c000000000000000000000000000000000004b
:10e5d000000000000000000000000000000000003b
:10e5e0000000fcff1ffcff1ffcff1f00001c0000c1
:10e5f0001c00001c00001c00001c00001c0000008f
:10e60000000000000000000000000000000000000a
:10e6100000000000000000000000000000000000fa
:10e62000000000000000000000001fc0011fe0000b
:10e630001ce0001c70001c70001c38001c3c001cfe
:10e640001c001c0e001c0e001c07001c07009cc3b5
:10e650000f80e31fc0213cc00138e00038e00038e3
:10e6600070001c78000f3880071c80031cc0010e4e
:10e67000e0000ee03f07e03f000000000000000067
:10e68000000000000000000000000000000000008a
:10e690000000000000001f80031fc0011cc0011cff
:10e6a000e0001ce0001c70001c78001c38001c1ce2
:10e6b000001c1c001c0e001c0e001c070f00870f06
:10e6c00080c30f80e30ec0610ec0310ee0180ef063
:10e6d0000c0e70fc3f38fc3f38000e1c000e1c0076
:10e6e0000e0e000e00000000000000000000000000
:10e6f000000000000000000000000000000000001a
:10e700000000000000000000000000000000000009
:10e7100000000000000000001c00001c00001c00a5
:10e72000001c00000000000000000000001c0000b1
:10e730001c00001c00001c00001c00001c00001c31
:10e7400000001c00001c00001c00001c00001c003d
:10e75000001c00001c00001c00001c00001c00002d
:10e760001c00001c00000000000000000000000071
:10e770000000000000000000000000000000000099
:10e78000000000000000000000000201008703807c
:10e79000c301c0e100e07000703800381c001c0e9e
:10e7a00000381c00703800e07000c0e10080c30138
:10e7b00000870300020100000000000000000000cc
:10e7c0000000000000000000000000000000000049
:10e7d0000000000000000000000000000000000039
:10e7e0000000000000000000000000000000000029
:10e7f0000000000000101000383800707000e0e0e9
:10e8000000c0c101808303000707000e0e00070748
:10e81000808303c0c101e0e0007070003838001050
:10e8200010000000000000000000000000000000d8
:10e8300000000000000000000000000000000000d8
:10e840008fc7038fc7038fc7038fc7030000000064
:10e8500000000000008fc7038fc7038fc7038fc757
:10e86000030000000000000000008fc7038fc703f3
:10e870008fc7038fc70300000000000000000000e6
:10e8800000008fc7038fc7038fc7038fc703000024
:10e89000000000000000008fc7038fc7038fc7036d
:10e8a0008fc703000000000000000000f0783cf07b
:10e8b000783cf0783cf0783c8fc7038fc7038fc754
:10e8c00003ffff3ff0783cf0783cf0783c8fc703c3
:10e8d0008fc7038fc703ffff3ff0783cf0783cf011
:10e8e000783c8fc7038fc7038fc7038fc703f078a8
:10e8f0003cf0783cf0783cffff3f8fc7038fc703a5
:10e900008fc703f0783cf0783cf0783cffff3f8ff6
:10e91000c7038fc7038fc703ffff3fffff3fffff03
:10e920003fffff3f8fc7038fc7038fc703ffff3f23
:10e93000ffff3fffff3fffff3f8fc7038fc7038fdf
:10e94000c703ffff3fffff3fffff3fffff3f8fc7b3
:10e95000038fc7038fc7038fc703ffff3fffff3f2f
:10e96000ffff3fffff3f8fc7038fc7038fc703ff23
:10e97000ff3fffff3fffff3fffff3f8fc7038fc7f3
:10e98000038fc703001c00001c00001c00001c00bb
:10e99000001c00001c00001c00001c00001c0000eb
:10e9a0001c00001c00001c00001c00001c00001cbf
:10e9b00000001c00001c00001c00001c00001c00cb
:10e9c000001c00001c00001c00001c00001c0000bb
:10e9d0001c00001c00001c00001c00001c00001c8f
:10e9e00000001c00001c00001c00001c00001c009b
:10e9f000001c00001c00001c00001c00001c00008b
:10ea00001c00001c00001c00001c00001c00001c5e
:10ea100000001c00001c00001c00001c00001c006a
:10ea2000ff1f00ff1f00ff1f00001c00001c000054
:10ea30001c00001c00001c00001c00001c00001c2e
:10ea400000001c00001c00001c00001c00001c003a
:10ea5000001c00001c00001c00001c0000780000ce
:10ea60003c00001e00000700000000001e00001f08
:10ea700000003f00003f00803b00807b00c0710031
:10ea8000c0f100c0e100e0e000e0e00170c0017012
:10ea9000c003708003f8ff03f8ff07f8ff071c00ae
:10eaa0000f1c000e1e001e0e001c0e001c0700385e
:10eab0000000000000000000000000000000000056
:10eac0000000000000000000001f00803f00c07137
:10ead00000e0e000000000001e00001f00003f00fa
:10eae000003f00803b00807b00c07100c0f100c08f
:10eaf000e100e0e000e0e00170c00170c003708060
:10eb000003f8ff03f8ff07f8ff071c000f1c000eb7
:10eb10001e001e0e001c0e001c0700380000000026
:10eb200000000000000000000000000000000000e5
:10eb300000000000c00300800700000f00001c0060
:10eb4000000000001e00001f00003f00003f00808a
:10eb50003b00807b00c07100c0f100c0e100e0e03c
:10eb600000e0e00170c00170c003708003f8ff0393
:10eb7000f8ff07f8ff071c000f1c000e1e001e0efa
:10eb8000001c0e001c070038000000000000000000
:10eb90000000000000000000000000000000000075
:10eba000000000000000803f00e0ff00f0e00138be
:10ebb00080031800030c00060c3e068c7f06c67fff
:10ebc0000cc6430ce6010ce6000ce6000ce6000c5b
:10ebd000e6000ce6010cc6430cc67f0c8c7f060ccd
:10ebe0001e060c0006180003388003f0e001e0ff69
:10ebf00000803f0000000000000000000000000056
:10ec000000000000000000000000000080e3008021
:10ec1000e30080e30080e30080e30080e30080e322
:10ec20000080e30080e30080e30080e30080e300f5
:10ec300080e300ffe300ffe300ffe30000e00000eb
:10ec4000e00000e000ffe300ffe300ffe30080e3fb
:10ec50000080e30080e30080e30080e30080e300c5
:10ec600080e30080e30080e30080e30080e3008035
:10ec7000e30080e30080e30080e30080e30080e3c2
:10ec80000080e30080e30080e30080e30080e30095
:10ec900080e30080e30080e30080e30080e3008005
:10eca000e30080e30080e30080e30080e30080e392
:10ecb0000080e30080e30080e30080e30080e30065
:10ecc00080e30080e30080e30080e30080e30080d5
:10ecd000e30080e30080e30080e30080e30080e362
:10ece0000080e300000000000000000000000000c1
:10ecf0000000000000000000000000000000000014
:10ed00000000000000000000000000ffff00ffff07
:10ed100000ffff0000e00000e00000e000ffe30073
:10ed2000ffe300ffe30080e30080e30080e3008076
:10ed3000e30080e30080e30080e30080e30080e301
:10ed40000080e30080e30080e30080e30080e300d4
:10ed500080e30080e30080e30080e30080e3008044
:10ed6000e30080e30080e30080e30080e30080e3d1
:10ed70000080e30080e300ffe300ffe300ffe30027
:10ed800000e00000e00000e000ffff00ffff00ffe8
:10ed9000ff00000000000000000000000000000074
:10eda0000000000000000000000000000000000063
:10edb0000000000000000000000000000000000053
:10edc0000000000c00000c00000c00007f0080ff21
:10edd00001e0ff01e08d01f00c00700c00380c0028
:10ede000380c00380c00380c00380c00380c003897
:10edf0000c00780c00700c00f00c00e08d01e0ffbe
:10ee000001c0ff01007f00000c00000c00000c009e
:10ee100000000000000000000000000000000000f2
:10ee200000000000000000000000000000003e00a4
:10ee3000383c001c78000e780007f08007f0800353
:10ee4000e0c101c0e300c0f300807700803f000014
:10ee50001f00001e00f0ff01f0ff01000e00000e79
:10ee600000000e00000e00f0ff01f0ff01000e0098
:10ee7000000e00000e00000e00000e00000000005a
:10ee80000000000000000000000000000000000082
:10ee90000000000000000000000000000000000072
:10eea0000000000000000000000000000000000062
:10eeb0000000000000000000000000000000000052
:10eec00000000000ff1f00ff1f00ff1f00001c00cc
:10eed000001c00001c00001c00001c00001c0000a6
:10eee0001c00001c00001c00001c00001c00001c7a
:10eef00000001c00001c00001c00001c00001c0086
:10ef0000001c00001c00001c00001c00001c000075
:10ef10001c00001c00001c00001c00001c00001c49
:10ef200000001c00001c00001c00001c00001c0055
:10ef300000fc3f00fc3f00fc3f0000000000000020
:10ef400000000000000000000000000000000000c1
:10ef500000000000000000000000000000000000b1
:10ef6000000000000000000000000000001c000085
:10ef70001c00001c00001c00001c00001c00001ce9
:10ef800000001c00001c00001c00001c00001c00f5
:10ef9000001c00001c00001c00001c00ffff3fffc5
:10efa000ff3fffff3f0000000000000000000000e6
:10efb0000000000000000000000000000000000051
:10efc0000000000000000000000000000000000041
:10efd0000000000000000000000000000000000031
:10efe0000000000000000000000000000000000021
:10eff0000000000000000000000000000000000011
:10f000000000000000000000ffff3fffff3fffff88
:10f010003f001c00001c00001c00001c00001c0025
:10f02000001c00001c00001c00001c00001c000054
:10f030001c00001c00001c00001c00001c00001c28
:10f0400000001c00001c00001c00001c00001c0034
:10f05000001c00001c00001c00001c00001c000024
:10f060001c00001c00001c00001c00001c00001cf8
:10f0700000001c0000fc3f00fc3f00fc3f001c00a7
:10f08000001c00001c00001c00001c00001c0000f4
:10f090001c00001c00001c00001c00001c00001cc8
:10f0a00000001c00001c00001c00001c00001c00d4
:10f0b0000000000000000000000000000000000050
:10f0c0000000000000000000000000000000000040
:10f0d0000000000000000000000000000000000030
:10f0e000ffff3fffff3fffff3f0000000000000069
:10f0f0000000000000000000000000000000000010
:10f1000000000000000000000000000000000000ff
:10f11000000000000000000000000000001c0000d3
:10f120001c00001c00001c00001c00001c00001c37
:10f1300000001c00001c00001c00001c00001c0043
:10f14000001c00001c00001c00001c00ffff3fff13
:10f15000ff3fffff3f001c00001c00001c00001cc4
:10f1600000001c00001c00001c00001c00001c0013
:10f17000001c00001c00001c00001c00001c000003
:10f180001c00001c00001c00000000808701c0cf94
:10f1900001e0fc00607800000000000000000000ba
:10f1a000000000803f00f0ff00f0ff0070e0010071
:10f1b000c00100c00100c00100c00180ff01e0ffec
:10f1c00001f0c00138c0011cc0011cc0011ce001dd
:10f1d0003cf801f8bf0ff09f0fe0070f00000000a0
:10f1e000000000000000000000000000000000001f
:10f1f00000000000808701c0df0160fe0060780031
:10f20000000000001e00001f00003f00003f0080c3
:10f210003b00807b00c07100c0f100c0e100e0e075
:10f2200000e0e00170c00170c003708003f8ff03cc
:10f23000f8ff07f8ff071c000f1c000e1e001e0e33
:10f24000001c0e001c070038000000000000000039
:10f2500000000000000000000000000000000000ae
:10f2600080e30080e30080e30080e30080e300802f
:10f27000e30080e30080e30080e30080e30080e3bc
:10f280000080e30080e30080e33f80e33f80e33fd2
:10f2900080030080030080030080ff3f80ff3f80e9
:10f2a000ff3f000000000000000000000000000020
:10f2b000000000000000000000000000000000004e
:10f2c000000000000000000000000000000000003e
:10f2d000000000000000000000000000000000002e
:10f2e000000000000000000000000000000000001e
:10f2f00000000080ff3f80ff3f80ff3f80030080d1
:10f30000030080030080e33f80e33f80e33f80e32e
:10f310000080e30080e30080e30080e30080e300fe
:10f3200080e30080e30080e30080e30080e300806e
:10f33000e30080e30080e30080e30080e30080e3fb
:10f340000080e30080e30080e30080e30080e300ce
:10f3500080e30080e30080e30080e30080e300ffbf
:10f36000e33fffe33fffe33f000000000000000039
:10f3700000ffff3fffff3fffff3f000000000000d6
:10f38000000000000000000000000000000000007d
:10f39000000000000000000000000000000000006d
:10f3a000000000000000000000000000000000005d
:10f3b000000000000000000000000000000000004d
:10f3c0000000000000000000000000ffff3fffff02
:10f3d0003fffff3f000000000000000000ffe33f90
:10f3e000ffe33fffe33f80e30080e30080e3008032
:10f3f000e30080e30080e30080e30080e30080e33b
:10f400000080e30080e30080e30080e30080e3000d
:10f4100080e30080e30080e30080e30080e300807d
:10f42000e30080e30080e30080e30080e30080e30a
:10f430000080e30080e30080e33f80e33f80e33f20
:10f4400080030080030080030080e33f80e33f806f
:10f45000e33f80e30080e30080e30080e30080e39b
:10f460000080e30080e30080e30080e30080e300ad
:10f4700080e30080e30080e30080e3000000000000
:10f48000000000000000000000000000000000007c
:10f49000000000000000000000000000000000006c
:10f4a000000000ffff3fffff3fffff3f00000000a5
:10f4b0000000000000ffff3fffff3fffff3f000095
:10f4c000000000000000000000000000000000003c
:10f4d000000000000000000000000000000000002c
:10f4e000000000000000000080e30080e30080e3f3
:10f4f0000080e30080e30080e30080e30080e3001d
:10f5000080e30080e30080e30080e30080e300ff0d
:10f51000e33fffe33fffe33f000000000000000087
:10f5200000ffe33fffe33fffe33f80e30080e300b2
:10f5300080e30080e30080e30080e30080e300805c
:10f54000e30080e30080e30080e30080e30080e3e9
:10f550000080e30000000000000000000000000048
:10f560000000000000000800041c000e381e07f018
:10f57000ff03e0ff01e0e101f0c003708003708051
:10f5800003708003708003f0c003e0e101e0ff013d
:10f59000f0ff03381e071c000e08000400000000e6
:10f5a000000000000000000000000000000000005b
:10f5b000000000000000000000000000000000004b
:10f5c0003c1000fc3900fc1f00e00f00801f00e031
:10f5d0003f00f07c0020f80000f00080ff01c0ff39
:10f5e00001f0ff03f0e0037880073880071c000774
:10f5f0001c00071c00071c00071c00071c00071c40
:10f60000800738800378c003f0e001f0ff00c07f7e
:10f6100000801f000000000000000000000000004b
:10f6200000000000000000000000000000000000da
:10f630000000000000000000000000fc0f00fc7f44
:10f6400000fcff001cf0011cc0031c80031c800395
:10f650001c80071c0007ff0107ff0107ff01071cb3
:10f6600000071c00071c00071c80031c80031cc033
:10f67000031ce0011cf801fcff00fc3f00fc0f0034
:10f68000000000000000000000000000000000007a
:10f690000000000000000000003e00007f0080e34a
:10f6a00000c0c101000000f0ff07f0ff07f0ff07f6
:10f6b00070000070000070000070000070000070aa
:10f6c0000000700000f0ff01f0ff01f0ff0170008a
:10f6d00000700000700000700000700000700000fa
:10f6e000700000f0ff0ff0ff0ff0ff0f00000000b0
:10f6f000000000000000000000000000000000000a
:10f7000000000000c08103c08103c081030000002d
:10f71000000000f0ff07f0ff07f0ff077000007027
:10f7200000007000007000007000007000007000a9
:10f7300000f0ff01f0ff01f0ff0170000070000019
:10f74000700000700000700000700000700000f099
:10f75000ff0ff0ff0ff0ff0f00000000000000009f
:10f760000000000000000000000000000000000099
:10f77000800700000f00001e00003800000000f0ad
:10f78000ff07f0ff07f0ff07700000700000700037
:10f7900000700000700000700000700000f0ff01b9
:10f7a000f0ff01f0ff0170000070000070000070b9
:10f7b0000000700000700000700000f0ff0ff0ff0c
:10f7c0000ff0ff0f0000000000000000000000002c
:10f7d0000000000000000000000000000000000029
:10f7e0000000000000000000000000000000000019
:10f7f00000000000000000f81f00f81f00f81f00c4
:10f80000001c00001c00001c00001c00001c00006c
:10f810001c00001c00001c00001c00001c00001c40
:10f8200000001c00001c00001c00001c00001c004c
:10f8300000000000000000000000000000000000c8
:10f84000000000000000000000f000007800003c14
:10f8500000000e00000000f8ff03f8ff03f8ff03ac
:10f86000000e00000e00000e00000e00000e000052
:10f870000e00000e00000e00000e00000e00000e34
:10f8800000000e00000e00000e00000e00000e0032
:10f89000000e00f8ff03f8ff03f8ff03000000006c
:10f8a0000000000000000000000000000000000058
:10f8b00000000000001f00803f00c07100e0e00079
:10f8c000000000f8ff03f8ff03f8ff03000e00003c
:10f8d0000e00000e00000e00000e00000e00000ed4
:10f8e00000000e00000e00000e00000e00000e00d2
:10f8f000000e00000e00000e00000e00000e00f8ca
:10f90000ff03f8ff03f8ff03000000000000000001
:10f9100000000000000000000000000000000000e7
:10f92000e0c001e0c001e0c001000000000000f8fc
:10f93000ff03f8ff03f8ff03000e00000e00000ea7
:10f9400000000e00000e00000e00000e00000e0071
:10f95000000e00000e00000e00000e00000e000061
:10f960000e00000e00000e00000e00f8ff03f8ff6e
:10f9700003f8ff030000000000000000000000008a
:10f98000000000000000000000000000001c00005b
:10f990001c00001c00001c00001c00001c00001cbf
:10f9a00000001c00001c00001c00001c00001c00cb
:10f9b000001c00001c00001c00001c00ff1f00ffba
:10f9c0001f00ff1f000000000000000000000000fa
:10f9d0000000000000000000000000000000000027
:10f9e0000000000000000000000000000000000017
:10f9f0000000000000000000000000000000000007
:10fa000000000000000000000000000000000000f6
:10fa100000000000000000000000000000000000e6
:10fa2000000000000000000000fc3f00fc3f00fc64
:10fa30003f001c00001c00001c00001c00001c00fb
:10fa4000001c00001c00001c00001c00001c00002a
:10fa50001c00001c00001c00001c00001c00001cfe
:10fa600000001c00ffff3fffff3fffff3fffff3f86
:10fa7000ffff3fffff3fffff3fffff3fffff3fff56
:10fa8000ff3fffff3fffff3fffff3fffff3fffff46
:10fa90003fffff3fffff3fffff3fffff3fffff3ff6
:10faa000ffff3fffff3fffff3fffff3fffff3fff26
:10fab000ff3fffff3fffff3fffff3fffff3fffff16
:10fac0003fffff3fffff3fffff3fffff3fffff3fc6
:10fad0000000000000000000000000000000000026
:10fae0000000000000000000000000000000000016
:10faf0000000000000000000000000000000000006
:10fb0000000000000000ffff3fffff3fffff3fff3f
:10fb1000ff3fffff3fffff3fffff3fffff3fffffb5
:10fb20003fffff3fffff3fffff3fffff3fffff3f65
:10fb3000ffff3fffff3fffff3fffff3f001c0000b5
:10fb40001c00001c00001c00001c00001c00001c0d
:10fb500000001c00001c00001c00001c00001c0019
:10fb6000001c000000000000000000000000000079
:10fb70000000000000000000001c00001c00001c31
:10fb800000001c00001c00001c00001c00001c00e9
:10fb9000001c00001c00001c00001c00001c0000d9
:10fba0000000000000000000c00300800700000ffc
:10fbb00000001c00000000f8ff03f8ff03f8ff033b
:10fbc000000e00000e00000e00000e00000e0000ef
:10fbd0000e00000e00000e00000e00000e00000ed1
:10fbe00000000e00000e00000e00000e00000e00cf
:10fbf000000e00f8ff03f8ff03f8ff030000000009
:10fc000000000000000000000000000000000000f4
:10fc100000000000ffff3fffff3fffff3fffff3ff0
:10fc2000ffff3fffff3fffff3fffff3fffff3fffa4
:10fc3000ff3fffff3fffff3fffff3fffff3fffff94
:10fc40003fffff3fffff3fffff3f000000000000be
:10fc500000000000000000000000000000000000a4
:10fc60000000000000000000000000000000000094
:10fc70000000000000000000000000000000000084
:10fc800000f000007800003c00000e000000008042
:10fc90003f00e0ff00f0ff01f8e0033880031c00a4
:10fca000071c00071e000f0e000e0e000e0e000ea9
:10fcb0000e000e0e000e0e000e0e000e1e000f1c8b
:10fcc00000071c0007388003f8e003f0ff01e0ffa5
:10fcd00000803f0000000000000000000000000065
:10fce000000000000000000000000000c00f00e065
:10fcf0003f00f07f0078780038700038700038706e
:10fd000000383800383800381c00381c00380e0025
:10fd1000380e00381e00383e00387c0038f80038b5
:10fd2000f00138c00338800738000f38000e380063
:10fd30000e38000e38060f38fe0738fe0338f8017b
:10fd400000000000000000000000000000000000b3
:10fd50000000000000000000001f00803f00c07194
:10fd600000e0e000000000803f00e0ff00f0ff0145
:10fd7000f8e0033880031c00071c00071e000f0e6c
:10fd8000000e0e000e0e000e0e000e0e000e0e00e7
:10fd90000e0e000e1e000f1c00071c00073880030b
:10fda000f8e003f0ff01e0ff00803f0000000000ea
:10fdb0000000000000000000000000000000000043
:10fdc00000000000c00300800700000f00001c00be
:10fdd000000000803f00e0ff00f0ff01f8e0033882
:10fde00080031c00071c00071e000f0e000e0e00f3
:10fdf0000e0e000e0e000e0e000e0e000e0e000e69
:10fe00001e000f1c00071c0007388003f8e003f0f9
:10fe1000ff01e0ff00803f00000000000000000044
:10fe200000000000000000000000000000000000d2
:10fe3000000000808701c0cf01e0fc006078000076
:10fe40000000000000000000000000803f00e0ff14
:10fe500000f0ff01f0e00178c0033880031c0007c8
:10fe60001c00071c00071c00071c00071c00071cc7
:10fe7000000738800378c003f0e001f0ff01e0ffe5
:10fe800000803f00000000000000000000000000b3
:10fe9000000000000000000000000000808701c09a
:10fea000df0160fe00607800000000803f00e0ff9e
:10feb00000f0ff01f8e0033880031c00071c000776
:10fec0001e000f0e000e0e000e0e000e0e000e0e87
:10fed000000e0e000e0e000e1e000f1c00071c0070
:10fee00007388003f8e003f0ff01e0ff00803f00e7
:10fef0000000000000000000000000000000000002
:10ff000000000000000000000000000000000000f1
:10ff100000000000000000000000000000000000e1
:10ff200000000038800338800338800338800338ad
:10ff3000800338800338800338800338800338809a
:10ff40000338800338800338800378c00378e003e7
:10ff5000f8f103f8bf03b8bf03380f0738000038c3
:10ff60000000380000380000380000380000380079
:10ff700000000000380000380000380000380000a1
:10ff80003800003800003800003800003800003821
:10ff90007c0038ff00b8ff01f8c103f880037880c7
:10ffa000073800073800073800073800073800070f
:10ffb00038000738000738800378c003f8e101f8fb
:10ffc000ff01b8ff00383e0038000038000038005c
:10ffd0000038000038000038000038000000000041
:10ffe00000000000000000000000000000000070a1
:10fff0000000700000700000700000700000f0ff52
:020000041d01dc
:1000000000f0ff03f0ff0770800770000f70000e14
:1000100070000e70000e70000e70000770c007f0c8
:10002000ff03f0ff00f03f00700000700000700060
:100030000070000000000000000000000000000050
:1000400000000000000000000000000000f00000c0
:100050007800003c00000e00000000380007380067
:10006000073800073800073800073800073800074e
:10007000380007380007380007380007380007380d
:100080000007380007380007380007380007788075
:1000900007708003f0e003e0ff01c0ff00003f00b5
:1000a0000000000000000000000000000000000050
:1000b0000000000000000000001f00803f00c07131
:1000c00000e0e000000000380007380007380007b3
:1000d00038000738000738000738000738000738ad
:1000e00000073800073800073800073800073800d5
:1000f000073800073800073800077880077080034a
:10010000f0e003e0ff01c0ff00003f00000000003e
:1001100000000000000000000000000000000000df
:1001200000000000800700000f00001e00003800e3
:10013000000000380007380007380007380007388b
:100140000007380007380007380007380007380074
:10015000073800073800073800073800073800075d
:10016000380007380007788007708003f0e003e06c
:10017000ff01c0ff00003f00000000000000000081
:10018000000000000000000000000000000000006f
:1001900000e00100f000007800003800001c0000c2
:1001a0000e000000000000000000001e001c1c00eb
:1001b0000e1c000e380007380007708003708003a3
:1001c000f08003e0c001e0c101c0e100c0e30080b5
:1001d0007300807300003f00003f00001e00001eff
:1001e00000000e00000e00000700800700c00300a2
:1001f000fc0300fc01007c000000000000f0000097
:100200007800003c00000e000000001e003c3c0096
:100210001c78000e78000ff00007e08003e0c103b7
:10022000c0c30180e30080f700007f00003e0000b3
:100230003e00001c00001c00001c00001c00001cf4
:1002400000001c00001c00001c00001c00001c0022
:10025000000000000000000000000000000000009e
:100260000000000000000000ffff3fffff3fffff16
:100270003f0000000000000000000000000000003f
:10028000000000000000000000000000000000006e
:10029000000000000000000000000000000000005e
:1002a000000000000000000000000000000000004e
:1002b000000000000000000000000000000000003e
:1002c000000000000000000000000000000000002e
:1002d00000000000003c00001e00000f0080030032
:1002e000000000000000000000000000000000000e
:1002f00000000000000000000000000000000000fe
:1003000000000000000000000000000000000000ed
:1003100000000000000000000000000000000000dd
:1003200000000000000000000000000000000000cd
:1003300000000000000000000000000000000000bd
:1003400000000000000000000000000000000000ad
:10035000000000000000000000000000000000009d
:1003600000000000000000000000000000f0ff039b
:10037000f0ff03f0ff030000000000000000000099
:10038000000000000000000000000000000000006d
:10039000000000000000000000000000000000005d
:1003a000000000000000000000000000000000004d
:1003b000000000000000000000000000000000003d
:1003c00000000000000000001c00001c00001c00d9
:1003d000001c00001c00fcff1ffcff1ffcff1f0097
:1003e0001c00001c00001c00001c00001c00000081
:1003f00000000000000000fcff1ffcff1ffcff1faf
:1004000000000000000000000000000000000000ec
:1004100000000000000000000000000000000000dc
:1004200000000000000000000000000000000000cc
:1004300000000000000000000000000000000000bc
:1004400000000000000000000000000000000000ac
:10045000000000000000000000000000000000009c
:10046000000000000000000000000000ffff3fff50
:10047000ff3f000000000000000000ffff3fffff03
:100480003f000000000000000000fe0038fe011cdc
:1004900082030e80030ec00107fc80037cc003e0d2
:1004a000c10180e300807300c27300fe3900fe1cae
:1004b0000f009c0f00ce0f00e70e00670e80330e7a
:1004c000c0190ee00d0ee0fc3f70fc3f38000e3806
:1004d000000e1c000e0e000e0000000000000000c8
:1004e000000000000000000000000000000000000c
:1004f000000000000000e0ff03f8ff03f80703fc22
:100500000703fc0703fc0703fc0703fc0703fc07c6
:1005100003f80703f00703e007038007030006035f
:10052000000603000603000603000603000603009e
:100530000603000603000603000603000603000688
:10054000030006030006030006030006030006037b
:100550000006030000000000000000000000000092
:10056000000000ff00c0ff01e0ff01e0810170001a
:1005700000700000700000f00000e00300e00f00d9
:10058000c03f00c07f00e0f80170e00170c0037060
:100590008003f08003f08103e08301c0df0180ff6e
:1005a0000000fe0000f80100e00100c0030080032d
:1005b000008003108003f0e001f0ff01f0ff0080f5
:1005c0003f000000000000000000000000000000ec
:1005d000000000000000000000000000000000001b
:1005e000000000001e00001e00001e00001e000093
:1005f0000000000000000000000000fcff1ffcffe6
:100600001ffcff1f000000000000000000000000b1
:10061000001e00001e00001e00001e000000000062
:1006200000000000000000000000000000000000ca
:1006300000000000000000000000000000000000ba
:1006400000000000000000000000000000000000aa
:10065000000000000000000000000000000000009a
:10066000000000000000000000000000000000008a
:10067000000000000000000000000000000000007a
:100680000000000000000000000c00000400001e3c
:1006900000003800007000007000003f00001f00e4
:1006a000000000000000000f00801f00c03900c0e3
:1006b0003000c03000c03900801f00000f00000073
:1006c000000000000000000000000000000000002a
:1006d000000000000000000000000000000000001a
:1006e000000000000000000000000000000000000a
:1006f00000000000000000000000000000000000fa
:10070000000000000000000000000000e0c001e068
:10071000c001e0c001000000000000000000000077
:1007200000000000000000000000000000000000c9
:1007300000000000000000000000000000000000b9
:1007400000000000000000000000000000000000a9
:100750000000000000000000000000000000000099
:100760000000000000000000000000000000000089
:100770000000000000000000000000000000000079
:100780000000000000000000000000000000000069
:100790000000000000000000000000000000000059
:1007a0000000000000000000001e00001e00001eef
:1007b00000001e000000000000000000000000001b
:1007c0000000000000000000000000000000000029
:1007d0000000000000000000000000000000000019
:1007e00000000000000000000000c00f00c00f006b
:1007f000000e00000e00000e00000e00000e0000b3
:100800000e00000e00000e00000e00000e00000e94
:1008100000000000000000000000000000000000d8
:1008200000000000000000000000000000000000c8
:1008300000000000000000000000000000000000b8
:1008400000000000000000000000000000000000a8
:10085000000000000000807f00c0ff01c0c0010058
:10086000c00100e000007f00007f0000e00000c049
:100870000100c001c0e001c0ff00803f0000000097
:100880000000000000000000000000000000000068
:100890000000000000000000000000000000000058
:1008a0000000000000000000000000000000000048
:1008b0000000000000000000000000000000000038
:1008c0000000c03f00e07f0060f00000e00000e0ba
:1008d0000000f000007800001e00800700c0030048
:1008e000e00000e0ff00e0ff00000000000000006a
:1008f00000000000000000000000000000000000f8
:1009000000000000000000000000000000000000e7
:1009100000000000000000000000000000000000d7
:1009200000000000000000000000000000000000c7
:1009300000000000000000000000000000000000b7
:10094000000000feff1ffeff1ffeff1ffeff1ffe39
:10095000ff1ffeff1ffeff1ffeff1ffeff1ffeff0c
:100960001ffeff1ffeff1ffeff1ffeff1ffeff1fdc
:10097000feff1ffeff1ffeff1ffeff1f0000000007
:100980000000000000000000000000000000000067
:100990000000000000000000000000000000000057
:1009a0000000000000000000000000000000000047
:1009b0000000000000000000000000000000000037
:1009c0000000000000000000000000000000000027
:1009d0000000000000000000000000000000000017
:1009e0000000000000000000000000000000000007
:1009f00000000000000000000000000000000000f7
:100a00000000009d00000000040006000000ff0040
:100a1000000000000006009d000000000500080026
:100a20000000ff0000000000000e009d000000001c
:100a3000060008000000ff00000000000016009df6
:100a400000000000080008000000ff000000000097
:100a5000001e009d0000000008000c000000ff00c8
:100a600000000000002a009d000000000a001000a5
:100a70000000ff0000000000004a009d0000000090
:100a80000c0010000000ff0000000000006a009d44
:100a90000000000010001a000000ff00000000002d
:100aa000009e009d00000000160024000000ff00d2
:100ab00000000000646464006464640064646400b2
:100ac00064646400ffffff00ffffff0069696900c5
:100ad00069696900e3e3e300e3e3e300a0a0a000a9
:100ae000a0a0a000646464006464640064646400a2
:100af00064646400a0a0a000a0a0a000a0a0a0002a
:100b0000a0a0a000f0f0f000f0f0f000f0f0f00095
:100b1000f0f0f00064646400646464006464640081
:100b200064646400ffffff00ffffff006969690064
:100b300069696900e3e3e300e3e3e300a0a0a00048
:100b4000a0a0a00064646400646464006464640041
:100b500064646400a0a0a000a0a0a000a0a0a000c9
:100b6000a0a0a000f0f0f000f0f0f000f0f0f00035
:100b7000f0f0f00064646400646464006464640021
:100b800064646400ffffff00ffffff006969690004
:100b900069696900e3e3e300e3e3e300a0a0a000e8
:080ba000a0a0a0002d00000040
:020000040000fa
:020000041d01dc
:100ba800c8ffbd273400bfaf3000beaf21f0a0039f
:100bb8002118a0002110c0004400c7af3800c4a30a
:100bc8003c00c3a74000c2a73800c2931f00c2a3bd
:100bd8001f00c29350ff42244d00432c7400601044
:100be8000000000080180200019d023c080c42240d
:100bf800211062000000428c080040000000000044
:100c0800ac0d019db80d019db80d019db80d019d5c
:100c1800b80d019d9c0d019db80d019db80d019d5c
:100c2800b80d019db80d019db80d019db80d019d30
:100c3800b80d019db80d019db80d019db80d019d20
:100c4800b80d019db80d019db80d019db80d019d10
:100c58008c0d019db80d019db80d019db80d019d2c
:100c6800b80d019db80d019db80d019db80d019df0
:100c7800b80d019db80d019db80d019db80d019de0
:100c8800b80d019db80d019db80d019db80d019dd0
:100c9800b80d019db80d019d4c0d019db80d019d2c
:100ca800b80d019db80d019db80d019db80d019db0
:100cb8006c0d019db80d019db80d019db80d019dec
:100cc800b80d019db80d019db80d019db80d019d90
:100cd8007c0d019db80d019db80d019db80d019dbc
:100ce800b80d019db80d019db80d019db80d019d70
:100cf800b80d019db80d019db80d019db80d019d60
:100d0800b80d019db80d019db80d019db80d019d4f
:100d1800b80d019db80d019d3c0d019db80d019dbb
:100d2800b80d019db80d019db80d019db80d019d2f
:100d38005c0d019d94ff02241f00c2a36e43400b6b
:100d48000000000099ff02241f00c2a36e43400b5d
:100d58000000000081ff02241f00c2a36e43400b65
:100d6800000000009aff02241f00c2a36e43400b3c
:100d78000000000084ff02241f00c2a36e43400b42
:100d8800000000008eff02241f00c2a36e43400b28
:100d980000000000e6ff02241f00c2a36e43400bc0
:100da80000000000f8ff02241f00c2a3000000009a
:100db8001f00c293ffff43304c00c28f0c004294c7
:100dc8002b10620008004014000000001f00c293ae
:100dd800ffff43304c00c28f0e0042942b1043009b
:100de80003004010000000006445400b00000000b4
:100df8004000c2971800c2a74c00c28f0800428466
:100e08001c00c2a71c00c297030040140000000089
:100e18006445400b000000001c00c297c21002008d
:100e28001c00c2a74c00c28f08004284ffff42305a
:100e380007004230ffff423004004010000000006d
:100e48001c00c297010042241c00c2a74c00c28f9c
:100e58001000428c0b004010000000004c00c28fb4
:100e68001000438c1f00c4934c00c28f0c004294a6
:100e7800231082002110620000004290a643400b1c
:100e8800000000004c00c28f08004284ffff42307f
:100e98002400c2a74480828f6c0042900200423036
:100ea800dc004010000000004480828f6800428c03
:100eb8003c00c4972400c39721188300ffff6330c8
:100ec800ffff6324ffff63302036037c4c00c38f91
:100ed8000a006384ffff64304000c3972118830031
:100ee800ffff6330ffff6324ffff6330201e037c96
:100ef8003c00c4874000c5872138600009f84000dd
:100f0800000000002800c2af4c00c28f0400428cd1
:100f180051004014000000001f00c3934c00c28f12
:100f28000c004294231862004c00c28f0a004284cd
:100f3800180062001c00c297121800001800620016
:100f4800122000002000c4af1200c0a71044400bbc
:100f5800000000002400c2971a00c2a71000c0a712
:100f68000844400b000000004c00c28f0000438c76
:100f78002000c28f010044242000c4af2110620069
:100f8800000042901e00c2a31400c0a7fe43400bfd
:100f9800000000001e00c29301004230070040100c
:100fa800000000002800c28f4400c48f09f84000e8
:100fb80000000000f543400b000000002800c28f2d
:100fc8004800c48f09f84000000000001e00c293ca
:100fd800421002001e00c2a31a00c297ffff42245b
:100fe8001a00c2a71400c297010042241400c2a725
:100ff8001400c2970800422c0400401000000000b2
:101008001a00c297e3ff4014000000001000c297c6
:10101800010042241000c2a71000c3971c00c29709
:101028002b106200d0ff4014000000001200c2978d
:10103800010042241200c2a71200c3974c00c28fbd
:101048000a0042842a106200c2ff40140000000017
:101058006445400b000000004c00c28f0400438c24
:101068000100022448016214000000001f00c3931d
:101078004c00c28f0c004294231862004c00c28faf
:101088000a004284180062004c00c28f08004284a3
:101098001218000018006200122000002000c4afdf
:1010a8001200c0a77f44400b000000001000c0a73a
:1010b8006f44400b000000004c00c28f0000438cbe
:1010c8002000c28f010044242000c4af2110620018
:1010d800000042901e00c2a34400c28fff004330ac
:1010e8001e00c293021062704800c38fff00643074
:1010f8001e00c393000105242318a30018008300d1
:10110800121800002110430002120200ff004330b1
:101118004400c28f00ff44301e00c2930210827048
:101128004800c48f00ff85301e00c49300010624c8
:101138002320c4001800a40012200000211044003d
:101148000212020000ff4230251862004400c48fda
:10115800ff00023c242082001e00c293021082700d
:101168004800c58fff00043c2428a4001e00c49337
:10117800000106242320c4001800a4001220000047
:101188002110440002220200ff00023c24108200c9
:10119800251062002c00c2af2800c28f2c00c48f1b
:1011a80009f84000000000001000c2970100422426
:1011b8001000c2a71000c3972400c2972b1062002a
:1011c800bdff4014000000004c00c28f080042849c
:1011d800211840002400c297231062002000c38f0a
:1011e800211062002000c2af1200c2970100422401
:1011f8001200c2a71200c3974c00c28f0a00428493
:101208002a106200a9ff4014000000006445400b4a
:10121800000000004c00c28f0400428c61004014a2
:10122800000000001f00c3934c00c28f0c004294c2
:10123800231862004c00c28f0a0042841800620022
:101248001c00c2971218000018006200122000004b
:101258002000c4af1200c0a7e344400b0000000008
:101268003c00c2971600c2a72400c2971a00c2a762
:101278001000c0a7d844400b000000004c00c28feb
:101288000000438c2000c28f010044242000c4af1a
:1012980021106200000042901e00c2a31400c0a7e3
:1012a800ce44400b000000001e00c29301004230f3
:1012b8000b004010000000004480828f0000428c28
:1012c8001600c4871800c387212860004400c68f11
:1012d80009f8400000000000c244400b0000000074
:1012e8004480828f0000428c1600c4871800c38790
:1012f800212860004800c68f09f84000000000005f
:101308001e00c293421002001e00c2a31600c2971c
:10131800010042241600c2a71a00c297ffff422408
:101328001a00c2a71400c297010042241400c2a7e1
:101338001400c2970800422c04004010000000006e
:101348001a00c297d8ff4014000000001000c2978e
:10135800010042241000c2a71000c3971c00c297c6
:101368002b106200c5ff4014000000001800c2974f
:10137800010042241800c2a71200c29701004224ab
:101388001200c2a71200c3974c00c28f0a00428401
:101398002a106200b2ff4014000000006445400bb0
:1013a800000000004c00c28f0400438c010002249e
:1013b80075006214000000001f00c3934c00c28f28
:1013c8000c004294231862004c00c28f0a00428429
:1013d800180062004c00c28f0800428412180000f6
:1013e80018006200122000002000c4af1200c0a73d
:1013f8005e45400b000000003c00c2971600c2a7e3
:101408001000c0a74b45400b000000004c00c28fe5
:101418000000438c2000c28f010044242000c4af88
:1014280021106200000042901e00c2a34400c28f37
:10143800ff0043301e00c293021062704800c38f41
:10144800ff0064301e00c393000105242318a30085
:101458001800830012180000211043000212020035
:10146800ff0043304400c28f00ff44301e00c29387
:10147800021082704800c48f00ff85301e00c4939c
:10148800000106242320c4001800a4001220000034
:10149800211044000212020000ff423025186200a9
:1014a8004400c48fff00023c242082001e00c29327
:1014b800021082704800c58fff00043c2428a40055
:1014c8001e00c493000106242320c4001800a400b1
:1014d800122000002110440002220200ff00023cfa
:1014e80024108200251062002c00c2af4480828f35
:1014f8000000428c1600c4871800c38721286000aa
:101508002c00c68f09f84000000000001600c297a2
:10151800010042241600c2a71000c297010042240d
:101528001000c2a71000c3972400c2972b106200b6
:10153800b6ff4014000000004c00c28f080042842f
:10154800211840002400c297231062002000c38f96
:10155800211062002000c2af1800c2970100422487
:101568001800c2a71200c297010042241200c2a7a5
:101578001200c3974c00c28f0a0042842a106200ee
:101588009dff40140000000021e8c0033400bf8f15
:101598003000be8f3800bd270800e00300000000bf
:020000040000fa
:020000041d01dc
:1015a8004050050042550a00c04a0500427d04002b
:1015b80025482f01c042040000800e3c25482e011a
:1015c80040680700426d0d00c0620700427d0600ba
:1015d80025608f01c05a060025608e012628a700c5
:1015e8002428ae00ffff4f25fe07e12dcb00201079
:1015f80000000000ffffaf25fe07e12df4002010da
:101608000000000023504d01ff034a254240080016
:10161800c07f090025400f0142480900023c0c0028
:10162800f401e0001b0027011270000010480000c0
:10163800ffff86311900ce0012200000004c09007f
:10164800027c080025482f012b7824010600e011b0
:1016580023482401ffffce2521482c012b082c010b
:10166800fcff201000000000f401e0001b0027012f
:1016780012380000104800001900c70012200000ae
:10168800004c0900ffff0f3125482f012b7824015a
:101698000600e01123482401ffffe72421482c011c
:1016a8002b082c01fcff20100000000000740e0025
:1016b8002170c7011900cb0112380000102000006a
:1016c800000008242b780701234007012b102f0165
:1016d80023482f012b7824012578e2010b00e01123
:1016e80023482401ffffce2521400b012b780b0155
:1016f80021482c0121482f0102002c110000000074
:101708002b782c01f7ffe0110000000006002c15d3
:101718000000000025200b002548080000000d24cb
:101728002a00001025380d00023c0c00f401e000ee
:101738001b0027011268000010480000ffff8631d7
:101748001900cd0012200000004c0900027c08009e
:1017580025482f012b7824010600e0112348240195
:10176800ffffad2521482c012b082c01fcff201080
:1017780000000000f401e0001b00270112380000ff
:10178800104800001900c70012200000004c090092
:10179800ffff0f3125482f012b7824010600e011a7
:1017a80023482401ffffe72421482c012b082c01a2
:1017b800fcff201000000000006c0d002168a7014c
:1017c8001900ab01123800001020000000000824a6
:1017d8002b780701234007012b102f0123482f01e5
:1017e8002b7824012578e2010b00e011234824011d
:1017f800ffffad2521400b012b780b0121482c015f
:1018080021482f0102002c11000000002b782c0128
:10181800f7ffe011000000000600c005000000000e
:101828002a78a0012168ad012170ce012170cf0175
:10183800ffff4a25257828010200e011000000007a
:101848000100ad3525480e0025400d00ffff4f254e
:10185800fe07e12d150020100000000000040825f7
:1018680000040f2d21482f012b782f0121504f0103
:10187800c27a08000100ef3123400f01c22208009c
:10188800407d090025208f0040780900027b0f0069
:101898002528af00007d0a002528af002510040088
:1018a800251805000800e003000000004400401d62
:1018b8000000000001000e242370ca012000c12d81
:1018c8000700201400000000e0ffce212b200800b4
:1018d8000d00091025402401f8ff0010000009340c
:1018e8000900c0110000000022300e000420c800ca
:1018f8000430c9000640c8010648c901020080102a
:101908002540c800020008350004082500040f2df2
:1019180021482f01d6ff0010c25709002a7800017c
:1019280021400801214829011700401521482f01ad
:10193800257828011400e011000000000800201597
:1019480000000000030000150000000029ff00103f
:1019580000000a242548000100000824e0ff4a2569
:1019680020702e7123ffc0110000000023504e018b
:1019780022300e000630c8000440c8010448c901de
:101988001cff00102548260105004d150000000029
:1019980040780c002578eb012b00e01100000000d6
:1019a800ff0701240a00a11100000000bbff40113d
:1019b80000000000257828012300e0150000000041
:1019c800f07f013c2528a100b4ff0010000004248a
:1019d8002a78600121586b0121608c011700a0153d
:1019e80021608f0125788b01f5ffe01100000000d0
:1019f80008008015000000000300601500000000ca
:101a080000ff001000000d242560600100000b2479
:101a1800e0ffad2520708e71fafec01100000000b5
:101a28002368ae0122300e000630cb000458cb01eb
:101a38000460cc01f3fe00102560860125788b0137
:101a48000200e01100000000f8ff053c93ff0010c1
:081a580000000424000000005e
:020000040000fa
:020000041d01dc
:101a60000080013c2638e10040580500425d0b0033
:101a7000c0520500427d040025504f01c04a0400b9
:101a80000080083c255048014070070042750e0058
:101a9000c06a0700427d06002568af01c0620600eb
:101aa0002568a801ffff6f25fe07e12d8d0020109e
:101ab00000000000ffffcf25fe07e12dbb00201036
:101ac000000000000080013c2428a10023406e019a
:101ad0002c0000110000000015000019000000009b
:101ae0002000012d0700201400000000e0ff082165
:101af0002b300c0023000d102560a601f8ff00100c
:101b000000000d341f00001100000000222008001a
:101b100004308c0004208d0006600c0106680d0165
:101b20001800c01025608c001600001002008c35d3
:101b300025580e00234008002000012d0700201426
:101b400000000000e0ff08212b3009000d000a1002
:101b500025484601f8ff001000000a340900001172
:101b600000000000222008000430890004208a00c0
:101b70000648090106500a010200c01025488900e4
:101b8000020029352678a7001c00e00500000000af
:101b900021482c012b782c0121504d0121504f015f
:101ba00002004d11000000002b784d013700e011bc
:101bb0000000000001002f310200e01100000000d1
:101bc0000200293542480900c07f0a0025482f013c
:101bd00042500a000080013c2550410101006b2564
:101be000ff0701242900611500000000f07f013c7f
:101bf0002528a10037000010000004242b782c01b8
:101c000023482c012b104f0123504f012b784d01fd
:101c10002578e2010700e01123504d010080013cce
:101c20002628a1002b7809002348090023500a0028
:101c300023504f010800401500000000030020154c
:101c4000000000000d00001000000b2425502001b2
:101c500000000924e0ff6b252040487107000011b7
:101c60000000000023586801222008000620890097
:101c70000448090104500a0125504401257849010e
:101c80000200e01500000000000005246800601953
:101c9000000000000004292500042f2d21504f01d1
:101ca0002b784f0121586f01c27a09000100ef31f2
:101cb00023482f01c2220900407d0a0025208f0001
:101cc00040780a00027b0f002528af00007d0b0042
:101cd0002528af0025100400251805000800e003a2
:101ce000000000002a7820012148290121504a01e2
:101cf0002300601521504f01257849011400e0119f
:101d0000000000000800401500000000030020153e
:101d10000000000067ff001000000b242550200188
:101d200000000924e0ff6b252040487161ff00118d
:101d300000000000235868012220080006208900c6
:101d40000448090104500a015aff001025504401bb
:101d5000ff0701241500c111000000002140e70029
:101d6000257806010300e01500000000d9ffe0041b
:101d70000000000025100600d8ff001025180700fd
:101d8000257849012700e01500000000ff07012425
:101d9000d0ffc115000000002678a7002100e00553
:101da00000000000f3ff0010000000002a7880010e
:101db00021608c012168ad011700c0152168af01b9
:101dc0002578ac01c3ffe011000000000800a01559
:101dd00000000000030080150000000039ff001023
:101de00000000e242568800100000c24e0ffce25b1
:101df0002040a87133ff0011000000002370c801cb
:101e00002220080006208c0004600c0104680d01eb
:101e10002cff00102568a4012578ac01d5ffe01146
:101e200000000000f8ff053caaff00100000042499
:101e30000100082423400b012000012d070020147d
:101e400000000000e0ff08212b3009000d000a10ff
:101e500025484601f8ff001000000a34090000116f
:101e600000000000222008000430890004208a00bd
:101e70000648090106500a010200c01025488900e1
:101e80000200293583ff001000000b240000000031
:020000040000fa
:020000041d01dc
:101e9000e8ffbd271400bfaf1000beaf21f0a003c4
:101ea0001800c4af00a0023ce00042240a004290a7
:101eb00001004238ff0042300300401000000000e3
:101ec0009d48400b0000000001000224158082a301
:101ed0001800c28f0000429424000324b100431074
:101ee00000000000250043283800601000000000ba
:101ef0000c00032489004310000000000d0043285b
:101f00001900601000000000040003246a00431060
:101f100000000000050043280800601000000000d9
:101f200094004010000000000200032462004310ef
:101f3000000000009a48400b000000000800032445
:101f40005d004310000000000a00032498004310c5
:101f50000000000006000324980043100000000069
:101f60009a48400b00000000140003249600431020
:101f70000000000015004328090060100000000068
:101f8000100003244c004310000000001200032442
:101f900090004310000000009a48400b0000000031
:101fa000200003244400431000000000220003240a
:101fb0008b00431000000000180003248b00431026
:101fc000000000009a48400b00000000900003242d
:101fd0008900431000000000910043281a0060109f
:101fe0000000000040000324330043100000000004
:101ff000410043280900601000000000280003246d
:1020000080004310000000003000032480004310d3
:10201000000000009a48400b00000000600003240c
:102020007e004310000000008000032422004310c3
:1020300000000000500003247b004310000000005b
:102040009a48400b0000000010010324790043105f
:1020500000000000110143280c0060100000000087
:10206000c000032476004310000000000001032498
:102070001100431000000000a0000324730043106f
:10208000000000009a48400b0000000040010324bb
:102090007100431000000000800103242a00431057
:1020a00000000000200103246e0043100000000027
:1020b0009a48400b0000000000a0023ce0004224cf
:1020c0000b004290030003240600431000000000b0
:1020d000040003240e004310000000004548400b9c
:1020e0000000000000a0023ce000422401000324a4
:1020f000040043a0030004241800c58f2130000011
:10210000ab69400f000000004548400b0000000094
:10211000000000009a48400b000000000300042467
:102120001800c58f21300000ab69400f000000008f
:1021300000a0023ce0004224030003240b0043a063
:102140009a48400b00000000040004241800c58fca
:1021500021300000ab69400f0000000000a0023ced
:10216000e0004224040003240b0043a09a48400be3
:102170000000000001000224158082a300a0023ca0
:10218000e00042240b004290212040002e80852751
:1021900001000624ab69400f000000009a48400b84
:1021a00000000000000000009a48400b0000000002
:1021b000000000009a48400b0000000000000000f2
:1021c0009a48400b00000000000000009a48400bb5
:1021d00000000000000000009a48400b00000000d2
:1021e000000000009a48400b0000000000000000c2
:1021f0009a48400b00000000000000009a48400b85
:1022000000000000000000009a48400b00000000a1
:10221000000000009a48400b000000000000000091
:102220009a48400b00000000000000009a48400b54
:1022300000000000000000009a48400b0000000071
:10224000000000009a48400b000000000000000061
:102250009a48400b00000000000000009a48400b24
:1022600000000000000000001800c28f000042942f
:102270002e8082a721e8c0031400bf8f1000be8ffc
:0c2280001800bd270800e003000000006b
:020000040000fa
:020000041d01dc
:10228c00b0ffbd274c00bfaf4800beaf4400b3af9a
:10229c004000b2af3c00b1af3800b0af21f0a003aa
:1022ac005000c4af5400c5af5800c6af5c00c7aff8
:1022bc00640002241c00c2af1800c0af8249400b5e
:1022cc00000000001800c48f026f400f00000000d7
:1022dc00029d063c21204000212860009cb2c78c46
:1022ec0098b2c68c104d400f0000000021804000b9
:1022fc00218860001c00c48f026f400f000000009a
:10230c0021200002212820022130400021386000c9
:10231c006a45400f00000000212040002128600089
:10232c005b63400f000000002000c2af1800c28f9a
:10233c000100422421204000026f400f00000000e9
:10234c00029d063c21204000212860009cb2c78cd5
:10235c0098b2c68c104d400f000000002180400048
:10236c00218860001c00c48f026f400f0000000029
:10237c002120000221282002213040002138600059
:10238c006a45400f00000000212040002128600019
:10239c005b63400f000000002400c2af5000c48fec
:1023ac00026f400f00000000218040002188600077
:1023bc005800c48f026f400f0000000021904000b5
:1023cc00219860002000c48f5a6a400f0000000062
:1023dc0021204000212860005359400f00000000cc
:1023ec002120400221286002213040002138600069
:1023fc00104d400f00000000212000022128200277
:10240c0021304000213860009a46400f0000000047
:10241c0021204000212860005c6d400f000000006e
:10242c002800c2af5400c48f026f400f00000000a0
:10243c0021804000218860005c00c48f026f400f37
:10244c000000000021904000219860002000c48f03
:10245c005a6a400f00000000212040002128600033
:10246c008c5a400f000000002120400221286002fd
:10247c002130400021386000104d400f000000005a
:10248c002120000221282002213040002138600048
:10249c009a46400f000000002120400021286000d7
:1024ac005c6d400f000000002c00c2af5000c48fc8
:1024bc00026f400f00000000218040002188600066
:1024cc005800c48f026f400f0000000021904000a4
:1024dc00219860002400c48f5a6a400f000000004d
:1024ec0021204000212860005359400f00000000bb
:1024fc002120400221286002213040002138600058
:10250c00104d400f00000000212000022128200265
:10251c0021304000213860009a46400f0000000036
:10252c0021204000212860005c6d400f000000005d
:10253c003000c2af5400c48f026f400f0000000087
:10254c0021804000218860005c00c48f026f400f26
:10255c000000000021904000219860002400c48fee
:10256c005a6a400f00000000212040002128600022
:10257c008c5a400f000000002120400221286002ec
:10258c002130400021386000104d400f0000000049
:10259c002120000221282002213040002138600037
:1025ac009a46400f000000002120400021286000c6
:1025bc005c6d400f000000003400c2af2800c28fd9
:1025cc002026027c2c00c28f202e027c3000c28f71
:1025dc00201e027c3400c28f2016027c1000a0af9b
:1025ec002130600021384000bc51400f0000000039
:1025fc001800c28f010042241800c2af1800c38f0c
:10260c001c00c28f2a1062002eff40140000000034
:10261c0021e8c0034c00bf8f4800be8f4400b38f2d
:10262c004000b28f3c00b18f3800b08f5000bd27f6
:08263c000800e00300000000ab
:020000040000fa
:020000041d01dc
:10264400d0ffbd272c00bfaf2800beaf21f0a003f0
:102654003000c4af2110a0003400c2a3029d023c8c
:1026640018b242241c00c2af029d023c2cb2422488
:102674002000c2af029d023c40b242242400c2affb
:10268400030002241900c2a31800c0a33400c2939b
:102694000a00401000000000ff00023cffff443429
:1026a4002c73400f00000000212000002073400f15
:1026b40000000000b749400b00000000212000008a
:1026c4002c73400f00000000ff00023cffff443465
:1026d4002073400f0000000021200000b872400f5a
:1026e40000000000019d023c280a4424c670400feb
:1026f400000000000100042402000524029d023ca5
:102704004cb246242557400f000000001800c0a317
:102714000c4a400b000000002b8082931800c393e6
:102724002400621400000000212000002c73400fdc
:1027340000000000ff00023cffff44342073400f00
:10274400000000001800c293ffff4230211840002f
:10275400211060000011020023104300ffff4230eb
:1027640014004224ffff4230202e027c1800c29342
:10277400ffff4230211840002110600000110200c8
:1027840023104300ffff42301e004224ffff42306b
:102794002016027c1000a0af080004247800062450
:1027a40021384000185c400f00000000f549400b40
:1027b40000000000ff00023cffff44342c73400f74
:1027c40000000000212000002073400f00000000e2
:1027d4001800c293ffff423021184000211060000e
:1027e4000011020023104300ffff42301400422472
:1027f400ffff4230201e027c1800c29380100200aa
:102804001800c427211082000400428c0a0004240a
:1028140021286000213040002557400f00000000af
:102824001800c293010042241800c2a31800c393e5
:102834001900c2932b106200b7ff4014000000007f
:102844003400c2930a00401000000000ff00023c64
:10285400ffff44342c73400f0000000021200000cf
:102864002073400f00000000244a400b00000000c9
:10287400212000002c73400f00000000ff00023ce8
:10288400ffff44342073400f000000003000c28f6b
:1028940052004010000000003000c28f000042943b
:1028a400400003243d004310000000004100432881
:1028b40006006010000000002000032446004310be
:1028c40000000000784a400b000000008000032450
:1028d4001100431000000000000103240300431012
:1028e40000000000784a400b000000002b80829317
:1028f40007004010000000002b808293ffff422459
:10290400ff0042302b8082a3784a400b0000000075
:10291400784a400b000000002b80829301000324be
:102924000f004310000000000200032413004310b2
:10293400000000000300401000000000664a400b45
:1029440000000000020004243000c58f2130000084
:10295400ab69400f00000000664a400b0000000015
:10296400040004243000c58f21300000ab69400fff
:1029740000000000664a400b00000000050004242b
:102984003000c58f21300000ab69400f000000000b
:1029940000000000784a400b000000002b80829366
:1029a400211840001900c293ffff42242a1062003c
:1029b40007004010000000002b8082930100422495
:1029c400ff0042302b8082a3784a400b00000000b5
:1029d400784a400b000000000000000021e8c0031a
:1029e4002c00bf8f2800be8f3000bd270800e003f5
:0429f40000000000df
:020000040000fa
:020000041d01dc
:1029f800180000a002000000000000001a0000a05b
:102a08000100000000000000780000a05400000051
:102a180000000000cc0000a014000000000000002e
:102a2800ec0b00a08c000000010000005369676ee9
:102a3800616c310000000000000000000000000090
:102a48005369676e616c32000000000000000000ee
:102a5800000000005369676e616c330000000000dd
:102a680000000000000000005369676e616c3400cc
:102a78000000000000000000000000005369676ebd
:102a8800616c35000000000000000000000000003c
:102a98005369676e616c360000000000000000009a
:102aa800000000005369676e616c37000000000089
:102ab8000000000000000000e80500a080040000fd
:102ac800000000001b0000a0010000000000000042
:102ad8003c0b00a0b0000000000000001c0000a09b
:102ae8000400000000000000e00000a00c0000004e
:102af80000000000000000a010000000010000001d
:102b080001000000010000000100000001000000b9
:102b1800bc0d00a02000000001000000400100a042
:102b2800a8040000020000002c00000001000000c2
:102b3800000000000a00000000000000400100a0a2
:102b4800a804000000000000ec0000a0380000000d
:102b580000000000200000a00500000000000000a8
:102b6800700d00a04c00000001000000a497019d1a
:102b7800b097019db097019db097019dbc97019dad
:102b8800d897019dec97019d0498019d1498019d8b
:102b98001c98019d2898019d4098019d5898019d79
:102ba8006c98019d7498019d7498019d7498019d7d
:102bb8007498019d7498019d280000a00c000000e5
:102bc80000000000240100a01c000000000000001c
:102bd800340000a00c00000000000000680a00a0fb
:102be800d400000001000000cc0a00a0e80a00a000
:102bf800040b00a0c80a00a0780c00a00100000087
:102c080000000000000000000000000000000000bc
:102c180000000000000000000000000000000000ac
:102c2800000000000000000000000000000000009c
:102c3800000000000000000000000000000000008c
:102c4800000000000000000000000000ffffffff80
:102c5800ffffffff00000000400000000910000017
:102c680000000000bcd3019dffffffff0000000033
:102c78000000000000000000021001000000000039
:102c8800bcd3019dffffffff000000000000000013
:102c9800000000000200020000000000bcd3019dfb
:102ca800fdffffff00000000000000000000000022
:102cb800000000000000000000000000780c00a0e8
:102cc8008800000000000000100000a004000000c0
:102cd80001000000680a00a0400000a004000000f5
:102ce80000000000000d00a07000000001000000be
:102cf800b5b4bf57000000008e658633caffffffda
:102d080054b7d5e31d170000a76a63f9977ff9ff49
:102d18006d1e171111111101cc28aaaaaaaaaaea94
:102d28005705000000000080b628de6e0400000091
:102d3800f9704940b0fdffff9966c6fc0cd0000051
:102d4800fd604dd3277dd2ff815841555555550516
:102d5800bfb80000000000c03d0100000000008076
:102d6800140000a0040000000100000002000000a0
:102d780000000000222222222222222222222222b3
:020000040000fa
:020000041d01dc
:102d8800b8ffbd274400bfaf4000beaf21f0a0038d
:102d9800200002241800c2af400002241c00c2af69
:102da800320002242000c2af200002242400c2af57
:102db8002000c28fc21f02002110620043100200cf
:102dc8001c00c38f231062002800c2af2000c28fee
:102dd800c21f0200211062004310020021184000a7
:102de8001c00c28f211062002c00c2af1800c28fd5
:102df8002026027c2800c28f202e027c1800c28f59
:102e0800ffff43302400c28fffff423023106200cf
:102e1800ffff4230201e027c2c00c28f2016027c4d
:102e28001000a0af2130600021384000bc51400f95
:102e3800000000001800c28fffff43302400c28f3b
:102e4800ffff423023106200ffff42302026027c41
:102e58002c00c28f202e027c1800c28fffff433047
:102e68002400c28fffff423021106200ffff423072
:102e7800201e027c2c00c28f2016027c1000a0affe
:102e88002130600021384000bc51400f0000000094
:102e98001800c28fffff43302400c28fffff42306b
:102ea80021106200ffff42302026027c2c00c28fd6
:102eb800202e027c1800c28f201e027c2800c28fa0
:102ec8002016027c1000a0af21306000213840009d
:102ed800bc51400f000000000a0002243000c2afbd
:102ee8001e0002243400c2af1800c48f1c00c58f16
:102ef8003400c68f3000c78fa348400f0000000081
:102f08001800c28f201e027c1c00c28f2016027c73
:102f180021206000212840000500062421380000f7
:102f28003250400f00000000070002243800c2aff2
:102f38001800c28fffff43303000c28fc227020043
:102f48002110820043100200ffff4230231062006c
:102f5800ffff42302026027c1c00c28f202e027cfc
:102f68001800c28f201e027c1c00c28fffff463053
:102f78003800c28fffff42302310c200ffff4230eb
:102f88002016027c1000a0af2130600021384000dc
:102f9800bc51400f000000001800c28f2026027ca0
:102fa8001c00c28fffff43303800c28fffff423042
:102fb80023106200ffff4230202e027c3000c28fb7
:102fc800c21f02002110620043100200ffff4330bd
:102fd8001800c28fffff423021106200ffff42300d
:102fe800201e027c1c00c28f2016027c1000a0af9d
:102ff8002130600021384000bc51400f0000000023
:103008003000c28fc21f020021106200431002006c
:10301800ffff43301800c28fffff423021106200cb
:10302800ffff42302026027c1c00c28f202e027c2b
:103038001800c28fffff43303000c28fc237020032
:103048002110c20043100200ffff4230231062002b
:10305800ffff4230201e027c1c00c28f2016027c1b
:103068001000a0af2130600021384000bc51400f53
:10307800000000001800c28fffff4230d3ff422437
:10308800ffff42302026027c1c00c28fffff423027
:10309800e4ff4224ffff4230202e027c1800c28f3a
:1030a800ffff42302d004224ffff4230201e027ce9
:1030b8001c00c28fffff42301c004224ffff423039
:1030c8002016027c8000063c8080c6341000a6af23
:1030d80021306000213840007665400f0000000074
:1030e80021e8c0034400bf8f4000be8f4800bd27c1
:0830f8000800e00300000000e5
:020000040000fa
:020000041d01dc
:10310000d8ffbd272400bfaf2000beaf21f0a00331
:103110002118a0002110c0003400c7af2800c4a7a8
:103120002c00c3a73000c2a72800c28703004104b7
:10313000000000000a4d400b000000002c00c28778
:1031400003004104000000000a4d400b0000000095
:103150003000c2870300401c000000000a4d400bf5
:10316000000000003000c29740100200ffff423014
:103170000100032423106200ffff42301400c2a7a5
:103180001600c0a71800c0a73000c2971000c2a741
:103190001200c0a7054d400b000000004480828f44
:1031a0000000428c2800c4971000c39723188300a6
:1031b000ffff63302026037c2c00c5971200c397c5
:1031c0002118a300ffff6330201e037c212860002c
:1031d0003400c68f09f84000000000004480828f50
:1031e0000000428c2800c4971000c3972318830066
:1031f000ffff63302026037c2c00c5971200c39785
:103200002318a300ffff6330201e037c21286000e9
:103210003400c68f09f84000000000004480828f0f
:103220000000428c2800c4971000c3972118830027
:10323000ffff63302026037c2c00c5971200c39744
:103240002118a300ffff6330201e037c21286000ab
:103250003400c68f09f84000000000004480828fcf
:103260000000428c2800c4971000c39721188300e7
:10327000ffff63302026037c2c00c5971200c39704
:103280002318a300ffff6330201e037c2128600069
:103290003400c68f09f84000000000004480828f8f
:1032a0000000428c2800c4971200c39723188300a3
:1032b000ffff63302026037c2c00c5971000c397c6
:1032c0002118a300ffff6330201e037c212860002b
:1032d0003400c68f09f84000000000004480828f4f
:1032e0000000428c2800c4971200c3972318830063
:1032f000ffff63302026037c2c00c5971000c39786
:103300002318a300ffff6330201e037c21286000e8
:103310003400c68f09f84000000000004480828f0e
:103320000000428c2800c4971200c3972118830024
:10333000ffff63302026037c2c00c5971000c39745
:103340002118a300ffff6330201e037c21286000aa
:103350003400c68f09f84000000000004480828fce
:103360000000428c2800c4971200c39721188300e4
:10337000ffff63302026037c2c00c5971000c39705
:103380002318a300ffff6330201e037c2128600068
:103390003400c68f09f84000000000001200c28708
:1033a000010042241200c2a71800c3971600c2975a
:1033b00021106200ffff42301800c2a71600c2971a
:1033c00002004224ffff42301600c2a71800c28745
:1033d000401802001400c287211062000d0040183e
:1033e000000000001000c287ffff42241000c2a7a7
:1033f0001800c3971400c29721106200ffff4230eb
:103400001800c2a71400c29702004224ffff4230f6
:103410001400c2a71000c3871200c2872a106200de
:103420005eff40100000000021e8c0032400bf8fb1
:103430002000be8f2800bd270800e0030000000028
:020000040000fa
:020000041d01dc
:103440004050050042550a00c04a0500427d040074
:1034500025482f01c042040000800e3c25482e0163
:1034600040680700426d0d00c0620700427d060003
:1034700025608f01c05a060025608e012628a7000e
:103480002428ae00ffff4f25fe07e12d4700201046
:1034900000000000ffffaf25fe07e12d6f002010a8
:1034a0000000000002fcaf2521504f0119002c0143
:1034b000123800001070000019000b0112200000eb
:1034c0001030000019002b01125800001068000095
:1034d0002130cb002b78cb002138ed002138ef00d4
:1034e0000200ed10000000002b78ed002170cf01ec
:1034f00019000c0112400000104800002130c800e3
:103500002b78c8002138e9002138ef000200e910cb
:10351000000000002b78e9002170cf01257886009b
:103520000200e011000000000100e73425480e0011
:1035300006002005254007002a78000121400801e7
:103540002148290121482f01ffff4a25ffff4f2570
:10355000fe07e12d6800201000000000000408258f
:1035600000040f2d21482f012b782f0121504f01ee
:10357000c27a08000100ef3123400f01c222080087
:10358000407d090025208f0040780900027b0f0054
:103590002528af00007d0a002528af002510040073
:1035a000251805000800e003000000002a7800014b
:1035b00021400801214829011c00401521482f0104
:1035c000257828011400e0110000000008002015f3
:1035d000000000000300001500000000adff001017
:1035e00000000a242548000100000824e0ff4a25c5
:1035f00020702e71a7ffc0110000000023504e0163
:1036000022380e000638e8000440c8010448c90109
:10361000a0ff001025482701ff0701243300a11156
:1036200000000000ddff00100000000025782801e8
:103630002e00e015000000000500a01500000000ad
:1036400040780c002578eb012800e0110000000014
:10365000ff0701242100a115000000002a78600165
:1036600021586b0121608c011900a01521608f0188
:1036700025788b011400e01100000000080080157f
:1036800000000000030060150000000085ff00102e
:1036900000000d242560600100000b24e0ffad2533
:1036a000203086717fffc010000000002368a60153
:1036b000227006000670cb010458cb000460cc00d9
:1036c00078ff001025608e01b4ff00100000042474
:1036d00025788b010500e01500000000f07f013c1b
:1036e0002528a100adff001000000424f8ff053cd0
:1036f000aaff001000000424f8ff401d0000000095
:1037000001000e242370ca012000c12d07002014df
:1037100000000000e0ffce212b3008000d00091052
:1037200025402601f8ff0010000009340900c011ef
:103730000000000022380e000430e8000438e900e0
:103740000640c8010648c9010200c0102540e80033
:10375000020008350004082500040f2d21482f0120
:0c37600083ff0010c257090000000000a9
:020000040000fa
:020000041d01dc
:10376c0048ffbd27b400bfafb000beafac00b0afd8
:10377c0021f0a003b800c4af2110a000bc00c2a36c
:10378c00b800c28fb8004010000000001000c0a3a9
:10379c00f84d400b000000001000c293b800c38f1e
:1037ac0000006394212060001000c393071864008c
:1037bc00ff00633001006330ff0063301000c4274a
:1037cc0021108200900043a01000c29301004224fb
:1037dc001000c2a31000c2930700422ceeff40144d
:1037ec00000000001000c0a3374e400b000000008a
:1037fc001000c2931400c327801002008020020026
:10380c0021104400211862001000c29380100200a5
:10381c00802002002110440000a0043cec0b842406
:10382c00211044002120600021284000245a400f20
:10383c00000000001000c2931000c327211062008a
:10384c009000429011004010000000001000c29344
:10385c001400c327801002008020020021104400b5
:10386c002180620021200002295d400f0000000031
:10387c0021100202029d033c88b2638c030043a812
:10388c00000043b8344e400b000000001000c293ff
:10389c001400c32780100200802002002110440075
:1038ac002180620021200002295d400f00000000f1
:1038bc0021100202029d033c8cb2638c030043a8ce
:1038cc00000043b81000c293010042241000c2a3b0
:1038dc001000c2930700422cc5ff401400000000ea
:1038ec00bc00c2930a00401000000000ff00023c24
:1038fc00ffff44342c73400f000000002120000017
:10390c002073400f000000004e4e400b00000000e2
:10391c00212000002c73400f00000000ff00023c2f
:10392c00ffff44342073400f0000000021200000f2
:10393c00b872400f00000000019d023c280a44248c
:10394c00c670400f000000001400c22721200000a8
:10395c0014000524213040002557400f00000000c2
:10396c00019d023c280a4424c670400f0000000050
:10397c001400c22714004224212000002300052437
:10398c00213040002557400f00000000019d023cf3
:10399c00280a4424c670400f000000001400c227ff
:1039ac002800422421200000320005242130400050
:1039bc002557400f00000000019d023c280a4424ba
:1039cc00c670400f000000001400c2273c004224c7
:1039dc002120000043000524213040002557400fd2
:1039ec0000000000019d023c280a4424c670400fd0
:1039fc00000000001400c2275000422421200000c7
:103a0c0052000524213040002557400f00000000d3
:103a1c00019d023c280a4424c670400f000000009f
:103a2c001400c227640042242120000063000524f6
:103a3c00213040002557400f00000000019d023c42
:103a4c00280a4424c670400f000000001400c2274e
:103a5c00780042242120000074000524213040000d
:103a6c002557400f0000000021e8c003b400bf8fb1
:103a7c00b000be8fac00b08fb800bd270800e003cb
:043a8c000000000036
:020000040000fa
:020000041d01dc
:103a9000e8ffbd271400bfaf1000beaf21f0a003a8
:103aa00000a0023c3c0b4224a800428c0700432c9f
:103ab000b20060100000000080180200019d023c6e
:103ac000d43a4224211062000000428c08004000d9
:103ad00000000000f03a019d583b019d7c3d019d96
:103ae000843c019dc83c019d0c3d019d403d019dd4
:103af00021200000060005240c000624ea73400f74
:103b00000000000000a0023c3c0b4224ac004290ac
:103b1000070040140000000000a0023c3c0b4224bf
:103b200001000324a80043ac604f400b00000000dc
:103b300000a0023c3c0b4224ac004290ffff422418
:103b4000ff00433000a0023c3c0b4224ac0043a0e9
:103b5000604f400b0000000000a0023c3c0b4224e0
:103b6000ad00429001004238ff0042304300401057
:103b70000000000000a0023c3c0b4224ac0042903c
:103b80000800432c2a00601000000000801802008a
:103b9000019d023ca83b4224211062000000428c9f
:103ba0000800400000000000c83b019dd83b019d7b
:103bb000e83b019df83b019d0c3c019d203c019d93
:103bc000503c019d503c019d246e400f00000000c0
:103bd000154f400b00000000046e400f0000000075
:103be000154f400b00000000446e400f0000000025
:103bf000154f400b0000000005000424146c400f1a
:103c000000000000154f400b0000000010000424cd
:103c1000f966400f00000000154f400b0000000047
:103c2000646e400f00000000154f400b00000000c4
:103c3000e46d400f0000000000a0023c3c0b422459
:103c400006000324a80043ac154f400b0000000001
:103c50000000000000a0023c3c0b4224ac0042905b
:103c600001004224ff00433000a0023c3c0b4224f0
:103c7000ac0043a0604f400b00000000604f400bc1
:103c80000000000000a0023c3c0b4224ad0042902a
:103c900001004238ff0042300900401000000000df
:103ca0005264400f0000000000a0023c3c0b422484
:103cb00004000324a80043ac604f400b0000000048
:103cc000604f400b0000000000a0023c3c0b42246f
:103cd000ad00429001004238ff0042300900401020
:103ce00000000000cc6c400f0000000000a0023c6f
:103cf0003c0b422406000324a80043ac604f400b59
:103d000000000000604f400b0000000000a0023cdb
:103d10003c0b4224ad004290070040100000000020
:103d200000a0023c3c0b422406000324a80043ac44
:103d3000604f400b00000000604f400b000000008f
:103d400000a0023c3c0b4224ad00429001004238ee
:103d5000ff004230070040100000000000a0023cbd
:103d60003c0b422405000324a80043ac604f400be9
:103d700000000000604f400b000000000000000049
:103d800000a0023c3c0b4224a800428c05004238b3
:103d90000100422cff00423021e8c0031400bf8f15
:103da0001000be8f1800bd270800e00300000000cf
:020000040000fa
:020000041d01dc
:103db000e8ffbd271400bfaf1000beaf21f0a00385
:103dc00080bf023c0090443421280000ae74400fb4
:103dd0000000000080bf023c00904434c404023c58
:103de00000b445340700023c20a146340774400f5c
:103df0000000000080bf023c00904434f474400f87
:103e00000000000080bf023c0090443421280000e4
:103e10009a74400f0000000080bf023c00904434c0
:103e2000fc74400f0000000080bf023c009044344e
:103e30001f000524a974400f0000000080bf023c51
:103e400000904434212800009f74400f00000000bf
:103e500080bf023c009044340d000524a474400f40
:103e60000000000080bf023c0090443402000524a2
:103e7000b374400f0000000080bf023c0090443447
:103e800021280000b874400f0000000080bf023cf1
:103e90000090443421280000bd74400f0000000051
:103ea00080bf023c009044342128000021300000f3
:103eb000ee72400f0000000080bf023c00904434ce
:103ec000010005249574400f0000000080bf023cf3
:103ed00000904434f874400f0000000080bf023ca2
:103ee00000904434020005249574400f0000000047
:103ef00080bf023c00904434f874400f0000000082
:103f000080bf023c00904434040005249574400fa7
:103f10000000000080bf023c00904434f874400f61
:103f20000000000080bf023c0090443408000524db
:103f30009574400f0000000080bf023c00904434a4
:103f4000f874400f0000000080bf023c0090443431
:103f5000100005249574400f0000000080bf023c53
:103f600000904434f874400f0000000080bf023c11
:103f700000904434200005249574400f0000000098
:103f800080bf023c00904434f874400f00000000f1
:103f900080bf023c00904434000405249574400f17
:103fa0000000000080bf023c00904434f874400fd1
:103fb0000000000080bf023c00904434000805244b
:103fc0009574400f0000000080bf023c0090443414
:103fd000f874400f0000000080bf023c00904434a1
:103fe000000105249574400f0000000080bf023cd2
:103ff00000904434f874400f0000000080bf023c81
:1040000000904434000205249574400f0000000025
:1040100080bf023c00904434f874400f0000000060
:1040200080bf023c00904434001005249574400f7a
:104030000000000080bf023c00904434f874400f40
:104040000000000080bf023c0090443400200524a2
:104050009574400f0000000080bf023c0090443483
:10406000f874400f0000000080bf023c0090443410
:10407000004005249574400f0000000080bf023c02
:1040800000904434f874400f0000000080bf023cf0
:1040900000904434008005349574400f0000000007
:1040a00080bf023c00904434f874400f00000000d0
:1040b00021e8c0031400bf8f1000be8f1800bd2779
:0840c0000800e003000000000d
:020000040000fa
:020000041d01dc
:1040c800d8ffbd272400bfaf2000beaf21f0a0035a
:1040d8002118a0002110c0003400c7af2800c4a7d1
:1040e8002c00c3a73000c2a72800c28703004104e0
:1040f80000000000f250400b000000002c00c287b6
:104108000300410400000000f250400b00000000d2
:104118003000c2870300401c00000000f250400b32
:10412800000000003000c29740100200ffff42303c
:104138000300032423106200ffff42301c00c2a7c3
:104148001800c0a73000c2971a00c2a7e550400b5c
:10415800000000001a00c287350040180000000067
:104168002800c3971800c29723106200ffff42304f
:104178002026027c2c00c3971a00c29723106200e5
:10418800ffff4230202e027c2800c3971800c297f8
:1041980023106200ffff4230201e027c2c00c697cd
:1041a8001a00c2972110c200ffff42302016027c7d
:1041b8003400c68f1000a6af2130600021384000bf
:1041c800bc51400f000000002800c3971800c29798
:1041d80021106200ffff42302026027c2c00c3978a
:1041e8001a00c29723106200ffff4230202e027c83
:1041f8002800c3971800c29721106200ffff4230c1
:10420800201e027c2c00c6971a00c2972110c200fb
:10421800ffff42302016027c3400c68f1000a6af84
:104228002130600021384000bc51400f00000000e0
:104238001800c28735004018000000002800c39706
:104248001a00c29723106200ffff42302026027c2a
:104258002c00c3971800c29723106200ffff42305a
:10426800202e027c2800c3971a00c29723106200f0
:10427800ffff4230201e027c2c00c6971800c29710
:104288002110c200ffff42302016027c3400c68f86
:104298001000a6af2130600021384000bc51400f0b
:1042a800000000002800c3971a00c297211062007e
:1042b800ffff42302026027c2c00c3971800c297cb
:1042c80023106200ffff4230202e027c2800c39793
:1042d8001a00c29721106200ffff4230201e027ca4
:1042e8002c00c6971800c2972110c200ffff423069
:1042f8002016027c3400c68f1000a6af2130600063
:1043080021384000bc51400f000000001c00c2874b
:104318000c004104000000001800c2978010020041
:10432800ffff43301c00c29721106200ffff42309c
:1043380006004224ffff42301c00c2a7e250400b97
:10434800000000001800c3971a00c29723106200eb
:10435800ffff423080100200ffff43301c00c2976d
:1043680021106200ffff42300a004224ffff423062
:104378001c00c2a71a00c287ffff42241a00c2a766
:104388001800c287010042241800c2a71800c3877a
:104398001a00c2872a1043006eff40100000000078
:1043a8002800c4872c00c3873000c28721286000fa
:1043b800213040003400c78f404c400f00000000ff
:1043c80021e8c0032400bf8f2000be8f2800bd272e
:0843d8000800e00300000000f2
:020000040000fa
:020000041d01dc
:1043e000c8ffbd273400bfaf3000beaf21f0a0032f
:1043f0003800c4af3c00c5af3800c28f0800401081
:10440000000000003800c28f0000428c0400401001
:10441000000000003c00c28f0400401400000000b7
:10442000fdff0224b651400b000000003800c28f8f
:104430001000438c01000224040062100000000000
:10444000fdff0224b651400b000000003800c28f6f
:10445000080042900100422480100200c0180200af
:10446000211843003800c28f0c00428c21106200da
:10447000040042241400c2af3800c28f0400438cf1
:104480001400c28f2b1062000400401000000000d6
:10449000ffff0224b651400b000000003800c28f1d
:1044a0000000438c3800c28f0400428c2120600041
:1044b0002128000021304000856a400f00000000e4
:1044c0003800c28f0000428c1800c2af1800c28fa3
:1044d00024004224211840001800c28f000043ac81
:1044e0001800c28f0000428c211840003800c28f93
:1044f0000800429080100200c020020021104400f9
:1045000021106200211840001800c28f0c0043ac3b
:104510001800c28f0000428c1c00c2af1800c28f6e
:104520001c00c38f040043ac1800c28f1c00c38f53
:10453000080043ac1c00c28f1800c38f000043acbe
:10454000010002241000c2a37051400b00000000c3
:104550001800c28f0800438c1000c2938010020024
:10456000c0200200211044001c00c48f21108200d2
:10457000200062ac1000c29380100200c01802003c
:10458000211043001c00c38f211862001800c28f45
:10459000080043ac1000c29380100200c018020053
:1045a000211043001c00c38f211062001800c38f2c
:1045b000000043ac1000c293010042241000c2a3cb
:1045c0003800c28f080042901000c3932b10620085
:1045d000dfff4014000000003800c28f0400438c4d
:1045e0003800c28f0800429080100200c0200200f4
:1045f0002110440023106200dcff42242000c2afdf
:104600003800c28f0c00428c040042242000c38f6b
:104610001b006200f40140001010000012100000a6
:104620002400c2af1800c28f0c00428c2800c2af19
:104630001800c28f2800c38f100043ac1800c28f2f
:104640002800c38f140043ac010002241000c2a351
:10465000aa51400b000000001800c28f0c00428cd1
:104660003800c38f0c00638c040064241000c393d3
:104670001800830012180000211043002800c2af68
:104680001800c28f1400428c2800c38f000043ac76
:104690001800c28f2800c38f140043ac1000c293cf
:1046a000010042241000c2a31000c3932400c28f53
:1046b0002b106200e8ff4014000000001800c28fb9
:1046c0002400c38f200043ac1800c38f3c00c28f6e
:1046d000000043ac2110000021e8c0033400bf8f6c
:1046e0003000be8f3800bd270800e0030000000046
:020000040000fa
:020000041d01dc
:1046f000c8ffbd273400bfaf3000beaf21f0a0031c
:10470000214080002120a0002118c0002110e000dd
:104710003800c8a73c00c4a74000c3a74400c2a7f4
:104720004480828f5c0042900200423010004010b2
:10473000000000004480828f5800428c3800c487fb
:104740003c00c5874000c6874400c3874800c78f28
:104750001000a7af2138600009f8400000000000f9
:1047600003004014000000007152400b00000000e4
:104770004000c3973800c29723106200ffff423009
:104780002200c2a74400c3973c00c29723106200d6
:10479000ffff42302400c2a72200c287c31f0200cd
:1047a00026106200231043002600c2a72400c287ff
:1047b000c31f020026106200231043002800c2a776
:1047c0002200c287040040180000000001000224fb
:1047d000f751400b00000000ffff02242a00c2a78f
:1047e0002400c287040040180000000001000224d9
:1047f000ff51400b00000000ffff02242c00c2a765
:104800002800c287431002001a00c2a72600c287f0
:10481000431002001c00c2a73800c2971e00c2a7a6
:104820003c00c2972000c2a74480828f0000428cc7
:104830001e00c4872000c387212860004800c68f5f
:1048400009f84000000000002600c3872800c28746
:104850002a1062002f004014000000001800c0a7ba
:104860003e52400b000000001c00c3972800c29776
:1048700021106200ffff42301c00c2a71c00c3874a
:104880002600c2872a1062000b00401400000000be
:104890001c00c3972600c29723106200ffff42301e
:1048a0001c00c2a72000c3972c00c29721106200f1
:1048b000ffff42302000c2a71e00c3972a00c29704
:1048c00021106200ffff42301e00c2a74480828f89
:1048d0000000428c1e00c4872000c387212860008e
:1048e0004800c68f09f84000000000001800c28789
:1048f000010042241800c2a71800c3872600c287ff
:104900002a106200d8ff4014000000007152400bd2
:10491000000000001800c0a76c52400b000000000f
:104920001a00c3972600c29721106200ffff423091
:104930001a00c2a71a00c3872800c2872a10620083
:104940000b004014000000001a00c3972800c29713
:1049500023106200ffff42301a00c2a71e00c39757
:104960002a00c29721106200ffff42301e00c2a73a
:104970002000c3972c00c29721106200ffff423035
:104980002000c2a74480828f0000428c1e00c48792
:104990002000c387212860004800c68f09f8400026
:1049a000000000001800c287010042241800c2a7be
:1049b0001800c3872800c2872a106200d8ff40145d
:1049c0000000000021e8c0033400bf8f3000be8f1c
:0c49d0003800bd270800e00300000000d4
:020000040000fa
:020000041d01dc
:1049dc00d8ffbd272400bfaf2000beaf21f0a0033d
:1049ec002800c4af2800c28f1000428c1000c2af48
:1049fc002800c28f1000428c2e00401400000000d2
:104a0c002800c28f0c00438c2800c28f1000422457
:104a1c002120600021284000786b400f000000002e
:104a2c000400401000000000211000000253400b55
:104a3c00000000002800c28f1000428c04004014bb
:104a4c0000000000211000000253400b0000000089
:104a5c002800c28f1000428c1000c2af2800c28ff9
:104a6c00160040a02800c28f0400428c0a0040109f
:104a7c00000000002800c28f0400428c1000c58f7b
:104a8c001000c38f2800638c0100042421306000c7
:104a9c0009f84000000000001000c28f0100032440
:104aac00200043ac80bf023c005e44349f71400f39
:104abc00000000001400c0a31000c28f1000438c33
:104acc001000c28f1400428c2110620004004010b0
:104adc00000000002800c48f9953400f0000000014
:104aec002800c48f6c61400f000000001000c28fc2
:104afc001800438c1000c28f1c00428c21106200e5
:104b0c001800c2af1800c28f0a004010000000004d
:104b1c002800c48f9a57400f000000001000c28f6d
:104b2c001800438c1000c28f1c00428c21106200b4
:104b3c001800c2af1800c28f2b00401400000000f8
:104b4c001000c28f02000324200043ac1000c28f5f
:104b5c002400428c0a004010000000001000c28f9c
:104b6c002400428c1000c58f1000c38f2800638c6a
:104b7c00020004242130600009f84000000000000d
:104b8c002800c28f0800428c0a0040100000000070
:104b9c002800c28f0800428c1000c58f1000c38ff4
:104bac002800638c020004242130600009f84000c6
:104bbc00000000002800c28f0c00428c2120400015
:104bcc001000c58f286b400f00000000040040103f
:104bdc0000000000211000000253400b00000000f8
:104bec002800c28f100040ac1400c293ff0042306a
:104bfc007cff4014000000002110000021e8c003dd
:104c0c002400bf8f2000be8f2800bd270800e003c2
:044c1c000000000094
:020000040000fa
:020000041d01dc
:104c2000d8ffbd272400bfaf2000beaf21f0a003f6
:104c30002800c4af2800c28f1000428c1000c2af01
:104c40002800c28f1000428c2e004014000000008b
:104c50002800c28f0c00438c2800c28f1000422411
:104c60002120600021284000786b400f00000000e8
:104c70000400401000000000211000009353400b7e
:104c8000000000002800c28f1000428c0400401475
:104c900000000000211000009353400b00000000b2
:104ca0002800c28f1000428c1000c2af2800c28fb3
:104cb000160040a02800c28f0400428c0a00401059
:104cc000000000002800c28f0400428c1000c58f35
:104cd0001000c38f2800638c010004242130600081
:104ce00009f84000000000001000c28f01000324fa
:104cf000200043ac80bf023c005c44349f71400ff5
:104d0000000000001400c0a31000c28f1000438cec
:104d10001000c28f1400428c211062000400401069
:104d2000000000002800c48f1f54400f0000000046
:104d30002800c48f0062400f000000001000c28fe6
:104d40001800438c1000c28f1c00428c211062009e
:104d50001800c2af1800c28f0a0040100000000007
:104d60002800c48f0958400f000000001000c28fb7
:104d70001800438c1000c28f1c00428c211062006e
:104d80001800c2af1800c28f2b00401400000000b2
:104d90001000c28f02000324200043ac1000c28f19
:104da0002400428c0a004010000000001000c28f56
:104db0002400428c1000c58f1000c38f2800638c24
:104dc000020004242130600009f8400000000000c7
:104dd0002800c28f0800428c0a004010000000002a
:104de0002800c28f0800428c1000c58f1000c38fae
:104df0002800638c020004242130600009f8400080
:104e0000000000002800c28f0c00428c21204000ce
:104e10001000c58f286b400f0000000004004010f8
:104e200000000000211000009353400b0000000020
:104e30002800c28f100040ac1400c293ff00423023
:104e40007cff4014000000002110000021e8c00396
:104e50002400bf8f2000be8f2800bd270800e0037c
:044e6000000000004e
:020000040000fa
:020000041d01dc
:104e6400c8ffbd273400bfaf3000beaf2c00b1afc8
:104e74002800b0af21f0a0033800c4af3800c28fbf
:104e84001000508c3800c28f1600519080bf023c35
:104e9400005e4434010005243873400f0000000014
:104ea4002b102202080040100000000080bf023cca
:104eb400005e4434010005243873400f00000000f4
:104ec400b553400b000000003800c28f160042901a
:104ed4001800c2a31800c293100003242310620018
:104ee4001000c2a31000038e1000c2932b204300b5
:104ef4000a1064001c00c2af1c00c28f2e004010b8
:104f0400000000001c00c28fff0042301000c39359
:104f1400231062001000c2a31000038e1c00c28f75
:104f240023106200100002ae0000038e0800028eff
:104f3400211062002000c2af1400c0afde53400b4a
:104f4400000000002000c38f1400c28f21106200f3
:104f54000000429080bf033c005e6434212840007e
:104f64009075400f000000001400c28f010042241d
:104f74001400c2af1400c38f1c00c28f2b10620038
:104f8400f0ff4014000000000800038e1c00c28fd4
:104f940021106200080002ae3800c28f1600439050
:104fa4001c00c28fff00423021106200ff0043301a
:104fb4003800c28f160043a01400038e1000c29361
:104fc4002b2043000a1064002400c2af2400c28fc7
:104fd40020004010000000001400038e2400c28f43
:104fe40023106200140002ae3800c28f16004390f2
:104ff4002400c28fff00423021106200ff004330c2
:105004003800c28f160043a01400c0af1154400be7
:10501400000000003800c28f1800428cff004230ac
:1050240080bf033c005e6434212840009075400f2b
:10503400000000001400c28f010042241400c2af1b
:105044001400c38f2400c28f2b106200f1ff4014a0
:10505400000000002110000021e8c0033400bf8fcd
:105064003000be8f2c00b18f2800b08f3800bd27d0
:085074000800e0030000000049
:020000040000fa
:020000041d01dc
:10507c00c8ffbd273400bfaf3000beaf2c00b1afae
:10508c002800b0af21f0a0033800c4af3800c28fa5
:10509c001000508c3800c28f1600519080bf023c1b
:1050ac00005c4434010005243873400f00000000fc
:1050bc002b102202080040100000000080bf023cb0
:1050cc00005c4434010005243873400f00000000dc
:1050dc003b54400b000000003800c28f1600429079
:1050ec001800c2a31800c2931000032423106200fe
:1050fc001000c2a31000038e1000c2932b2043009b
:10510c000a1064001c00c2af1c00c28f2e0040109d
:10511c00000000001c00c28fff0042301000c3933f
:10512c00231062001000c2a31000038e1c00c28f5b
:10513c0023106200100002ae0000038e0800028ee5
:10514c00211062002000c2af1400c0af6454400ba9
:10515c00000000002000c38f1400c28f21106200d9
:10516c000000429080bf033c005c64342128400066
:10517c009075400f000000001400c28f0100422403
:10518c001400c2af1400c38f1c00c28f2b1062001e
:10519c00f0ff4014000000000800038e1c00c28fba
:1051ac0021106200080002ae3800c28f1600439036
:1051bc001c00c28fff00423021106200ff00433000
:1051cc003800c28f160043a01400038e1000c29347
:1051dc002b2043000a1064002400c2af2400c28fad
:1051ec0020004010000000001400038e2400c28f29
:1051fc0023106200140002ae3800c28f16004390d8
:10520c002400c28fff00423021106200ff004330a7
:10521c003800c28f160043a01400c0af9754400b47
:10522c00000000003800c28f1800428cff00423092
:10523c0080bf033c005c6434212840009075400f13
:10524c00000000001400c28f010042241400c2af01
:10525c001400c38f2400c28f2b106200f1ff401486
:10526c00000000002110000021e8c0033400bf8fb3
:10527c003000be8f2c00b18f2800b08f3800bd27b6
:08528c000800e003000000002f
:020000040000fa
:020000041d01dc
:10529400e0ffbd271c00bfaf1800beaf21f0a00384
:1052a4001000c0af00a0023cec0042241000c2afca
:1052b40080bf023c005e44344c75400f0000000087
:1052c40080bf023c005e44345875400f000000006b
:1052d40080bf023c005e4434212800007173400ffb
:1052e4000000000080bf023c005e44345075400f53
:1052f4000000000080bf023c005e4434212800000e
:10530400e574400f0000000080bf023c005e44349e
:1053140021280000e074400f0000000080bf023c20
:10532400005e443421280000db74400f00000000bc
:1053340080bf023c005e4434212800002b74400fdf
:1053440000000000212000005b73400f00000000fb
:1053540080bf033c005e6434212840000f00023cff
:10536400404246344171400f0000000080bf023cbf
:10537400005e44346075400f0000000080bf023cb2
:10538400005e44349f75400f000000000f00401081
:105394000000000080bf023c005e44345c75400f96
:1053a4000000000080bf023c005e4434020005247b
:1053b4005572400f0000000080bf023c005e443480
:1053c400060005245572400f0000000080bf023c17
:1053d400005e44349f71400f0000000080bf023c17
:1053e400005e44345475400f0000000000a0023ced
:1053f400bc0d44247c808527f850400f0000000039
:105404000400401000000000ffff02242455400b5c
:105414000000000000a0023cd00d42240a00032436
:10542400040043ac00a0023c01000324d00d43acb3
:105434007c80838f1000c28f0c00422421206000e6
:1054440000a0033cd00d652421304000745c400f63
:10545400000000000400401000000000ffff0224d0
:105464002455400b000000001000c28f040040ac23
:105474001000c28f080040ac80bf023c005e443480
:105484004875400f000000002110000021e8c0030f
:105494001c00bf8f1800be8f2000bd270800e0034a
:0454a4000000000004
:020000040000fa
:020000041d01dc
:1054a800e8ffbd271400bfaf1000beaf21f0a00376
:1054b800a44e400f000000007600401000000000dd
:1054c80000a0023ce80542240c04428c060040106f
:1054d8000000000001000324420043100000000007
:1054e800a355400b0000000000a0023ce805422440
:1054f80004044290390040100000000000a0023c63
:10550800e8054224040440a000a0023ce805422427
:105518000804428c0600401000000000010003242b
:1055280008004310000000007355400b0000000005
:1055380000a0023ce8054224020440a07355400b39
:1055480000000000080004242e67400f000000003f
:1055580000a0023ce805422403044290c210020065
:10556800ff0042302120400001000524ee6b400f6f
:105578000000000000a0023ce80542240304429019
:1055880008004224ff00433000a0023ce805422402
:10559800030443a000a0023ce8054224030442900f
:1055a8004000422c060040140000000000a0023c0d
:1055b800e8054224080440ac7255400b0000000086
:1055c8000000000000a0023ce8054224010003247a
:1055d8000c0443aca755400b00000000a755400b36
:1055e8000000000000a0023ce805422402044290aa
:1055f800c019020000a0023ce805422421186200fc
:1056080000a0023ce80542240204429021206000e8
:10561800800005242130400021380000d869400f5f
:105628000000000000a0023ce80542240204429069
:1056380001004224ff00433000a0023ce805422458
:10564800020443a000a0023ce80542240204429060
:105658000800422c090040140000000000a0023c91
:10566800e8054224020440a000a0023ce8054224c8
:105678000c0440aca755400b00000000a755400b98
:105688000000000000a0023ce80542240c0440ace5
:105698000000000021e8c0031400bf8f1000be8f77
:0c56a8001800bd270800e003000000000f
:020000040000fa
:020000041d01dc
:1056b400e8ffbd271400bfaf1000beaf21f0a00368
:1056c40021200000ffff053c010006244474400f24
:1056d4000000000021200000212800004475400f34
:1056e4000000000021200000212800004075400f28
:1056f4000000000021200000d674400f00000000cc
:105704002120000021280000213000005c74400f9b
:105714000000000021200000212800000080063441
:105724004c74400f000000002120000021280000dc
:10573400028006345474400f000000002120000051
:1057440001000524213000005c74400f00000000bb
:105754002120000001000524213000004c74400f7a
:105764000000000021200000010005242130000079
:105774005474400f000000002120000002000524a2
:10578400213000005c74400f000000002120000064
:1057940002000524082006244c74400f0000000079
:1057a4002120000002000524082006245474400f20
:1057b4000000000021200000030005242130000027
:1057c4005c74400f00000000212000000300052449
:1057d400000206244c74400f000000002120000049
:1057e40003000524fe3b06245474400f000000000f
:1057f4002120000004000524213000005c74400fc7
:1058040000000000212000000400052414000624e8
:105814004c74400f00000000212000000400052407
:105824003c0006245474400f0000000021200000b6
:1058340005000524213000005c74400f00000000c6
:105844002120000005000524213000004c74400f85
:1058540000000000212000000500052401000624aa
:105864005474400f000000002120000006000524ad
:10587400213000005c74400f000000002120000073
:1058840006000524213000004c74400f0000000085
:10589400212000000600052400b006345474400f93
:1058a4000000000021e8c0031400bf8f1000be8f69
:0c58b4001800bd270800e0030000000001
:020000040000fa
:020000041d01dc
:1058c000e0ffbd271c00bfaf1800beaf21f0a00352
:1058d0001000c0af00a0023c080142241000c2af7b
:1058e00080bf023c005c44344c75400f0000000057
:1058f00080bf023c005c44345875400f000000003b
:1059000080bf023c005c4434212800007173400fca
:105910000000000080bf023c005c44345075400f22
:105920000000000080bf023c005c443401000524fc
:10593000e574400f0000000080bf023c005c44346e
:1059400021280000e074400f0000000080bf023cee
:10595000005c443421280000db74400f000000008c
:1059600080bf023c005c4434212800002b74400faf
:1059700000000000212000005b73400f00000000c9
:1059800080bf033c005c6434212840000f00023ccf
:10599000404246344171400f0000000080bf023c8d
:1059a000005c44346075400f0000000080bf023c82
:1059b000005c44349f75400f000000000f00401051
:1059c0000000000080bf023c005c44345c75400f66
:1059d0000000000080bf023c005c4434020005244b
:1059e0005572400f0000000080bf023c005c443450
:1059f000060005245572400f0000000080bf023ce5
:105a0000005c44349f71400f0000000080bf023ce6
:105a1000005c44345475400f0000000000a0023cbc
:105a2000d00d42240a000324040043ac00a0023c31
:105a300001000324d00d43ac7c80838f1000c28f03
:105a40000c0042242120600000a0033cd00d6524fe
:105a500021304000745c400f000000000400401042
:105a600000000000ffff0224a556400b00000000cc
:105a70001000c28f040040ac1000c28f080040ac80
:105a800080bf023c005c44344875400f00000000b9
:105a90000100022421e8c0031c00bf8f1800be8f44
:0c5aa0002000bd270800e003000000000b
:020000040000fa
:020000041d01dc
:105aac00f0ffbd270c00beaf21f0a0031000c4af67
:105abc001400c5af2118c0002110e0001800c3a7c6
:105acc001c00c2a71000c28f1400c38f000043ac8f
:105adc001000c28f1800c397040043a41000c28f9b
:105aec001c00c397060043a41000c28f04000324bb
:105afc00200043a41000c28f04000324220043a4fe
:105b0c001000c28f04004284ffff43301000c28f8c
:105b1c0020004284ffff423023106200ffff42301e
:105b2c00ffff4224ffff4230201e027c1000c28f78
:105b3c00240043a41000c28f06004284ffff4330b0
:105b4c001000c28f20004284ffff423023106200fd
:105b5c00ffff4230ffff4224ffff4230201e027c39
:105b6c001000c28f260043a41000c28f240043846f
:105b7c001000c28f1c0043a41000c28f2600438467
:105b8c001000c28f1e0043a41000c28f010003241a
:105b9c00440043a01000c28f01000324450043a021
:105bac001000c28f300040ac1000c28f3a0040a4ed
:105bbc001000c28f380040a41000c28f3c0040a4db
:105bcc001000c28f3e0040a41000c28f400040acb9
:105bdc001000c28f5e00033cef8b6334500043ac6b
:105bec001000c28fff00033cffff6334480043ac3e
:105bfc001000c28f4c0040ac1000c28f100040aca3
:105c0c001000c28f140040ac1000c28f180040acc2
:105c1c000000c0a31957400b000000000000c29305
:105c2c001000c38f0b004224c01002002110620030
:105c3c00000040ac0000c2931000c38f0b00422444
:105c4c00c010020021106200040040a00000c293aa
:105c5c00010042240000c2a30000c2930300422ca6
:105c6c00eeff4014000000001000c28f448082af91
:105c7c000100022421e8c0030c00be8f1000bd27d8
:085c8c000800e0030000000025
:020000040000fa
:020000041d01dc
:105c9400d8ffbd272400bfaf2000beaf21f0a00372
:105ca400211880002110a0003000c6af2800c3a72f
:105cb4002c00c2a72800c2971800c2a72c00c297c4
:105cc4001a00c2a79057400b000000003000c28f9a
:105cd400010043243000c3af000042901c00c2a363
:105ce4001c00c3834480828f3c0042942a106200cb
:105cf40007004014000000001c00c3834480828f0e
:105d04003e0042942a1043000300401000000000ab
:105d14009057400b000000001c00c3830a000224bb
:105d240006006214000000004480828f0400429444
:105d34001800c2a79057400b000000004480828fd7
:105d44004000428c0b004010000000004480828f11
:105d54004000438c1c00c4834480828f3c004294e6
:105d64002310820021106200000042906157400b12
:105d7400000000004480828f38004284ff004230db
:105d84001d00c2a31800c3871d00c293211862001e
:105d94004480828f04004284ffff42242a1043007f
:105da4000f004010000000002800c2971800c2a78e
:105db4004480828f3a004284ffff43304480828fc4
:105dc40045004280ffff423021106200ffff433054
:105dd4001a00c29721106200ffff42301a00c2a7c6
:105de4004480828f4800428c4480838f4c00668cb0
:105df4001c00c4831800c5871a00c3871000a6af0f
:105e04002130600021384000776f400f000000000f
:105e14001d00c293201e027c4480828f4400428075
:105e2400211062002016027cffff43301800c29745
:105e340021106200ffff42301800c2a73000c28f59
:105e440000004280a1ff40140000000021e8c003cc
:105e54002400bf8f2000be8f2800bd270800e00368
:045e6400000000003a
:020000040000fa
:020000041d01dc
:105e6800c8ffbd273400bfaf3000beaf2c00b1afb4
:105e78002800b0af21f0a0033800c4af3800c28fab
:105e88001000508c80bf023c005e44342128000082
:105e98003873400f000000001000c2a31800038ee2
:105ea8001000c2932b2043000a1064001800c2aff0
:105eb8001800c28f2d004010000000001800c28f8b
:105ec800ff0042301000c393231062001000c2a3e9
:105ed8001800038e1800c28f23106200180002ae4b
:105ee8000400038e0c00028e211062001c00c2af59
:105ef8001400c0afcc57400b000000001c00c38f3b
:105f08001400c28f2188620080bf023c005e4434c6
:105f18008d75400f00000000000022a21400c28fff
:105f2800010042241400c2af1400c38f1800c28fae
:105f38002b106200f1ff4014000000000c00038edb
:105f48001800c28f211062000c0002ae3800c28f08
:105f5800160043901800c28fff00423023106200e1
:105f6800ff0043303800c28f160043a01c00038e88
:105f78001000c2932b2043000a1064002000c2af17
:105f88002000c28f1c004010000000001c00038e7f
:105f98002000c28f231062001c0002ae3800c28f9e
:105fa800160043902000c28fff0042302310620089
:105fb800ff0043303800c28f160043a01400c0af62
:105fc800fb57400b0000000080bf023c005e4434d9
:105fd8008d75400f000000001400c28f010042249c
:105fe8001400c2af1400c38f2000c28f2b106200b0
:105ff800f5ff4014000000002110000021e8c00354
:106008003400bf8f3000be8f2c00b18f2800b08fb6
:0c6018003800bd270800e0030000000075
:020000040000fa
:020000041d01dc
:10602400c8ffbd273400bfaf3000beaf2c00b1aff6
:106034002800b0af21f0a0033800c4af3800c28fed
:106044001000508c80bf023c005c443421280000c6
:106054003873400f000000001000c2a31800038e24
:106064001000c2932b2043000a1064001800c2af32
:106074001800c28f2d004010000000001800c28fcd
:10608400ff0042301000c393231062001000c2a32b
:106094001800038e1800c28f23106200180002ae8d
:1060a4000400038e0c00028e211062001c00c2af9b
:1060b4001400c0af3b58400b000000001c00c38f0d
:1060c4001400c28f2188620080bf023c005c44340b
:1060d4008d75400f00000000000022a21400c28f42
:1060e400010042241400c2af1400c38f1800c28ff1
:1060f4002b106200f1ff4014000000000c00038e1e
:106104001800c28f211062000c0002ae3800c28f4a
:10611400160043901800c28fff0042302310620023
:10612400ff0043303800c28f160043a01c00038eca
:106134001000c2932b2043000a1064002000c2af59
:106144002000c28f1c004010000000001c00038ec1
:106154002000c28f231062001c0002ae3800c28fe0
:10616400160043902000c28fff00423023106200cb
:10617400ff0043303800c28f160043a01400c0afa4
:106184006a58400b0000000080bf023c005c4434ad
:106194008d75400f000000001400c28f01004224de
:1061a4001400c2af1400c38f2000c28f2b106200f2
:1061b400f5ff4014000000002110000021e8c00396
:1061c4003400bf8f3000be8f2c00b18f2800b08ff9
:0c61d4003800bd270800e00300000000b8
:020000040000fa
:020000041d01dc
:1061e0004040050042450800c03a0500427d0400d9
:1061f0002538ef00c03204000080013c2538e10062
:1062000002fc09255a002005000000004100212958
:106210005c0020100000000042300600c07f070034
:106220002530cf004238070000600e3cb4100d3c12
:106230001a61ad3587640c3c51ed8c35ffff0a24a3
:1062400000000b2440500a002b786e0123586e0189
:106250002b10cf002330cf002b78cd002578e20122
:106260002330cd002b10ef002338ef002b78ec000b
:106270002578e2010e00e0112338ec0021586e0170
:106280002b786e012130cd002130cf000200cd10df
:10629000000000002b78cd002138ec002138ef0001
:1062a0000200ec10000000002b78ec0001004a25f1
:1062b0002a78600121586b012a10c0002130c600e5
:1062c0002130cf00257802002138e7002138ef0087
:1062d000ffff2925dbff210500000000ffff01244f
:1062e0002650410101004f311200e0110000000072
:1062f00025480b0040580e002b786901235869018e
:10630000254806006821063c34c2c6342b10cf0055
:106310002330cf002b78c9002578e2012330c90053
:10632000254807000fc9073ca2dae7342338ef00fd
:106330002338e900fe0308240b00e00400000000fd
:106340002a78600121586b012a10c0002130c60054
:106350002130cf00257802002138e7002138ef00f6
:10636000f5ff0010ffff0825407f0a0025400f01c0
:10637000251006002518070025c008000800e003c6
:1063800000000000ffff082400c0073cf8ff0010d9
:086390000000062400000000db
:020000040000fa
:020000041d01dc
:10639800d8ffbd272400bfaf2000beaf21f0a00367
:1063a8002800c4af2c00c5af2c00c28f04004010d9
:1063b800000000002800c28f040040140000000004
:1063c800fdff02244d59400b000000002800c28f39
:1063d8001000c2af1000c28f0000428c1400c2af80
:1063e8001000c28f2000428c040040100000000002
:1063f800fdff02244d59400b000000001400c28f1d
:106408001000428c0400401400000000ffff02242a
:106418004d59400b000000001000c28f1800438c3b
:106428001000c28f1400428c0400621400000000a7
:10643800ffff02244d59400b000000001000c28fde
:106448001800438c1000c28f1000428c2b10620081
:1064580008004010000000001400c28f1800428c91
:10646800ffff43241400c28f180043ac2859400b87
:10647800000000001400c28f2000438c1400c28f5b
:106488001800428c0400621400000000ffff022480
:106498004d59400b000000003772400f000000000b
:1064a8001800c2af1400c28f1000428c1c00c2af8b
:1064b8001c00c28f0000438c1400c28f100043ac34
:1064c8001400c28f1000428c03004014000000002a
:1064d8001400c28f140040ac1c00c28f000040acf6
:1064e8001400c28f2000428cffff43241400c28f87
:1064f800200043ac1000c28f1800428c01004324d6
:106508001000c28f180043ac1800c48f6472400f8b
:10651800000000001c00c28f040042242118400023
:106528002c00c28f000043ac2110000021e8c003fa
:106538002400bf8f2000be8f2800bd270800e0037d
:04654800000000004f
:020000040000fa
:020000041d01dc
:10654c00d0ffbd270000bfaf0400a4af7858400fa8
:10655c000800a5af25481800254003002538020087
:10656c000800a58f0400a48f42370900ffff012407
:10657c004b00211100000000ff0729310c00a6afd1
:10658c001000a7af1400a8af1800a9af2520070072
:10659c00252808006367400f253009002560180086
:1065ac0025580300255002001800a98f1400a88f4d
:1065bc001000a78f0c00a68f0800a58f0400a48fd5
:1065cc00ffffcd240200ad311500a011000000002a
:1065dc001c00aaaf2000abaf2400acaf25200a00f2
:1065ec0025280b0025300c000500072400a0083cd2
:1065fc00d862400f380d08252548180025400300a7
:10660c00253802002400ac8f2000ab8f1c00aa8f11
:10661c000c00a68f0800a58f210000100400a48f89
:10662c000400a4af0800a5af0c00a6af1000a7afe4
:10663c001400a8af1800a9af25200a0025280b00cc
:10664c0025300c000500072400a0083cd862400f40
:10665c00000d08251c00a2af2000a3af2400b8af8a
:10666c002520020025280300253018001000a78fd4
:10667c001400a88f6367400f1800a98f25481800d5
:10668c0025400300253802002400ac8f2000ab8f7e
:10669c001c00aa8f0c00a68f0800a58f0400a48fe5
:1066ac00c2220700406d080025208d0040280800fc
:1066bc00022b0500006d09002528ad000200cd2439
:1066cc0082680d00c06f0d002528ad002510040058
:1066dc00251805000000bf8f0800e0033000bd271f
:0466ec0000000000aa
:020000040000fa
:020000041d01dc
:1066f000e8ffbd271400bfaf1000beaf21f0a0031c
:1067000000a0023ce000428c0600401000000000a7
:106710000100032421004310000000001e5a400b1a
:1067200000000000212000000400052404000624cd
:10673000f473400f00000000212000000400052435
:1067400003000624ea73400f000000002772400f88
:1067500000000000046a400f0000000000a0023c9e
:10676000e00042242c010324080043a400a0023cc2
:1067700001000324e00043ac00a0023ce0004224fe
:1067800001000324040043a000a0023ce0004224d6
:106790000a0040a01e5a400b0000000014808293a3
:1067a00001004238ff0042300300401000000000aa
:1067b0001e5a400b0000000000a0023ce0004224f2
:1067c0000400429018004010000000002c808293ca
:1067d0000300422c070040140000000002000224c5
:1067e0002c8082a300a0023ce0004224010003248c
:1067f0000a0043a02c808293212040002128000021
:1068000001000624ab69400f000000002c80829339
:1068100001004224ff0042302c8082a300a0023cf1
:10682000e0004224040040a0158082930f00401035
:106830000000000000a0023ce00042240a00429058
:106840000a0040100000000000a0023ce0004224ca
:106850000b00429021204000212800000100062466
:10686000ab69400f00000000158080a32a55400f3f
:10687000000000000000000021e8c0031400bf8fea
:106880001000be8f1800bd270800e00300000000c4
:020000040000fa
:020000041d01dc
:10689000254085000300083103000011211080000d
:1068a000380000100000aa900000aa8c0101093ce9
:1068b00001012935c07909002340490124400f0115
:1068c0000700001124600a01050088110000000083
:1068d0000000a5240000aa902a00001000008424d3
:1068e0000400ab8c00008aac2340690124400f01f6
:1068f0000700001124600b01050088110000000052
:106900000400a5240000aa901e00001004008424a6
:106910000800aa8c04008bac2340490124400f01dd
:106920000700001124600a01050088110000000022
:106930000800a5240000aa9012000010080084247a
:106940000c00ab8c08008aac2340690124400f0185
:106950000700001124600b010500881100000000f1
:106960000c00a5240000aa90060000100c0084244e
:106970001000aa8c0c008bac10008424ceff0010f9
:106980001000a5240300401500008aa00800e003c1
:10699000000000000100ab900300601501008ba017
:1069a0000800e003000000000200aa900300401568
:1069b00002008aa00800e003000000000300ab9082
:1069c0000300601503008ba00800e0030000000036
:1069d0000400aa900300401504008aa00800e00308
:1069e000000000000500ab900300601505008ba0bf
:1069f0000800e003000000000600aa900300401514
:106a000006008aa00800e003000000000700ab9029
:106a10000300601507008ba00800e00300000000e1
:106a20000800aa9008008424d6ff00100800a524be
:106a3000d0ffbd270000bfaf0400a4af7858400fbf
:106a40000800a5af2548180025400300253802009e
:106a50000800a58f0400a48f2628a9000080013c0f
:106a60002428a100ffff01244a002111000000009a
:106a700042370900ff0729310800a5af0c00a6af77
:106a80001000a7af1400a8af1800a9af2520070079
:106a9000252808006367400f25300900256018008d
:106aa00025580300255002001800a98f1400a88f54
:106ab0001000a78f0c00a68f0800a58f0400a48fdc
:106ac000ffffcd240200ad311c00a011000000002a
:106ad00025200a0025280b0025300c00050007247e
:106ae00000a0083cd862400f000d08251c00a2af92
:106af0002000a3af2400b8af252002002528030002
:106b0000253018001000a78f1400a88f6367400f6e
:106b10001800a98f254818002540030025380200d9
:106b20002400ac8f2000ab8f1c00aa8f0c00a68f16
:106b30000800a58f170000100400a48f0400a4af64
:106b40000800a5af0c00a6af1c00aaaf2000abaf99
:106b50002400acaf25200a0025280b0025300c00ae
:106b60000500072400a0083cd862400f380d082516
:106b70002548180025400300253802002400ac8f6a
:106b80002000ab8f1c00aa8f0c00a68f0800a58fd9
:106b90000400a48fc2220700406d080025208d004c
:106ba00040680800026b0d002528ad00006d09004b
:106bb0002528ad0025100400251805000000bf8f12
:0c6bc0000800e0033000bd2700000000ca
:020000040000fa
:020000041d01dc
:106bcc00e0ffbd271c00bfaf1800beaf21f0a00333
:106bdc002000c4af2000c28f000042941000c2a756
:106bec001000c297010042302b100200ff0042300f
:106bfc002120000005000524213000002138400030
:106c0c002d71400f0000000001000424c46d400fe2
:106c1c0000000000288080a73c5b400b00000000b7
:106c2c00212000000400052405000624ea73400f0f
:106c3c000000000001000424c46d400f000000009f
:106c4c00212000000400052405000624f473400fe5
:106c5c000000000021200000030005240800062489
:106c6c00ea73400f0000000001000424c46d400fc3
:106c7c000000000021200000030005240800062469
:106c8c00f473400f0000000001000424c46d400f99
:106c9c00000000001000c297421002001000c2a7b2
:106cac001000c297010042302b100200ff0042304e
:106cbc00212000000500052421300000213840006f
:106ccc002d71400f0000000001000424c46d400f22
:106cdc00000000002880829701004224ffff423010
:106cec00288082a7288082971000422cccff401469
:106cfc000000000001000424c46d400f00000000df
:106d0c002000c28f000042941000c2a72120000076
:106d1c00030005240b000624f473400f0000000050
:106d2c0021200000020005240d000624f473400ffe
:106d3c000000000021e8c0031c00bf8f1800be8fac
:0c6d4c002000bd270800e003000000004c
:020000040000fa
:020000041d01dc
:106d5800e8ffbd271400bfaf1000beaf21f0a003ad
:106d680021200000060005240e0006242274400f8e
:106d7800000000002120400000a0023c84004324c1
:106d8800440062900400827c440062a0212000003c
:106d980004000524010006242274400f00000000ae
:106da8002120400000a0023c84004324450062905a
:106db8000400827c450062a0212000000600052412
:106dc800010006242274400f00000000212040002a
:106dd80000a0023c84004324450062900400827ca9
:106de800450062a021200000212800000700062499
:106df8002274400f000000002120400000a0023c47
:106e0800840043243f0062900400827c3f0062a01b
:106e18002120000004000524213000002274400fc6
:106e2800000000002120400000a0023c8400432410
:106e3800400062900400827c400062a02120000093
:106e480005000524010006242274400f00000000fc
:106e58002120400000a0023c8400432441006290ad
:106e68000400827c410062a0212000000600052465
:106e7800213000002274400f000000002120400053
:106e880000a0023c84004324420062900400827cfb
:106e9800420062a0212000002128000006000624ec
:106ea8002274400f000000002120400000a0023c96
:106eb80084004324430062900400827c430062a063
:106ec80021e8c0031400bf8f1000be8f1800bd2733
:086ed8000800e00300000000c7
:020000040000fa
:020000041d01dc
:106ee000e0ffbd271c00bfaf1800beaf21f0a0031c
:106ef0002000c4af1400c0a321f8000000800240ad
:106f000021f84000f8ff03242410e30303005f345a
:106f100000809f4088bf023c9b75400f0040443476
:106f20002d004010000000002000c38fc901023c6a
:106f300081c342342b1062000300401000000000a7
:106f4000e65b400b1000c0af2000c38f9303023cf0
:106f5000018742342b106200040040100000000042
:106f600001000224e65b400b1000c2af2000c38f7b
:106f7000c404023c01b442342b10620004004010ef
:106f80000000000002000224e65b400b1000c2afcc
:106f9000030002241000c2af6474400f21200000df
:106fa000010042302b1002001400c2a31000c28f57
:106fb00088bf033c00406434cc74400f212840005b
:106fc0001400c29304004010000000001974400f28
:106fd000212000001400c0a36474400f2120000091
:106fe000010042302b1002001400c2a388bf023cf3
:106ff0009d75400f00404434050040100000000023
:1070000088bf023c00404434d174400f0300052483
:1070100088bf023c9975400f0020443405004010a1
:107020000000000088bf023c00204434c274400fbe
:10703000212800001400c29303004010000000004b
:107040001974400f2120000021e8c0031c00bf8fed
:107050001800be8f2000bd270800e00300000000dc
:020000040000fa
:020000041d01dc
:10706000d8ffbd272400bfaf2000beaf21f0a00392
:10707000214080002120a0002118c0002110e00044
:107080002800c8a72c00c4a73000c3a73400c2a79b
:107090003000c3872800c2872a1062000700401012
:1070a000000000003000c2971800c2a72800c29755
:1070b0003000c2a71800c2972800c2a73400c387b7
:1070c0002c00c2872a106200070040100000000058
:1070d0003400c2971800c2a72c00c2973400c2a780
:1070e0001800c2972c00c2a74480828f640042908f
:1070f0000200423010004010000000004480828fe7
:107100006000428c2800c4872c00c5873000c687e9
:107110003400c3873800c78f1000a7af2138600044
:1071200009f84000000000000300401400000000c7
:107130006e5c400b000000002c00c2971a00c2a732
:10714000695c400b000000002800c2971800c2a72d
:10715000615c400b000000004480828f0000428c84
:107160001800c4871a00c387212860003800c68f22
:1071700009f84000000000001800c2870100422406
:107180001800c2a71800c3873000c2872a10430026
:10719000f1ff4010000000001a00c28701004224e5
:1071a0001a00c2a71a00c3873400c2872a104300fe
:1071b000e5ff40100000000021e8c0032400bf8f5d
:1071c0002000be8f2800bd270800e003000000005b
:020000040000fa
:020000041d01dc
:1071d000e0ffbd271c00bfaf1800beaf21f0a00329
:1071e0002000c4af2400c5af2800c6af2000c28f66
:1071f0000400401400000000fdff0224c95c400ba5
:10720000000000002000c28f1000c2af2400c28f17
:107210000400401400000000fdff0224c95c400b84
:10722000000000001000c28f0400428c04004014d3
:1072300000000000feff0224c95c400b00000000bb
:107240001000c28f1800438c2400c28f0000428cb3
:10725000211862001000c28f2000428c2b104300c6
:107260000400401000000000ffff0224c95c400b36
:10727000000000001000c28f0400428c1400c2af56
:107280001400c28f2000438c1000c28f040043ac56
:107290001000c28f0400428c030040140000000064
:1072a0001000c28f080040ac1400c48f21280000d9
:1072b00024000624856a400f000000001400c28fdd
:1072c0001000c38f000043ac2400c28f0800438c21
:1072d0001400c28f0c0043ac2400c28f0000438c0a
:1072e0001400c28f100043ac2400c28f0400438cf2
:1072f0001400c28f140043ac1000c28f1800438cde
:107300002400c28f0000428c211862001000c28f3e
:10731000180043ac1400c38f2800c28f000043ac98
:107320002110000021e8c0031c00bf8f1800be8f91
:0c7330002000bd270800e0030000000062
:020000040000fa
:020000041d01dc
:10733c00211080005600c0100c00ca2c4d004015c6
:10734c002618a400030063302338040029006010c1
:10735c000300e7300600e0102330c7000000a398bc
:10736c000300a3882128a700000083b821208700f0
:10737c000f00c3302338c3001100e010213060002f
:10738c002138e5000000a3980300a3880400a89806
:10739c000700a8880800a9980b00a9880c00aa98d7
:1073ac000f00aa88000083ac040088ac080089acec
:1073bc001000a52410008424f2ffa714fcff8aac53
:1073cc000300c3302338c3002a00e01021306000d2
:1073dc002138e5000000a3980300a3880400a5242d
:1073ec0004008424fbffa714fcff83ac21000010d5
:1073fc00000000000500e0102330c7000000a39837
:10740c002128a700000083b8212087000f00c3307b
:10741c002338c3000d00e010213060002138e50056
:10742c000000a38c0400a88c0800a98c0c00aa8c6a
:10743c00000083ac040088ac080089ac1000a524c3
:10744c0010008424f6ffa714fcff8aac0300c330a1
:10745c002338c3000700e010213060002138e5001c
:10746c000000a38c0400a52404008424fcffa714b2
:10747c00fcff83ac0600c0102138c5000000a390af
:10748c000100a52401008424fcffa714ffff83a0a6
:10749c000800e0030000000000008a90211080002a
:1074ac0003004015000000000800e0030000022467
:1074bc0001008a9003004015000000000800e00362
:1074cc000100022402008a90030040150000000015
:1074dc000800e0030200022403008a900300401518
:1074ec00822004000800e00303000224010084242d
:1074fc008020040000008a8c0101093c010129351f
:10750c00c07909002340490124400f0106000011f5
:10751c0024600a01040088110000000000008a9019
:10752c00220000100000842404008b8c234069018d
:10753c0024400f010600001124600b010400881187
:10754c000000000004008a9018000010040084243d
:10755c0008008a8c2340490124400f0106000011c9
:10756c0024600a01040088110000000008008a90c1
:10757c000e000010080084240c008b8c2340690141
:10758c0024400f010600001124600b010400881137
:10759c00000000000c008a90040000100c008424f1
:1075ac0010008a8cd7ff00101000842404004015b2
:1075bc0000000000000084240800e0032310820077
:1075cc0001008a9004004015000000000100842492
:1075dc000800e0032310820002008a90040040158a
:1075ec0000000000020084240800e0032310820045
:1075fc0003008a90030084240800e0032310820017
:020000040000fa
:020000041d01dc
:10760c0000e85d4100701b4002601a4088ffbd27f6
:10761c007400bbaf00601b406c00baaf7000bbaf16
:10762c0044781b7c00047b3700609b401c00a3af9c
:10763c001800a2af6c00a38f0f006330120060140f
:10764c00000000005c00bfaf5800beaf5400b9afe3
:10765c005000b8af4c00afaf4800aeaf4400adaf78
:10766c004000acaf3c00abaf3800aaaf3400a9afc0
:10767c003000a8af2c00a7af2800a6af2400a5af00
:10768c002000a4af1400a1af0000000012100000f5
:10769c006400a2af101800006000a3af21f0a0039b
:1076ac00206f400f00000000212000001400052472
:1076bc00cc73400f00000000386d400f000000003c
:1076cc0021e8c0036400a28f130040006000a38f68
:1076dc00110060006c00a28f0f00423014004014a7
:1076ec00000000005c00bf8f5800be8f5400b98fa3
:1076fc005000b88f4c00af8f4800ae8f4400ad8f58
:10770c004000ac8f3c00ab8f3800aa8f3400a98f9f
:10771c003000a88f2c00a78f2800a68f2400a58fdf
:10772c002000a48f1c00a38f1800a28f1400a18f1f
:10773c000000000000606041c00000007400ba8fbf
:10774c007000bb8f00709a406c00ba8f7800bd2718
:10775c0002609a4000e8dd4100609b401800004246
:020000040000fa
:020000041d01dc
:10776c00f0ffbd270c00beaf21f0a0032118800054
:10777c002110a0001800c6af1000c3a71400c2a7a8
:10778c001400c2977f00032423106200ffff4230d5
:10779c000000c2a71000c2973f0003242310620010
:1077ac00ffff42300200c2a70200c2870700432439
:1077bc00000044280b106400c31002002016027c49
:1077cc000400c2a30200c387c317030042170200c0
:1077dc002118620007006330231062002016027c1f
:1077ec0001000324041043000500c2a31800c28f3b
:1077fc0016004014000000000400c5930000c4876c
:10780c000400c6930000c38700a0023cc0310600f0
:10781c002118c300e80542242110620000004390a7
:10782c000500c29325106200ff00433000a0023c0b
:10783c00c02905002120a400e80542242110820063
:10784c00000043a02d5e400b000000000400c59317
:10785c000000c4870400c6930000c38700a0023c4c
:10786c00c03106002118c300e80542242110620033
:10787c0000004290201c027c0500c28327100200ed
:10788c002014027c241062002014027cff00433080
:10789c0000a0023cc02905002120a400e8054224d8
:1078ac0021108200000043a021e8c0030c00be8f11
:0c78bc001000bd270800e00300000000e1
:020000040000fa
:020000041d01dc
:1078c80000e85d4100701b4002601a4088ffbd2738
:1078d8007400bbaf00601b406c00baaf7000bbaf58
:1078e80044781b7c00047b3700609b401c00a3afde
:1078f8001800a2af6c00a38f0f0063301200601451
:10790800000000005c00bfaf5800beaf5400b9af24
:107918005000b8af4c00afaf4800aeaf4400adafb9
:107928004000acaf3c00abaf3800aaaf3400a9af01
:107938003000a8af2c00a7af2800a6af2400a5af41
:107948002000a4af1400a1af000000001210000036
:107958006400a2af101800006000a3af21f0a003dc
:107968002120000008000524cc73400f000000000f
:107978009a73400f0000000021e8c0036400a28f42
:10798800130040006000a38f110060006c00a28ffc
:107998000f00423014004014000000005c00bf8f4c
:1079a8005800be8f5400b98f5000b88f4c00af8f6d
:1079b8004800ae8f4400ad8f4000ac8f3c00ab8fc9
:1079c8003800aa8f3400a98f3000a88f2c00a78f09
:1079d8002800a68f2400a58f2000a48f1c00a38f49
:1079e8001800a28f1400a18f000000000060604101
:1079f800c00000007400ba8f7000bb8f00709a40fe
:107a08006c00ba8f7800bd2702609a4000e8dd411b
:087a180000609b4018000042d1
:020000040000fa
:020000041d01dc
:107a200000e85d4100701b4002601a4088ffbd27de
:107a30007400bbaf00601b406c00baaf7000bbaffe
:107a400044781b7c00087b3700609b401c00a3af80
:107a50001800a2af6c00a38f0f00633012006014f7
:107a6000000000005c00bfaf5800beaf5400b9afcb
:107a70005000b8af4c00afaf4800aeaf4400adaf60
:107a80004000acaf3c00abaf3800aaaf3400a9afa8
:107a90003000a8af2c00a7af2800a6af2400a5afe8
:107aa0002000a4af1400a1af0000000012100000dd
:107ab0006400a2af101800006000a3af21f0a00383
:107ac0002120000010000524cc73400f00000000ae
:107ad0004e70400f0000000021e8c0036400a28f38
:107ae000130040006000a38f110060006c00a28fa3
:107af0000f00423014004014000000005c00bf8ff3
:107b00005800be8f5400b98f5000b88f4c00af8f13
:107b10004800ae8f4400ad8f4000ac8f3c00ab8f6f
:107b20003800aa8f3400a98f3000a88f2c00a78faf
:107b30002800a68f2400a58f2000a48f1c00a38fef
:107b40001800a28f1400a18f0000000000606041a7
:107b5000c00000007400ba8f7000bb8f00709a40a4
:107b60006c00ba8f7800bd2702609a4000e8dd41c2
:087b700000609b401800004278
:020000040000fa
:020000041d01dc
:107b7800e0ffbd271c00bfaf1800beaf21f0a00377
:107b8800211880002400c5af2110c0002000c3a325
:107b98002800c2a300a0023ce80542242000c393a9
:107ba800000443a0010004247d69400f0000000088
:107bb8001000c0a72400c28f04004010000000007d
:107bc8002400c28f000042941000c2a72000c29374
:107bd8000600432c300060100000000080180200ee
:107be800019d023c007c4224211062000000428c6e
:107bf8000800400000000000187c019d307c019db9
:107c0800407c019d607c019dac7c019d807c019d38
:107c18002800c293212040002d60400f0000000082
:107c28002c5f400b00000000624b400f000000007a
:107c38002c5f400b000000002800c2931000c327ef
:107c48002120600021284000db4d400f000000008b
:107c58002c5f400b000000002800c2931000c327cf
:107c680021206000212840009149400f00000000b9
:107c78002c5f400b000000002800c2931000c327af
:107c88002120600021284000b065400f000000005e
:107c98002c5f400b00000000000000002c5f400b30
:107ca800000000000000000021e8c0031c00bf8f96
:107cb8001800be8f2000bd270800e0030000000068
:020000040000fa
:020000041d01dc
:107cc80000e85d4100701b4002601a4088ffbd2734
:107cd8007400bbaf00601b406c00baaf7000bbaf54
:107ce80044781b7c00047b3700609b401c00a3afda
:107cf8001800a2af6c00a38f0f006330120060144d
:107d0800000000005c00bfaf5800beaf5400b9af20
:107d18005000b8af4c00afaf4800aeaf4400adafb5
:107d28004000acaf3c00abaf3800aaaf3400a9affd
:107d38003000a8af2c00a7af2800a6af2400a5af3d
:107d48002000a4af1400a1af000000001210000032
:107d58006400a2af101800006000a3af21f0a003d8
:107d68002120000004000524cc73400f000000000f
:107d780021e8c0036400a28f130040006000a38fb5
:107d8800110060006c00a28f0f00423014004014f4
:107d9800000000005c00bf8f5800be8f5400b98ff0
:107da8005000b88f4c00af8f4800ae8f4400ad8fa5
:107db8004000ac8f3c00ab8f3800aa8f3400a98fed
:107dc8003000a88f2c00a78f2800a68f2400a58f2d
:107dd8002000a48f1c00a38f1800a28f1400a18f6d
:107de8000000000000606041c00000007400ba8f0d
:107df8007000bb8f00709a406c00ba8f7800bd2766
:107e080002609a4000e8dd4100609b401800004293
:020000040000fa
:020000041d01dc
:107e180000e85d4100701b4002601a4088ffbd27e2
:107e28007400bbaf00601b406c00baaf7000bbaf02
:107e380044781b7c00007b3700609b401c00a3af8c
:107e48001800a2af6c00a38f0f00633012006014fb
:107e5800000000005c00bfaf5800beaf5400b9afcf
:107e68005000b8af4c00afaf4800aeaf4400adaf64
:107e78004000acaf3c00abaf3800aaaf3400a9afac
:107e88003000a8af2c00a7af2800a6af2400a5afec
:107e98002000a4af1400a1af0000000012100000e1
:107ea8006400a2af101800006000a3af21f0a00387
:107eb800212000000c000524cc73400f00000000b6
:107ec80021e8c0036400a28f130040006000a38f64
:107ed800110060006c00a28f0f00423014004014a3
:107ee800000000005c00bf8f5800be8f5400b98f9f
:107ef8005000b88f4c00af8f4800ae8f4400ad8f54
:107f08004000ac8f3c00ab8f3800aa8f3400a98f9b
:107f18003000a88f2c00a78f2800a68f2400a58fdb
:107f28002000a48f1c00a38f1800a28f1400a18f1b
:107f38000000000000606041c00000007400ba8fbb
:107f48007000bb8f00709a406c00ba8f7800bd2714
:107f580002609a4000e8dd4100609b401800004242
:020000040000fa
:020000041d01dc
:107f6800e0ffbd271c00bfaf1800beaf21f0a00383
:107f7800211080002000c2a380bf023c005444347a
:107f88008775400f000000000a0040100000000044
:107f980080bf023c005444348475400f0000000048
:107fa8001000c2a380bf023c005444343c75400f0b
:107fb8000000000080bf023c005444341875400f94
:107fc8000000000080bf023c005444342075400f7c
:107fd800000000000000000080bf023c0054443450
:107fe8008175400f0000000001004238ff00423058
:107ff800f9ff40140000000080bf023c00544434e4
:108008008475400f000000001000c2a300000000ab
:1080180080bf023c005444343875400f0000000013
:1080280001004238ff004230f9ff40140000000010
:108038002000c293080040100000000080bf023cee
:1080480000544434010005246673400f000000000a
:108058001d60400b0000000080bf023c0054443407
:10806800212800006673400f000000000000000097
:1080780080bf023c005444343875400f00000000b3
:1080880001004238ff004230f9ff401400000000b0
:108098001000c29321e8c0031c00bf8f1800be8fd8
:0c80a8002000bd270800e00300000000dd
:020000040000fa
:020000041d01dc
:1080b400d0ffbd272c00bfaf2800beaf21f0a00326
:1080c400211080003000c2a3029d023c10b2438cf8
:1080d40010b242240400428c1000c3af1400c2af9b
:1080e4002e30023c763142341800c2af2e300224c6
:1080f4001c00c2a71e00c0a36974023c696e42340e
:108104002000c2af2e2e02242400c2a72600c0a342
:108114003000c2930a00401000000000ff00023c3f
:10812400ffff44342c73400f0000000021200000a6
:108134002073400f000000005860400b0000000056
:10814400212000002c73400f00000000ff00023cbf
:10815400ffff44342073400f000000002120000082
:10816400b872400f00000000019d023c3c0a442408
:10817400c670400f000000002120000021280000ec
:108184001000c227213040002557400f0000000096
:10819400019d023c280a4424c670400f00000000e0
:1081a4001800c227212000001e00052421304000b1
:1081b4002557400f00000000019d023c000a4424a2
:1081c400c670400f000000002000c22721200000dc
:1081d4002d000524213040002557400f00000000e9
:1081e40021e8c0032c00bf8f2800be8f3000bd27bc
:0881f4000800e0030000000098
:020000040000fa
:020000041d01dc
:1081fc00e8ffbd271400bfaf1000beaf21f0a003f5
:10820c007480828f010003241600431000000000cc
:10821c000100432c0600601400000000020003243f
:10822c003400431000000000cb60400b0000000045
:10823c003a6c400f0000000001000224748082aff1
:10824c00f771400f000000002120000021280000e1
:10825c000f000624f473400f00000000cb60400bad
:10826c00000000001080829301004238ff00423071
:10827c000300401000000000cb60400b0000000029
:10828c0021200000f06c400f000000005d8082a3f4
:10829c0021200000146d400f000000005e8082a3be
:1082ac005e80829300120200201e027c5d8082930d
:1082bc002016027c251062002016027cffff423043
:1082cc00788082a7788083977a80829705006210e5
:1082dc000000000001000224118082a378808297a4
:1082ec007a8082a702000224748082afcb60400b9c
:1082fc000000000011808293080040100000000074
:10830c0021200000788085275a6f400f0000000064
:10831c00118080a3ca60400b000000000000000028
:10832c0021e8c0031400bf8f1000be8f1800bd27ba
:08833c000800e003000000004e
:020000040000fa
:020000041d01dc
:10834400d8ffbd272400bfaf2000beaf21f0a0039b
:108354002800c4af2c00c5af2800c28f040040140d
:1083640000000000fdff02241c61400b000000001f
:108374003772400f000000001000c2af2800c28f07
:108384001400c2af1400c28f0000428c1800c2afa8
:108394001400c28f2000428c07004010000000002f
:1083a4001000c48f6472400f00000000fdff02241f
:1083b4001c61400b000000002c00c28ffcff422413
:1083c4001c00c2af1800c28f1000428c060040147b
:1083d400000000001800c28f1c00c38f100043acc3
:1083e400ff60400b000000001800c28f1400428c94
:1083f4001c00c38f000043ac1800c28f1c00c38f45
:10840400140043ac1800c28f2000428c01004324a6
:108414001800c28f200043ac1400c28f1800428c95
:10842400ffff43241400c28f180043ac1400c28f12
:108434001800438c1400c28f1000428c2b10620071
:1084440006004010000000001800c28f1800428c83
:10845400010043241800c28f180043ac1000c48fdd
:108464006472400f000000002110000021e8c003e6
:108474002400bf8f2000be8f2800bd270800e00322
:0484840000000000f4
:020000040000fa
:020000041d01dc
:10848800e0ffbd271c00bfaf1800beaf21f0a0035e
:108498002000c4af2400c5af2800c6af2c00c7af6a
:1084a8001000c0af00a0023cec0042241000c2af94
:1084b8001400c0af1000c28f0c00438c1400c227f8
:1084c8002120600021284000006b400f00000000c0
:1084d8000400401000000000211000006661400bfd
:1084e800000000001400c28f212040002128000055
:1084f8002c000624856a400f000000001400c28f7b
:108508002000c38f000043ac1400c28f2400c38f27
:10851800100043ac1400c28f2400c38f1c0043ac6e
:108528001400c28f2800c38f240043ac1400c28fec
:108538002c00c38f280043ac1400c28f200040ac2d
:108548003000c28f05004010000000001400c28fe8
:10855800211840003000c28f000043ac1000c28fc9
:108568000c00438c1400c28f212060002128400099
:10857800506b400f00000000040040100000000095
:10858800211000006661400b000000001400c28f3b
:1085980021e8c0031c00bf8f1800be8f2000bd2734
:0885a8000800e00300000000e0
:020000040000fa
:020000041d01dc
:1085b000e0ffbd271c00bfaf1800beaf1400b0af76
:1085c00021f0a0032000c4af2000c28f1000428c15
:1085d000040040140000000021100000af61400bb7
:1085e000000000002000c28f1000508c80bf023cb1
:1085f000005e44348a75400f000000002e004010d9
:108600000000000003000224200002ae2400028ebd
:1086100008004010000000002400028e2128000203
:108620002800038e030004242130600009f8400074
:10863000000000002000c28f0800428c090040109a
:10864000000000002000c28f0800428c2128000298
:108650002800038e030004242130600009f8400044
:10866000000000002000c28f0c00428c212040003e
:1086700021280002286b400f000000000400401079
:108680000000000021100000af61400b000000005e
:108690002000c28f100040ac80bf023c005e44341a
:1086a0009f71400f0000000080bf023c005e443418
:1086b0005475400f000000002110000021e8c003a5
:1086c0001c00bf8f1800be8f1400b08f2000bd2784
:0886d0000800e00300000000b7
:020000040000fa
:020000041d01dc
:1086d800e0ffbd271c00bfaf1800beaf21f0a0030c
:1086e8002000c4af2400c5af2800c6af2c00c7af18
:1086f8001000c0af00a0023c080142241000c2af25
:108708001400c0af1000c28f0c00438c1400c227a5
:108718002120600021284000006b400f000000006d
:10872800040040100000000021100000fa61400b16
:10873800000000001400c28f212040002128000002
:108748002c000624856a400f000000001400c28f28
:108758002000c38f000043ac1400c28f2400c38fd5
:10876800100043ac1400c28f2400c38f1c0043ac1c
:108778001400c28f2800c38f240043ac1400c28f9a
:108788002c00c38f280043ac1400c28f200040acdb
:108798003000c28f05004010000000001400c28f96
:1087a800211840003000c28f000043ac1000c28f77
:1087b8000c00438c1400c28f212060002128400047
:1087c800506b400f00000000040040100000000043
:1087d80021100000fa61400b000000001400c28f55
:1087e80021e8c0031c00bf8f1800be8f2000bd27e2
:0887f8000800e003000000008e
:020000040000fa
:020000041d01dc
:10880000e0ffbd271c00bfaf1800beaf1400b0af23
:1088100021f0a0032000c4af2000c28f1000428cc2
:108820000400401400000000211000004362400bcf
:10883000000000002000c28f1000508c80bf023c5e
:10884000005c44348a75400f000000002e00401088
:108850000000000003000224200002ae2400028e6b
:1088600008004010000000002400028e21280002b1
:108870002800038e030004242130600009f8400022
:10888000000000002000c28f0800428c0900401048
:10889000000000002000c28f0800428c2128000246
:1088a0002800038e030004242130600009f84000f2
:1088b000000000002000c28f0c00428c21204000ec
:1088c00021280002286b400f000000000400401027
:1088d00000000000211000004362400b0000000077
:1088e0002000c28f100040ac80bf023c005c4434ca
:1088f0009f71400f0000000080bf023c005c4434c8
:108900005475400f000000002110000021e8c00352
:108910001c00bf8f1800be8f1400b08f2000bd2731
:088920000800e0030000000064
:020000040000fa
:020000041d01dc
:10892800e8ffbd271400bfaf1000beaf21f0a003c1
:1089380000a0023ccc00428c01000324120043102a
:10894800000000000100432c060060140000000035
:108958000200032422004310000000008b62400b39
:108968000000000000a0023cd00044245f6c400fcf
:108978000000000000a0023c01000324cc0043ac2e
:108988008b62400b0000000018808293010042387f
:10899800ff00423003004010000000008b62400bd3
:1089a8000000000000a0023ccc00422408004394d0
:1089b80000a0023ccc004224040042940300621050
:1089c8000000000001000224198082a300a0023cdc
:1089d80002000324cc0043ac8b62400b0000000073
:1089e800198082930e00401000000000108080a3c0
:1089f800148080a300a0023cd0004424f35a400f06
:108a080000000000198080a301000224108082a3c6
:108a180001000224148082a38b62400b0000000036
:108a28000000000021e8c0031400bf8f1000be8fb3
:0c8a38001800bd270800e003000000004b
:020000040000fa
:020000041d01dc
:108a4400e8ffbd271400bfaf1000beaf21f0a003a4
:108a54001800c4af212000008070400f0000000007
:108a640021200000212800004672400f0000000071
:108a7400b873400f0000000021204000b85b400f95
:108a840000000000e172400f000000003c74400f41
:108a9400000000006c4f400f000000002120000087
:108aa40021280000806d400f0000000021184000c4
:108ab40000a0023c24014224140043ac010004241d
:108ac40021280000806d400f0000000021184000a4
:108ad40000a0023c24014224180043ac9268400fd9
:108ae40000000000c168400f00000000f068400f63
:108af400000000001f69400f000000004e69400f95
:108b040000000000ad55400f00000000d472400f7b
:108b14000000000000600240010042340060824016
:108b2400c0000000fe73400f000000009073400f6f
:108b3400000000008673400f000000007c73400fab
:108b44000000000021e8c0031400bf8f1000be8f96
:0c8b54001800bd270800e003000000002e
:020000040000fa
:020000041d01dc
:108b6000fe030924234826012000212d050020149e
:108b7000000000002520050000000524faff8014f5
:108b8000e0ff292508002011000000002550050005
:108b9000062024010628250120000c2423488901f1
:108ba00004502a0125208a0000000a8d04000825af
:108bb00000000b8d040008251900aa0010500000c9
:108bc0001900ab001248000010300000215049018c
:108bd0002b6049012130cc0019008b0010480000a7
:108be000215049012b604901050061052130cc006d
:108bf0002b604401235044012330cc002330c500b6
:108c0000255806000000098d040008250000068d87
:108c100004000825215049012b60490121586601b3
:108c200021586c01ffffe724e3ffe104000000008e
:108c300006006005ff0306242a60400121504a0116
:108c400021586b0121586c01ffffc62425200a0022
:108c500025280b00251004002518050025c0060056
:0c8c60000800e00300000000000000001d
:020000040000fa
:020000041d01dc
:108c6c00e0ffbd271c00bfaf1800beaf21f0a00372
:108c7c0000a0023c8400428c010003242800431015
:108c8c00000000000100432c0600601400000000ee
:108c9c00020003242b004310000000005563400b1e
:108cac00000000006c4f400f000000007272400f7b
:108cbc00000000008072400f000000000772400f9f
:108ccc0000000000f771400f000000001000c0a36e
:108cdc004263400b000000001000c29300a0033c54
:108cec00840063248010020021106200040040ac58
:108cfc001000c293010042241000c2a31000c293c2
:108d0c000e00422cf4ff40140000000000a0023cb6
:108d1c0001000324840043ac5563400b00000000a9
:108d2c00d86a400f00000000565b400f00000000a6
:108d3c0000a0023c02000324840043ac5563400baa
:108d4c00000000000000000021e8c0031c00bf8fe1
:108d5c001800be8f2000bd270800e00300000000b3
:020000040000fa
:020000041d01dc
:108d6c00c03a0500425d04002538eb00c032040017
:108d7c000080013c2538e1000080013c2448a10022
:108d8c00404005004245080080fc0825ffff0b25ec
:108d9c00fe00612d12002010000000000200c01027
:108dac00000000000100e7348000e7248000eb2c79
:108dbc0021400b01025a070001006b312338eb00f4
:108dcc0040380700423a0700c05d08002538eb0028
:108ddc002510e9000800e00300000000000000007e
:108dec007f04012407000115000000004058070013
:108dfc00255866010300601100000000f5ff00100b
:108e0c00c0ff023cff0001290400201400000000f8
:108e1c00807f013cefff00102510210101000a2486
:108e2c00235048012000412d0300201400000000b5
:108e3c00e8ff00102510090020000c2423608a0193
:108e4c00045887012530cb00063847010000082460
:108e5c000080013cd1ff00102538e100000000002b
:020000040000fa
:020000041d01dc
:108e6c00d8ffbd272400bfaf2000b1af1c00b0afae
:108e7c002180a0000c00a28c2d00401021888000c5
:108e8c000000a28c01004224ffff03241e004310ab
:108e9c000000a2aca46e400f212000020000048e42
:108eac000400028effff842401004324000004ae62
:108ebc00040003ae000051a00a0002240700225255
:108ecc0010000296211020022400bf8f2000b18fc9
:108edc001c00b08f0800e0032800bd2708004230ba
:108eec00f9ff401021102002a46e400f2120000237
:108efc00211020022400bf8f2000b18f1c00b08fe6
:108f0c000800e0032800bd270800a28ce1ff4014f4
:108f1c00000000001000a2940400a0ac0c00a0ac57
:108f2c00100042340000a0aca863400b1000a2a4b7
:108f3c001000a427010005246871400f1000b1a394
:108f4c00000000ae211020022400bf8f2000b18f42
:0c8f5c001c00b08f0800e0032800bd27b7
:020000040000fa
:020000041d01dc
:108f6800e8ffbd271400bfaf1000beaf21f0a0037b
:108f78000000000080bf023c005444341074400fcd
:108f88000000000001004238ff004230f9ff4014a1
:108f98000000000080bf023c005444348775400f35
:108fa80000000000050040100000000080bf023ce7
:108fb800005444343c75400f0000000080bf023c60
:108fc800005444347e75400f000000000500401036
:108fd8000000000080bf023c005444343475400f48
:108fe8000000000080bf023c005444341c75400f50
:108ff8000000000080bf023c005444347575400fe7
:109008000000000080bf023c005444341475400f37
:10901800000000000000000080bf023c00544434ff
:109028006f75400f0000000001004238ff00423019
:10903800f9ff40140000000021e8c0031400bf8fae
:109048001000be8f1800bd270800e00300000000d4
:020000040000fa
:020000041d01dc
:10905800e8ffbd271400bfaf00a0023c1400438cfa
:109068000a00605480bf043c0000023c0000422417
:10907800240040100000023c0000000c000000002a
:109088001400bf8f0800e0031800bd271060842477
:10909800fbff8010ffff0224020002242000621060
:1090a80080bf023c80bf023c0060428c80bf053c10
:1090b8003060a5240080423003004014008003344f
:1090c80080bf023c086043ac0000828c0100423043
:1090d80009004014000000003c64400ba00002247a
:1090e80005004010000000000000838c0100633080
:1090f800fbff6010ffff42240000a28c2364400b9a
:109108001400bf8f000042240b00405080bf043c75
:109118000000000c000000002364400b1400bf8f07
:109128000068428c80bf053c3068a52480bf043ca1
:109138002f64400b106884242b64400b1060842437
:020000040000fa
:020000041d01dc
:10914800e8ffbd271400bfaf1000beaf21f0a00399
:1091580000a0023c3c0b4224200040a000a0023c9e
:109168003c0b4224200042902120400000a0023cf9
:109178003c0b4224a300429002110200ff0042303f
:1091880010004234ff00433000a0023c3c0b422454
:1091980021108200180043a000a0023c3c0b42248e
:1091a8002000429001004224ff00433000a0023c0e
:1091b8003c0b4224200043a000a0023c3c0b42246c
:1091c800200042902120400000a0023c3c0b422499
:1091d800a30042900f004230ff00433000a0023c41
:1091e8003c0b422421108200180043a000a0023c3e
:1091f8003c0b42242000429001004224ff004330ef
:1092080000a0023c3c0b4224200043a0a86c400f65
:109218000000000021e8c0031400bf8f1000be8fbb
:0c9228001800bd270800e0030000000053
:020000040000fa
:020000041d01dc
:10923400e8ffbd271400bfaf1000beaf21f0a003ac
:10924400211080001800c2a380bf023c00544434a3
:109254001075400f0000000080bf023c00544434ed
:109264000875400f000000001800c2930d00401064
:1092740000000000212000005b73400f000000008c
:1092840080bf033c00546434212840000600023ca3
:10929400801a4634c672400f00000000b464400bcc
:1092a40000000000212000005b73400f000000005c
:1092b40080bf033c00546434212840000100023c78
:1092c400a0864634c672400f0000000080bf023cf6
:1092d400005444340475400f0000000080bf023c79
:1092e400005444340c75400f0000000080bf023c61
:1092f4000054428c548082af80bf023c4054428c64
:10930400588082af21e8c0031400bf8f1000be8fc5
:0c9314001800bd270800e0030000000066
:020000040000fa
:020000041d01dc
:10932000e0ffbd271c00bfaf1800beaf21f0a003b7
:10933000b070400f00000000010004240300052469
:10934000af6a400f000000002118400000a0023c5e
:109350003c0b43ac00a0023c3c0b4224029d033c6e
:1093600054c56324100043ac00a0023c3c0b4224d3
:10937000029d033cecc56324140043ac00a0023cf6
:109380003c0b42241300033cd01263340c0043ac6a
:1093900000a0023c3c0b428c2120400000a0023c7b
:1093a000480b4524c76b400f000000001000c2afff
:1093b00000a0023c3c0b4224a20040a000a0023cc2
:1093c0003c0b4224a30040a000a0023c3c0b4224e2
:1093d000a40040a000a0023c3c0b4224ad0040a0f1
:1093e0001000c28f27100200c2170200ff00423097
:1093f00021e8c0031c00bf8f1800be8f2000bd27ce
:089400000800e0030000000079
:020000040000fa
:020000041d01dc
:10940800e0ffbd271c00bfaf1800beaf21f0a003ce
:10941800211080002000c2a30000000080bf023c91
:10942800005444341074400f00000000010042381a
:10943800ff004230f9ff4014000000000000000067
:1094480080bf023c005444342875400f00000000df
:1094580001004238ff004230f9ff401400000000cc
:109468002000c29380bf033c00546434212840008c
:109478007b75400f000000000000000080bf023c28
:10948800005444347875400f00000000fbff40147e
:10949800000000000000000080bf023c005444347b
:1094a8002c75400f0000000001004238ff004230d8
:1094b800f9ff40140000000080bf023c005444340f
:1094c8003075400f000000001000c2a31000c293c6
:1094d80021e8c0031c00bf8f1800be8f2000bd27e5
:0894e8000800e0030000000091
:020000040000fa
:020000041d01dc
:1094f000f0ffbd270c00beaf21f0a0031000c4afe9
:109500001400c5af1400c28f04004010000000001a
:109510001000c28f0400401400000000fdff022470
:109520007165400b000000001000c28f0000c2af48
:109530000000c28f2000428c040040100000000098
:10954000fdff02247165400b000000000000c28f87
:109550000400428c06004014000000001400c28f7a
:10956000000040ac211000007165400b00000000bd
:109570000000c28f0400428c0400c2af0400c28ffe
:109580000000438c0000c28f040043ac0000c28f77
:109590000400428c03004014000000000000c28f51
:1095a000080040ac0400c28f000040ac0400c28f31
:1095b00004004224211840001400c28f000043ac74
:1095c0002110000021e8c0030c00be8f1000bd2751
:0895d0000800e00300000000a8
:020000040000fa
:020000041d01dc
:1095d800e0ffbd271c00bfaf1800beaf21f0a003fd
:1095e800214080002120a0002118c0002110e000a7
:1095f8002000c8a72400c4a72800c3a72c00c2a71e
:109608002000c4872400c5872800c3872400c28798
:109618003000c68f1000a6af21306000213840000e
:10962800bc51400f000000002000c4872c00c587f3
:109638002800c3872c00c2873000c68f1000a6af51
:109648002130600021384000bc51400f000000006c
:109658002000c4872400c5872000c3872c00c28748
:109668003000c68f1000a6af2130600021384000be
:10967800bc51400f000000002800c4872400c587a3
:109688002800c3872c00c2873000c68f1000a6af01
:109698002130600021384000bc51400f000000001c
:1096a80021e8c0031c00bf8f1800be8f2000bd2713
:0896b8000800e00300000000bf
:020000040000fa
:020000041d01dc
:1096c000e8ffbd271400bfaf1000beaf21f0a0031c
:1096d0001800c4af2110a0001c00c2a31c00c2933c
:1096e0000a00401000000000ff00023cffff44346d
:1096f0002c73400f00000000212000002073400f59
:1097000000000000ca65400b00000000212000009e
:109710002c73400f00000000ff00023cffff4434a8
:109720002073400f0000000021200000b872400f9d
:1097300000000000019d023c280a4424c670400f2e
:10974000000000000100042401000524029d023ce9
:1097500058b246242557400f0000000001000424a1
:109760000a000524029d023c5cb246242557400fa6
:10977000000000000100042414000524029d023ca6
:1097800060b246242557400f0000000021e8c003c6
:109790001400bf8f1000be8f1800bd270800e00323
:0497a00000000000c5
:020000040000fa
:020000041d01dc
:1097a400496e74657272757074000000556e64655c
:1097b40066696e65640000004c6f61642f666574b1
:1097c40063682061646472657373206572726f727a
:1097d4000000000053746f726520616464726573e5
:1097e40073206572726f7200496e7374727563745c
:1097f400696f6e20627573206572726f720000006b
:109804004461746120627573206572726f72000026
:1098140053797363616c6c00427265616b706f693c
:109824006e740000526573657276656420696e73a8
:109834007472756374696f6e00000000436f707218
:109844006f636573736f7220756e757361626c6597
:109854000000000041726974686d65746963206f6b
:10986400766572666c6f7700547261700000000058
:0c987400526573657276656400000000a8
:020000040000fa
:020000041d01dc
:10988000a8ffbd270400a1af0800a2af0c00a3af42
:109890001000a4af1400a5af1800a6af1c00a7af1e
:1098a0002000a8af2400a9af2800aaaf2c00abafbe
:1098b0003000acaf3400adaf3800aeaf3c00afaf5e
:1098c0004000b8af4400b9af4800bfaf124000003d
:1098d0004c00a8af104000005000a8af029d1a3cf9
:1098e00014c45a27000000000068044000600540ce
:1098f00009f84003000000005000a88f110000018b
:109900004c00a88f130000010400a18f0800a28f53
:109910000c00a38f1000a48f1400a58f1800a68f31
:109920001c00a78f2000a88f2400a98f2800aa8fd1
:109930002c00ab8f3000ac8f3400ad8f3800ae8f71
:109940003c00af8f4000b88f4400b98f4800bf8ff4
:0c9950005800bd27c000000018000042b5
:020000040000fa
:020000041d01dc
:10995c00e0ffbd271c00bfaf1800beaf21f0a00375
:10996c002000c4af1000c0af00a0023cec004224a9
:10997c001000c2af2000c28f040040140000000091
:10998c00211000008766400b000000002000c28ff1
:10999c000400428c05004010000000002000c28f23
:1099ac000400438c1000c28f040043ac2000c28f13
:1099bc000800428c05004010000000002000c28fff
:1099cc000800438c1000c28f080043ac2000c28feb
:1099dc000000428c0d00401000000000212000000f
:1099ec005b73400f00000000211840002000c28f64
:1099fc000000428c80bf043c005e8434212860004f
:109a0c00213040004171400f000000002110000087
:109a1c0021e8c0031c00bf8f1800be8f2000bd279b
:089a2c000800e0030000000047
:020000040000fa
:020000041d01dc
:109a3400e0ffbd271c00bfaf1800beaf21f0a0039c
:109a44002000c4af1000c0af00a0023c08014224b3
:109a54001000c2af2000c28f0400401400000000b8
:109a640021100000bd66400b000000002000c28fe2
:109a74000400428c05004010000000002000c28f4a
:109a84000400438c1000c28f040043ac2000c28f3a
:109a94000800428c05004010000000002000c28f26
:109aa4000800438c1000c28f080043ac2000c28f12
:109ab4000000428c0d004010000000002120000036
:109ac4005b73400f00000000211840002000c28f8b
:109ad4000000428c80bf043c005c84342128600078
:109ae400213040004171400f0000000021100000af
:109af40021e8c0031c00bf8f1800be8f2000bd27c3
:089b04000800e003000000006e
:020000040000fa
:020000041d01dc
:109b0c00e8ffbd271400bfaf00a0023c1400428c3c
:109b1c000a004014211880000000023c000042247e
:109b2c00200040100000023c0000000c000000006f
:109b3c001400bf8f0800e0031800bd2780bf043c51
:109b4c0010608424fbff80101400bf8f01000524db
:109b5c001b00451080bf023c80bf023c20684224a1
:109b6c0080bf053c1868a52480bf063c0868c62445
:109b7c0080bf043c10688424008007340000c7ac0c
:109b8c00000406240000a6ac0000858c0001a53062
:109b9c00fdffa01000000000000043acd066400b9d
:109bac001400bf8f00004224ecff401080bf023c29
:109bbc000000000c00000000d066400b1400bf8faa
:109bcc002060422480bf053c1860a52480bf063c61
:089bdc00e166400b0860c6249d
:020000040000fa
:020000041d01dc
:109be400e8ffbd271400bfaf1000beaf21f0a003f3
:109bf400211080001800c2a300a0023c3c0b4224a8
:109c0400200040a000a0023c3c0b422420004290d3
:109c14002118400000a0023c3c0b422421106200a9
:109c240081ff0324180043a000a0023c3c0b422403
:109c34002000429001004224ff00433000a0023c77
:109c44003c0b4224200043a000a0023c3c0b4224d5
:109c540020004290212040001800c2933f0042306f
:109c6400ff00433000a0023c3c0b42242110820040
:109c7400180043a000a0023c3c0b42242000429068
:109c840001004224ff00433000a0023c3c0b42246c
:109c9400200043a0a86c400f0000000021e8c0038e
:109ca4001400bf8f1000be8f1800bd270800e0030a
:049cb40000000000ac
:020000040000fa
:020000041d01dc
:109cb800e8ffbd271400bfaf1000beaf21f0a0031e
:109cc800211080001800c2a300a0023c3c0b4224d3
:109cd800a40043901800c29321106200ff00423094
:109ce8003f004230ff00433000a0023c3c0b4224be
:109cf800a40043a000a0023c3c0b4224200040a04a
:109d080000a0023c3c0b422420004290212040004d
:109d180000a0023c3c0b4224a40042904000423484
:109d2800ff00433000a0023c3c0b4224211082007b
:109d3800180043a000a0023c3c0b422420004290a3
:109d480001004224ff00433000a0023c3c0b4224a7
:109d5800200043a0a86c400f0000000000a0023cb7
:109d68003c0b422406000324a80043ac21e8c003ae
:109d78001400bf8f1000be8f1800bd270800e00335
:049d880000000000d7
:020000040000fa
:020000041d01dc
:109d8c001900a80012580000105000001900a7007c
:109d9c00126800001060000021586c012b786c01d7
:109dac0021504f0119008800127000001060000053
:109dbc002170cd012b78cd0121586c0121586f01f8
:109dcc0002006c11000000002b786c0121504f0137
:109ddc002a78c0012170ce0121586f012b786f01b8
:109dec0021504f010c0040050000000013004011f1
:109dfc00000000002a78c0012170ce012a106001f9
:109e0c0021586b0121586f012578020021504a011d
:109e1c0021504f01ffffc6242130c90002fcc6248b
:109e2c0025200b0025280a00251004002518050004
:109e3c0025c006000800e003000000000000062416
:109e4c0025280600f8ff0010252006000000000061
:020000040000fa
:020000041d01dc
:109e5c00d8ffbd272400bfaf2000beaf21f0a00368
:109e6c002800c4af2c00c5af3000c6af3400c7af5c
:109e7c002800c28fff0042301c00c2af1c00c28ff2
:109e8c000600401000000000010003240e004310e7
:109e9c0000000000c067400b000000003c00c28fb7
:109eac001000a2af2c00c48f3000c58f3400c68fb9
:109ebc003800c78f2261400f000000001800c2afad
:109ecc00c367400b000000003c00c28f1000a2af23
:109edc002c00c48f3000c58f3400c68f3800c78f5c
:109eec00b661400f000000001800c2afc367400b02
:109efc0000000000ffff02241800c2af00000000a9
:109f0c001800c28f21e8c0032400bf8f2000be8f31
:0c9f1c002800bd270800e0030000000042
:020000040000fa
:020000041d01dc
:109f2800e0ffbd271c00bfaf1800beaf21f0a003a3
:109f38002000c4af2110a0002400c2a32000c28fbb
:109f48000400401400000000fdff0224f767400be6
:109f5800000000002000c28f1000c2af1000c28fa6
:109f68000000428c1400c2af1000c28f2000428c47
:109f78000400401000000000fdff0224f767400bba
:109f8800000000002400c2930700401000000000f9
:109f98001400c28f21204000a473400f000000006d
:109fa800f767400b000000001000c28f0c00428cc5
:109fb80007004010000000001000c28f0c00428c07
:109fc8002000c48f0100052409f8400000000000ab
:109fd8002110000021e8c0031c00bf8f1800be8fad
:0c9fe8002000bd270800e003000000007e
:020000040000fa
:020000041d01dc
:109ff400e0ffbd271c00bfaf1800beaf21f0a003d7
:10a004002000c4af2110a0002400c2a32000c28fee
:10a014000400401400000000fdff02242a68400be5
:10a02400000000002000c28f1000c2af1000c28fd9
:10a034000000428c1400c2af1000c28f2000428c7a
:10a044000400401000000000fdff02242a68400bb9
:10a05400000000002400c29307004010000000002c
:10a064001400c28f21204000ae73400f0000000096
:10a074002a68400b000000001000c28f0c00428cc4
:10a0840007004010000000001000c28f0c00428c3a
:10a094002000c48f2128000009f8400000000000bf
:10a0a4002110000021e8c0031c00bf8f1800be8fe0
:0ca0b4002000bd270800e00300000000b1
:020000040000fa
:020000041d01dc
:10a0c000f8ffbd270400beaf21f0a0030800c4af15
:10a0d00001000224198082a30800c28f000042946c
:10a0e0001000032422004310000000001100432848
:10a0f0000c00601000000000040003241c0043104a
:10a1000000000000080003241900431000000000b4
:10a110000200032416004310000000005d68400b9d
:10a120000000000040000324110043100000000064
:10a1300041004328060060100000000020000324b6
:10a140000b004310000000005d68400b00000000a1
:10a1500080000324060043100000000000010324d7
:10a1600003004310000000005d68400b0000000089
:10a170000000000021e8c0030400be8f0800bd27d6
:08a180000800e00300000000ec
:020000040000fa
:020000041d01dc
:10a18800f0ffbd270c00beaf21f0a0031000c4af44
:10a198001400c5af1000c28f040040140000000076
:10a1a800fdff02248d68400b000000001000c28fe4
:10a1b8000000c2af0000c28f2000428c0400401093
:10a1c80000000000fdff02248d68400b0000000025
:10a1d8001400c28ffcff42240400c2af0000c28feb
:10a1e8000400428c09004014000000000000c28fe7
:10a1f8000400c38f040043ac0000c28f0400c38f67
:10a20800080043ac8c68400b000000000000c28fbf
:10a218000800428c0400c38f000043ac0000c28fca
:10a228000400c38f080043ac2110000021e8c003dc
:10a238000c00be8f1000bd270800e00300000000de
:020000040000fa
:020000041d01dc
:10a24800e8ffbd271400bfaf1000beaf21f0a00388
:10a2580080bf023c000644346875400f00000000cf
:10a2680080bf023c0006443421280000ea74400ff5
:10a278000000000080bf023c0006443406000524ac
:10a288002f6a400f0000000080bf023c00064434e3
:10a298008974400f0000000080bf023c000644346f
:10a2a8009375400f0000000080bf023c0006443454
:10a2b800d33005249675400f0000000021200000cf
:10a2c8000400052401000624db70400f0000000094
:10a2d8002120000004000524213000001971400fde
:10a2e8000000000021e8c0031400bf8f1000be8fdb
:0ca2f8001800bd270800e0030000000073
:020000040000fa
:020000041d01dc
:10a30400e8ffbd271400bfaf1000beaf21f0a003cb
:10a3140080bf023c000844346875400f0000000010
:10a3240080bf023c0008443421280000ea74400f36
:10a334000000000080bf023c0008443406000524ed
:10a344002f6a400f0000000080bf023c0008443424
:10a354008974400f0000000080bf023c00084434b0
:10a364009375400f0000000080bf023c0008443495
:10a3740023f405349675400f0000000021200000ee
:10a384000800052401000624db70400f00000000d3
:10a394002120000008000524213000001971400f1d
:10a3a4000000000021e8c0031400bf8f1000be8f1e
:0ca3b4001800bd270800e00300000000b6
:020000040000fa
:020000041d01dc
:10a3c000e8ffbd271400bfaf1000beaf21f0a0030f
:10a3d00080bf023c000a44346875400f0000000052
:10a3e00080bf023c000a443421280000ea74400f78
:10a3f0000000000080bf023c000a4434060005242f
:10a400002f6a400f0000000080bf023c000a443465
:10a410008974400f0000000080bf023c000a4434f1
:10a420009375400f0000000080bf023c000a4434d6
:10a4300023f405349675400f000000002120000031
:10a440000c00052421300000db70400f00000000ec
:10a45000212000000c000524213000001971400f5c
:10a460000000000021e8c0031400bf8f1000be8f61
:0ca470001800bd270800e00300000000f9
:020000040000fa
:020000041d01dc
:10a47c00e8ffbd271400bfaf1000beaf21f0a00352
:10a48c0080bf023c000c44346875400f0000000093
:10a49c0080bf023c000c443421280000ea74400fb9
:10a4ac000000000080bf023c000c44340100052475
:10a4bc002f6a400f0000000080bf023c000c4434a7
:10a4cc008974400f0000000080bf023c000c443433
:10a4dc009375400f0000000080bf023c000c443418
:10a4ec003f9c05349675400f0000000021200000b1
:10a4fc001000052401000624db70400f0000000052
:10a50c002120000010000524213000001971400f9b
:10a51c000000000021e8c0031400bf8f1000be8fa4
:0ca52c001800bd270800e003000000003c
:020000040000fa
:020000041d01dc
:10a53800e8ffbd271400bfaf1000beaf21f0a00395
:10a5480080bf023c000e44346875400f00000000d4
:10a5580080bf023c000e443421280000ea74400ffa
:10a568000000000080bf023c000e443406000524b1
:10a578002f6a400f0000000080bf023c000e4434e8
:10a588008974400f0000000080bf023c000e443474
:10a598009375400f0000000080bf023c000e443459
:10a5a800d33005249675400f0000000021200000dc
:10a5b8001400052401000624db70400f0000000091
:10a5c8002120000014000524213000001971400fdb
:10a5d8000000000021e8c0031400bf8f1000be8fe8
:0ca5e8001800bd270800e0030000000080
:020000040000fa
:020000041d01dc
:10a5f400f0ffbd270c00beaf21f0a00321108000a6
:10a604001000c2a31000c293040040100000000018
:10a614000200c0a38a69400b00000000ffff02246f
:10a624000200c2a30000c0a3a269400b0000000006
:10a634000100c0a39c69400b000000000000c4930b
:10a644000100c39300a0023cc02104002118830030
:10a65400e8054224211062000200c393000043a0d5
:10a664000100c293010042240100c2a30100c2837d
:10a67400f2ff4104000000000000c29301004224e4
:10a684000000c2a30000c2930800422ce8ff40145b
:10a694000000000021e8c0030c00be8f1000bd279d
:08a6a4000800e00300000000c3
:020000040000fa
:020000041d01dc
:10a6ac00e8ffbd271400bfaf1000beaf21f0a00320
:10a6bc00211880001c00c5af2110c0001800c3a3d6
:10a6cc002000c2a3108080a3188080a300a0023cad
:10a6dc00e00042240b0042901800c393080062145f
:10a6ec00000000002000c29301004238ff004230fd
:10a6fc000300401000000000d269400b0000000075
:10a70c0000a0023ce00042241800c3930b0043a0bd
:10a71c001800c293212040001c00c58f01000624a4
:10a72c00de5e400f00000000158080a301000224b3
:10a73c00108082a301000224188082a321e8c003a8
:10a74c001400bf8f1000be8f1800bd270800e00357
:04a75c0000000000f9
:020000040000fa
:020000041d01dc
:10a76000e8ffbd271400bfaf1000beaf21f0a0036b
:10a770001800c4af2120a0002118c0002110e00063
:10a780001c00c4a32000c3a32400c2a300a0023c59
:10a790003c0b42242000c393a20043a000a0023c33
:10a7a0003c0b42242400c393a30043a000a0023c1e
:10a7b0003c0b42241c00c393a10043a01c00c29385
:10a7c00000a0033c5d0b64241800c58f21304000bd
:10a7d000cf5c400f000000002000c2932120400009
:10a7e000a06b400f0000000000a0023c3c0b422484
:10a7f00003000324a80043ac21e8c0031400bf8f6a
:10a800001000be8f1800bd270800e0030000000004
:020000040000fa
:020000041d01dc
:10a81000e0ffbd271c00bfaf1800beaf21f0a003b2
:10a8200000a0023cf8094424019d023c6c774524b9
:10a830008000062440000724ab56400f00000000b3
:10a84000c864400f000000001000c2a301000424ef
:10a850007d69400f0000000000a0023ce805422492
:10a86000040440a000a0023ce8054224050440a0e6
:10a8700000a0023ce8054224000440a000a0023ce5
:10a88000e8054224060440a000a0023ce80542245a
:10a890000c0440ac00a0023ce8054224080440ac93
:10a8a0001000c29321e8c0031c00bf8f1800be8fa8
:0ca8b0002000bd270800e00300000000ad
:020000040000fa
:020000041d01dc
:10a8bc0080bf023c000642240600821003000224e2
:10a8cc00000082940431a27c000082a40800e00302
:10a8dc00000000001300a2100400a32c0a00601456
:10a8ec00060003241500a310070003241900a31469
:10a8fc0000000000000083940431437c000083a41a
:10a90c000800e003000000001200a014000000008a
:10a91c00000082940431027c000082a40800e00351
:10a92c000000000000008294010003240431627cca
:10a93c00000082a40800e0030000000000008294e4
:10a94c00020003240431627c000082a40800e003ae
:0ca95c00000000000800e0030000000004
:020000040000fa
:020000041d01dc
:10a96800c23d0400ff00e7300080013c2430810034
:10a97800ffffe924fe00212d0d002010000000003b
:10a988008003e724404a0400024b09002530c9002f
:10a99800402f0400004d07002530c9002510050090
:10a9a800251806000800e003000000000000000071
:10a9b8000000052421208400f6ff8010000000001c
:10a9c8000900e01400000000ffffe72421208400b4
:10a9d8008000013c2b088100fbff201400000000d0
:10a9e800e7ff001000000000ff07072400ff013cfc
:10a9f800010021342b088100e6ff2014000000002c
:0caa0800e4ff0010f8ff063c0000000016
:020000040000fa
:020000041d01dc
:10aa1400211080002600c0101000ca2c1f00401511
:10aa2400ff00a530005205002528aa0000540500a7
:10aa34002528aa00030083300500601004000724c1
:10aa44002338e3002330c700000085b821208700a5
:10aa54000f00c3302338c3000800e0102130600029
:10aa64002138e400000085ac040085ac080085ac06
:10aa740010008424fbff8714fcff85ac0300c33063
:10aa84002338c3000500e010213060002138e400c1
:10aa940004008424feff8714fcff85ac0400c0106e
:10aaa4002138c40001008424feff8714ffff85a021
:08aab4000800e00300000000af
:020000040000fa
:020000041d01dc
:10aabc00e0ffbd271c00bfaf1800beaf21f0a00304
:10aacc00211080002400c5af2000c2a72000c2972f
:10aadc000600401000000000010003240b0043108e
:10aaec0000000000ce6a400b000000002000c2975e
:10aafc00212040002400c58f0873400f0000000087
:10ab0c001000c2afd16a400b000000002000c297b9
:10ab1c00212040002400c58f1473400f000000005a
:10ab2c001000c2afd16a400b00000000ffff0224ee
:10ab3c001000c2af000000001000c28f21e8c0035b
:10ab4c001c00bf8f1800be8f2000bd270800e0033b
:04ab5c0000000000f5
:020000040000fa
:020000041d01dc
:10ab6000d8ffbd272400bfaf2000beaf1c00b0af90
:10ab700021f0a0031000c0a38e72400f000000005f
:10ab80002a8082a32a8082931600401000000000d1
:10ab90001000c0a3f56a400b000000001000d09325
:10aba0001000c293212040008d71400f0000000072
:10abb0002118400000a0023c8400442480101000b2
:10abc00021108200040043ac1000c2930100422413
:10abd0001000c2a31000c2930e00422cefff4014dd
:10abe0000000000021e8c0032400bf8f2000be8fba
:10abf0001c00b08f2800bd270800e0030000000003
:020000040000fa
:020000041d01dc
:10ac0000e0ffbd271c00bfaf1800beaf21f0a003be
:10ac10002000c4af2400c5af2000c48f010005246c
:10ac2000ca67400f000000001000c2af1000c28fc2
:10ac300004004010000000001000c28f226b400b87
:10ac4000000000002000c48f2400c58fe658400f8c
:10ac5000000000001400c2af2000c48f01000524d2
:10ac6000fd67400f000000001000c2af1000c28f4f
:10ac700004004010000000001000c28f226b400b47
:10ac8000000000001400c28f21e8c0031c00bf8f29
:10ac90001800be8f2000bd270800e0030000000060
:020000040000fa
:020000041d01dc
:10aca000e0ffbd271c00bfaf1800beaf21f0a0031e
:10acb0002000c4af2400c5af2000c48f01000524cc
:10acc000ca67400f000000001000c2af1000c28f22
:10acd00004004010000000001000c28f4a6b400bbf
:10ace000000000002000c48f2400c58fd160400ff9
:10acf000000000001400c2af2000c48f0100052432
:10ad0000fd67400f000000001000c2af1000c28fae
:10ad100004004010000000001000c28f4a6b400b7e
:10ad2000000000001400c28f21e8c0031c00bf8f88
:10ad30001800be8f2000bd270800e00300000000bf
:020000040000fa
:020000041d01dc
:10ad4000e0ffbd271c00bfaf1800beaf21f0a0037d
:10ad50002000c4af2400c5af2000c48f212800000c
:10ad6000ca67400f000000001000c2af1000c28f81
:10ad700004004010000000001000c28f726b400bf6
:10ad8000000000002000c48f2400c58f6268400fbf
:10ad9000000000001400c2af2000c48f2128000072
:10ada000fd67400f000000001000c2af1000c28f0e
:10adb00004004010000000001000c28f726b400bb6
:10adc000000000001400c28f21e8c0031c00bf8fe8
:10add0001800be8f2000bd270800e003000000001f
:020000040000fa
:020000041d01dc
:10ade000e0ffbd271c00bfaf1800beaf21f0a003dd
:10adf0002000c4af2400c5af2000c48f212800006c
:10ae0000ca67400f000000001000c2af1000c28fe0
:10ae100004004010000000001000c28f9a6b400b2d
:10ae2000000000002000c48f2400c58f3c65400f47
:10ae3000000000001400c2af2000c48f21280000d1
:10ae4000fd67400f000000001000c2af1000c28f6d
:10ae500004004010000000001000c28f9a6b400bed
:10ae6000000000001400c28f21e8c0031c00bf8f47
:10ae70001800be8f2000bd270800e003000000007e
:020000040000fa
:020000041d01dc
:10ae8000e8ffbd271400bfaf1000beaf21f0a00344
:10ae900000a0023c3c0b4224200040a000a0023c49
:10aea0003c0b4224200042902120400000a0023ca4
:10aeb0003c0b4224a20042900f004230ff0043307e
:10aec000b0ff022425106200ff00433000a0023cc6
:10aed0003c0b422421108200180043a000a0023c39
:10aee0003c0b42242000429001004224ff004330ea
:10aef00000a0023c3c0b4224200043a0a86c400f61
:10af00000000000021e8c0031400bf8f1000be8fb6
:0caf10001800bd270800e003000000004e
:020000040000fa
:020000041d01dc
:10af1c00e0ffbd271c00bfaf1800beaf21f0a0039f
:10af2c002000c4af2400c5af2000c28fff00423008
:10af3c001400c2af1400c28f0600401000000000c5
:10af4c00010003240900431000000000e46b400bd7
:10af5c00000000002400c48f5766400f0000000062
:10af6c001000c2afe76b400b000000002400c48f40
:10af7c008d66400f000000001000c2afe76b400b65
:10af8c0000000000ffff02241000c2af0000000010
:10af9c001000c28f21e8c0031c00bf8f1800be8fa9
:0cafac002000bd270800e00300000000aa
:020000040000fa
:020000041d01dc
:10afb800f0ffbd270c00beaf21f0a00321188000d0
:10afc8002110a0001000c3a31400c2a31400c29350
:10afd80004004010000000000100c0a3fd6b400bfe
:10afe80000000000ffff02240100c2a30000c0a36c
:10aff8000c6c400b000000001000c4930000c393c9
:10b0080000a0023cc021040021188300e805422466
:10b01800211062000100c393000043a00000c29306
:10b02800010042240000c2a30000c283f2ff4104d1
:10b038000000000021e8c0030c00be8f1000bd27ef
:08b048000800e0030000000015
:020000040000fa
:020000041d01dc
:10b05000e8ffbd271400bfaf1000beaf21f0a00372
:10b06000211080001800c2a300a0023c3c0b422427
:10b07000200040a000a0023c3c0b42242000429053
:10b08000212040001800c29307004230ff004230e8
:10b0900020004234ff00433000a0023c3c0b42241d
:10b0a00021108200180043a000a0023c3c0b422467
:10b0b0002000429001004224ff00433000a0023ce7
:10b0c0003c0b4224200043a0a86c400f000000006d
:10b0d00021e8c0031400bf8f1000be8f1800bd27e9
:08b0e0000800e003000000007d
:020000040000fa
:020000041d01dc
:10b0e800e8ffbd271400bfaf1000beaf21f0a003da
:10b0f800010004248d64400f0000000011000424a6
:10b10800320005243d6f400f0000000012000424a7
:10b11800320005243d6f400f000000001300042496
:10b12800320005243d6f400f000000001400042485
:10b13800320005243d6f400f000000001500042474
:10b14800320005243d6f400f000000001600042463
:10b15800320005243d6f400f0000000021e8c003c5
:10b168001400bf8f1000be8f1800bd270800e00331
:04b1780000000000d3
:020000040000fa
:020000041d01dc
:10b17c00e8ffbd271400bfaf1000beaf21f0a00345
:10b18c001800c4af1800c28f000040ac1800c28f6a
:10b19c00ffff0324000043a421200000030005242a
:10b1ac0008000624f473400f00000000212000006a
:10b1bc000400052405000624f473400f0000000071
:10b1cc0021200000030005240b000624ea73400f25
:10b1dc000000000021200000020005240d000624c0
:10b1ec00ea73400f0000000021e8c0031400bf8f79
:10b1fc001000be8f1800bd270800e00300000000ff
:020000040000fa
:020000041d01dc
:10b2100057656c636f6d650041666669636865724a
:10b22000207369676e6175780000000052656e6f6b
:10b230006d6d657220756e207369676e616c0000bc
:10b24000546573742042757a7a6572004d61696e37
:10b25000204d656e7500000072656c006f72000015
:10b260006e6f742068616e646c6500004d6f64756c
:10b270006c652032000000004d656e750000000016
:10b28000414300004443000020455200204f4b0042
:10b2900025735f0000000000182d4454fb21194065
:020000040000fa
:020000041d01dc
:10b2a000e0ffbd271c00bfaf1800beaf21f0a00318
:10b2b00021200000060005240d000624f473400f31
:10b2c0000000000000a0023c3c0b438c00a0023cac
:10b2d0003c0b4224200042901000a0af00a0043c90
:10b2e000440b84241400a4af2120600000a0033c80
:10b2f000540b652421304000029d023cd0d04724ed
:10b300009767400f000000002118400000a0023c99
:10b310003c0b4224040043ac21e8c0031c00bf8f57
:10b320001800be8f2000bd270800e00300000000c9
:020000040000fa
:020000041d01dc
:10b33000e0ffbd271c00bfaf1800beaf21f0a00387
:10b3400021200000060005240d000624ea73400faa
:10b350000000000000a0023c3c0b438c00a0023c1b
:10b360003c0b4224a10042901000a0af00a0043c7e
:10b37000440b84241400a4af2120600000a0033cef
:10b380005d0b652421304000029d023cd0d0472453
:10b390009767400f000000002118400000a0023c09
:10b3a0003c0b4224040043ac21e8c0031c00bf8fc7
:10b3b0001800be8f2000bd270800e0030000000039
:020000040000fa
:020000041d01dc
:10b3c000e0ffbd271c00bfaf1800beaf21f0a003f7
:10b3d000211080002000c2a31000c0a3da63400f38
:10b3e00000000000380004240265400f0000000047
:10b3f000030004240265400f00000000846e400f2b
:10b4000000000000da63400f00000000390004244f
:10b410000265400f000000002000c2932120400080
:10b42000da5f400f000000001000c2a3846e400fde
:10b43000000000001000c29321e8c0031c00bf8f71
:10b440001800be8f2000bd270800e00300000000a8
:020000040000fa
:020000041d01dc
:10b45000e0ffbd271c00bfaf1800beaf21f0a00366
:10b46000211080002000c2a31000c0a3da63400fa7
:10b4700000000000380004240265400f00000000b6
:10b48000040004240265400f00000000846e400f99
:10b4900000000000da63400f0000000039000424bf
:10b4a0000265400f000000002000c29321204000f0
:10b4b000da5f400f000000001000c2a3846e400f4e
:10b4c000000000001000c29321e8c0031c00bf8fe1
:10b4d0001800be8f2000bd270800e0030000000018
:020000040000fa
:020000041d01dc
:10b4e000f8ffbd270400beaf21f0a00300a0023c7e
:10b4f000e000422408004294ffff4224ffff433053
:10b5000000a0023ce0004224080043a400a0023c4a
:10b51000e0004224080042941000401400000000a3
:10b5200000a0023ce0004224c8000324080043a419
:10b5300000a0023ce00042240a0042900100423890
:10b54000ff004230050040100000000000a0023c57
:10b55000e000422401000324040043a021e8c003ca
:10b560000400be8f0800bd270800e00300000000b3
:020000040000fa
:020000041d01dc
:10b57000c03a0500425504002538ea000080013c2d
:10b580002538e1004050050042550a001e040624fb
:10b590002330ca000c00c018000000002000c12c9d
:10b5a0000200201400000000000007340200a10483
:10b5b0000638c70023380700251007000800e003fd
:10b5c00000000000000000000200801000000000e9
:10b5d0000100a534f07f013c010021342b08a100bb
:10b5e0000300201400000000f4ff00100080023c63
:10b5f000ff7f023cf1ff0010ffff4234000000001b
:020000040000fa
:020000041d01dc
:10b60000e0ffbd271c00bfaf1800beaf21f0a003b4
:10b61000211080002400c5af2000c2a72000c297df
:10b620000600401000000000010003240800431041
:10b6300000000000996d400b00000000a554400f71
:10b64000000000001000c2af9c6d400b0000000025
:10b650003056400f000000001000c2af9c6d400b40
:10b6600000000000ffff02241000c2af0000000035
:10b670001000c28f21e8c0031c00bf8f1800be8fce
:0cb680002000bd270800e00300000000cf
:020000040000fa
:020000041d01dc
:10b68c002118e003019d083cf82908250000098dcc
:10b69c00180020110400082500000a8d040008255c
:10b6ac0000000b8d090060110400082500000c91ae
:10b6bc00ffff4a250100082500002ca1fbff4015c7
:10b6cc00010029250500001000000000000020a149
:10b6dc00ffff4a25fdff4015010029250300082521
:10b6ec00fcff0a24244048010000098de7ff2015c7
:10b6fc000000000021f860000800e00300000000da
:04b70c000000000039
:020000040000fa
:020000041d01dc
:10b71000e8ffbd271400bfaf1000beaf21f0a003ab
:10b72000211080001800c2a71800c297ffff422412
:10b730002118400000a0023ccc0042240c0043ac85
:10b740001772400f0000000000a0023ccc00422411
:10b7500001000324100043a00000000000a0023cf0
:10b76000cc00422410004290fcff40140000000076
:10b77000d571400f0000000021e8c0031400bf8f06
:10b780001000be8f1800bd270800e0030000000075
:020000040000fa
:020000041d01dc
:10b79000e8ffbd271400bfaf1000beaf21f0a0032b
:10b7a00000a0023c3c0b4224200040a000a0023c30
:10b7b0003c0b4224200042902118400000a0023c93
:10b7c0003c0b422421106200afff0324180043a069
:10b7d00000a0023c3c0b4224200042900100422485
:10b7e000ff00433000a0023c3c0b4224200043a059
:10b7f000a86c400f0000000021e8c0031400bf8fb8
:10b800001000be8f1800bd270800e00300000000f4
:020000040000fa
:020000041d01dc
:10b81000e8ffbd271400bfaf1000beaf21f0a003aa
:10b8200000a0023c3c0b4224200040a000a0023caf
:10b830003c0b4224200042902118400000a0023c12
:10b840003c0b422421106200a0ff0324180043a0f7
:10b8500000a0023c3c0b4224200042900100422404
:10b86000ff00433000a0023c3c0b4224200043a0d8
:10b87000a86c400f0000000021e8c0031400bf8f37
:10b880001000be8f1800bd270800e0030000000074
:020000040000fa
:020000041d01dc
:10b89000e8ffbd271400bfaf1000beaf21f0a0032a
:10b8a00000a0023c3c0b4224200040a000a0023c2f
:10b8b0003c0b4224200042902118400000a0023c92
:10b8c0003c0b422421106200a2ff0324180043a075
:10b8d00000a0023c3c0b4224200042900100422484
:10b8e000ff00433000a0023c3c0b4224200043a058
:10b8f000a86c400f0000000021e8c0031400bf8fb7
:10b900001000be8f1800bd270800e00300000000f3
:020000040000fa
:020000041d01dc
:10b91000e8ffbd271400bfaf1000beaf21f0a003a9
:10b9200000a0023c3c0b4224200040a000a0023cae
:10b930003c0b4224200042902118400000a0023c11
:10b940003c0b422421106200c0ff0324180043a0d6
:10b9500000a0023c3c0b4224200042900100422403
:10b96000ff00433000a0023c3c0b4224200043a0d7
:10b97000a86c400f0000000021e8c0031400bf8f36
:10b980001000be8f1800bd270800e0030000000073
:020000040000fa
:020000041d01dc
:10b99000e8ffbd271400bfaf1000beaf21f0a00329
:10b9a00000a0023c3c0b4224200040a000a0023c2e
:10b9b0003c0b4224200042902118400000a0023c91
:10b9c0003c0b4224211062002f000324180043a0e6
:10b9d00000a0023c3c0b4224200042900100422483
:10b9e000ff00433000a0023c3c0b4224200043a057
:10b9f000a86c400f0000000021e8c0031400bf8fb6
:10ba00001000be8f1800bd270800e00300000000f2
:020000040000fa
:020000041d01dc
:10ba1000e8ffbd271400bfaf1000beaf21f0a003a8
:10ba20000000000080bf023c005444341074400ffa
:10ba30000000000001004238ff004230f9ff4014ce
:10ba40000000000080bf023c005444342475400fc5
:10ba5000000000000000000080bf023c005444349d
:10ba60007275400f0000000001004238ff004230b4
:10ba7000f9ff40140000000021e8c0031400bf8f4c
:10ba80001000be8f1800bd270800e0030000000072
:020000040000fa
:020000041d01dc
:10ba9000e8ffbd271400bfaf1000b0af10008294c4
:10baa0000200423013004010218080000000858c8d
:10bab0000c00a004211000000c00828c0600a25093
:10bac0000800038e0800848c6871400f232845000d
:10bad0000c00028e0800038e000002ae040003aecc
:10bae000211000001400bf8f1000b08f0800e00389
:10baf0001800bd27ffff0224040082ac21100000c3
:10bb00001400bf8f1000b08f0800e0031800bd279d
:020000040000fa
:020000041d01dc
:10bb1000d8ffbd272400bfaf2000b1af1c00b0afdd
:10bb20000280c57007000012211000001000e3948d
:10bb3000010063300800601000a0033c09000424e9
:10bb4000400064ac2400bf8f2000b18f1c00b08f78
:10bb50000800e0032800bd27218880002120e000a4
:10bb6000a46e400f1000a6af212020026871400f84
:10bb7000212800021000a68f2110c0002400bf8fd2
:10bb80002000b18f1c00b08f0800e0032800bd2703
:020000040000fa
:020000041d01dc
:10bb9000e8ffbd271400bfaf1000beaf21f0a00327
:10bba00000a0023c240142241400428c21204000c9
:10bbb0000070400f0000000000a0023c240142245d
:10bbc0001800428c212040000070400f000000004f
:10bbd0007f60400f00000000bc59400f00000000d3
:10bbe0004a62400f000000001b63400f000000008d
:10bbf00021e8c0031400bf8f1000be8f1800bd27be
:08bc00000800e0030000000051
:020000040000fa
:020000041d01dc
:10bc080000000524254805002538050025300400d6
:10bc18000c00c010000000000600c1040000000075
:10bc28000080093c2b50050023280500233006001e
:10bc38002330ca001e0407242040c8702338e800b7
:10bc480004300601c24205004055060025400a019d
:10bc58004050060002530a0025482a0100550700f3
:10bc680025482a0125100800251809000800e003c6
:08bc78000000000000000000c4
:020000040000fa
:020000041d01dc
:10bc8000f8ffbd270400beaf21f0a00300a0023cd6
:10bc9000e80542240504429001004224ff0043309d
:10bca00000a0023ce8054224050443a000a0023c99
:10bcb000e8054224050442901400422c0800401478
:10bcc0000000000000a0023ce8054224010003241b
:10bcd000040443a000a0023ce8054224050440a05f
:10bce00021e8c0030400be8f0800bd270800e00360
:04bcf0000000000050
:020000040000fa
:020000041d01dc
:10bcf400e8ffbd271400bfaf1000beaf21f0a003c2
:10bd0400211880002110a0001800c3a31c00c2a3a6
:10bd1400da63400f00000000380004240265400f7d
:10bd2400000000001800c293212040000265400f6b
:10bd3400000000001c00c293212040000265400f57
:10bd440000000000846e400f0000000021e8c003e2
:10bd54001400bf8f1000be8f1800bd270800e00339
:04bd640000000000db
:020000040000fa
:020000041d01dc
:10bd6800e8ffbd271400bfaf1000beaf21f0a0034d
:10bd78001800c4af1c00c5af1800c28f06004010e1
:10bd880000000000030003240b0043100000000023
:10bd9800716f400b000000001c00c48fa447400fc7
:10bda800000000001c00c48f3068400f0000000035
:10bdb800716f400b000000000000000021e8c00384
:10bdc8001400bf8f1000be8f1800bd270800e003c5
:04bdd8000000000067
:020000040000fa
:020000041d01dc
:10bddc00e0ffbd271c00bfaf1800beaf21f0a003d1
:10bdec002118a0002110c0002c00c7af2000c4a354
:10bdfc002400c3a72800c2a74480828f30004524aa
:10be0c002000c4832400c3872800c2873000c68f5b
:10be1c001000a6af1400a5af21286000213040000f
:10be2c002c00c78fea42400f0000000021e8c0033d
:10be3c001c00bf8f1800be8f2000bd270800e00338
:04be4c0000000000f2
:020000040000fa
:020000041d01dc
:10be5000e8ffbd271400bfaf1000beaf21f0a00364
:10be6000211080001800c2a31800c2930d004010da
:10be7000000000002120000008000524cc73400fc2
:10be8000000000002120000008000524d673400fa8
:10be90000000000080bf023c000844346475400f7d
:10bea0000000000021e8c0031400bf8f1000be8f07
:0cbeb0001800bd270800e003000000009f
:020000040000fa
:020000041d01dc
:10bebc00e8ffbd271400bfaf1000beaf21f0a003f8
:10becc00211080001800c2a31800c2930d0040106e
:10bedc0000000000212000000c000524cc73400f52
:10beec0000000000212000000c000524d673400f38
:10befc000000000080bf023c000a44346475400f0f
:10bf0c000000000021e8c0031400bf8f1000be8f9a
:0cbf1c001800bd270800e0030000000032
:020000040000fa
:020000041d01dc
:10bf2800e8ffbd271400bfaf1000beaf21f0a0038b
:10bf3800211080001800c2a31800c2930d00401001
:10bf4800000000002120000010000524cc73400fe1
:10bf5800000000002120000010000524d673400fc7
:10bf68000000000080bf023c000c44346475400fa0
:10bf78000000000021e8c0031400bf8f1000be8f2e
:0cbf88001800bd270800e00300000000c6
:020000040000fa
:020000041d01dc
:10bf9400e8ffbd271400bfaf1000beaf21f0a0031f
:10bfa400211080001800c2a31800c2930d00401095
:10bfb400000000002120000014000524cc73400f71
:10bfc400000000002120000014000524d673400f57
:10bfd4000000000080bf023c000e44346475400f32
:10bfe4000000000021e8c0031400bf8f1000be8fc2
:0cbff4001800bd270800e003000000005a
:020000040000fa
:020000041d01dc
:10c00000e8ffbd271400bfaf1000beaf21f0a003b2
:10c010001800c4af1800c28f0600401000000000d6
:10c020000100032407004310000000001470400bbf
:10c03000000000009c72400f000000001470400bd4
:10c0400000000000aa72400f000000000000000085
:10c0500021e8c0031400bf8f1000be8f1800bd2759
:08c060000800e00300000000ed
:020000040000fa
:020000041d01dc
:10c06800e0ffbd271c00bfaf1800beaf21f0a00342
:10c078001000c0a3212000006474400f00000000dd
:10c08800010042302b1002001000c2a32120000042
:10c09800c273400f000000001000c293040040105b
:10c0a80000000000212000001974400f000000006b
:10c0b80021e8c0031c00bf8f1800be8f2000bd27d9
:08c0c8000800e0030000000085
:020000040000fa
:020000041d01dc
:10c0d000e0ffbd271c00bfaf1800beaf21f0a003da
:10c0e0001000c0a3212000006474400f0000000075
:10c0f000010042302b1002001000c2a321200000da
:10c100007d74400f000000001000c2930400401036
:10c1100000000000212000001974400f0000000002
:10c1200021e8c0031c00bf8f1800be8f2000bd2770
:08c130000800e003000000001c
:020000040000fa
:020000041d01dc
:10c13800f8ffbd270400beaf21f0a00300a0023c19
:10c14800cc0042240c00428c0a0040100000000081
:10c1580000a0023ccc0042240c00428cffff432488
:10c1680000a0023ccc0042240c0043ac6270400b9f
:10c178000000000000a0023ccc004224100040a0b7
:10c1880021e8c0030400be8f0800bd270800e003b3
:04c1980000000000a3
:020000040000fa
:020000041d01dc
:10c19c00e8ffbd271400bfaf1000beaf21f0a00315
:10c1ac00338082930c00401000000000212000001e
:10c1bc0010000524e073400f0000000080bf023c1b
:10c1cc00000c44346875400f00000000010002248c
:10c1dc007a70400b000000002110000021e8c00321
:10c1ec001400bf8f1000be8f1800bd270800e0039d
:04c1fc00000000003f
:020000040000fa
:020000041d01dc
:10c20000e8ffbd271400bfaf1000beaf21f0a003b0
:10c210001800c4af1a70400f000000002120000079
:10c22000010005248374400f00000000212000005d
:10c2300021280000010006249870400f0000000033
:10c240003470400f0000000021e8c0031400bf8fcd
:10c250001000be8f1800bd270800e003000000009a
:020000040000fa
:020000041d01dc
:10c260000800a6af0800a28f0100032410004310ad
:10c2700002000324100043100400032405004310af
:10c280000800032404004310030004240800e00312
:10c29000000000000200042481bf023c00f0438c37
:10c2a000c4a4837c00f043ac0800e003000000005d
:10c2b000a670400b21200000a670400b0100042452
:020000040000fa
:020000041d01dc
:10c2c000e8ffbd271400bfaf1000beaf21f0a003f0
:10c2d00021200000060005240c000624f473400f02
:10c2e0000000000000a0023c3c0b4224a80040ac2f
:10c2f00000a0023c3c0b42240a000324ac0043a0f3
:10c3000021e8c0031400bf8f1000be8f1800bd27a6
:08c310000800e003000000003a
:020000040000fa
:020000041d01dc
:10c31800f8ffbd270400beaf21f0a0030800c4af9a
:10c328004480828f0800c38f0000678c0400668ced
:10c338000800658c0c00648c1000638c300047acde
:10c34800340046ac380045ac3c0044ac400043ac3b
:10c3580021e8c0030400be8f0800bd270800e003e1
:04c3680000000000d1
:020000040000fa
:020000041d01dc
:10c36c0082180500001903000300a43088bf023caa
:10c37c009010422421104300c02004000000478c80
:10c38c0002008424070003240418830027280300d8
:10c39c002428a700000045ac0000458c0430860022
:10c3ac002418660025286500000045ac0800e00351
:04c3bc00000000007d
:020000040000fa
:020000041d01dc
:10c3c0000000043ce8ffbd27000084240300801027
:10c3d0001400bfaf09f880000000000000008430a6
:10c3e0000000a530029d083c40cd082509f8000159
:10c3f000000000000000023c000042240300401046
:10c400000000000009f8400000000000f9ff0010e3
:04c410000000000028
:020000040000fa
:020000041d01dc
:10c41400f8ffbd270400bfaf0000beaf21f0a003aa
:10c42400006802407c00423082100200388082aff3
:10c43400007002403c8082af3880838f00a0023cb1
:10c4440080180300700d4224211062000000428c09
:10c45400408082af3f0000701671400b0000000066
:020000040000fa
:020000041d01dc
:10c46400821805000019030088bf023c9010422482
:10c47400211043000300a4300000478cc0200400b6
:10c484000300032404188300272803002428a7009a
:10c49400000045ac0000458c04308600241866007a
:10c4a40025286500000045ac0800e00300000000fa
:020000040000fa
:020000041d01dc
:10c4b4000a00e01480290500c0ffa52488bf023cbf
:10c4c4006460422421284500010002240430c20093
:10c4d4000000a6ac0800e00300000000c0ffa22496
:10c4e40088bf053c6860a5242128a200010002241d
:10c4f4000430c2000000a6ac0800e0030000000005
:020000040000fa
:020000041d01dc
:10c504001b00a600f401c00012100000421002003b
:10c5140040180200020067241b00a300f40160001d
:10c52400121800001b00a700f401e000122800000c
:10c53400231866002330c5002b30c3000100c62c2d
:10c5440023104600300082ac0800e0030000000025
:020000040000fa
:020000041d01dc
:10c55400e8ffbd271400bfaf1000beaf21f0a00359
:10c5640000a0023c3c0b422401000324ad0043a084
:10c57400212000000400052402000624f473400f67
:10c584000000000021e8c0031400bf8f1000be8f1c
:0cc594001800bd270800e00300000000b4
:020000040000fa
:020000041d01dc
:10c5a000e0ffbd271c00bfaf1800b1af1400b0af53
:10c5b00009008010218080000700a0102188a000c1
:10c5c00000000482ffff3126c366400f01001026e1
:10c5d000fcff2056000004821c00bf8f1800b18fa2
:0cc5e0001400b08f0800e0032000bd270d
:020000040000fa
:020000041d01dc
:10c5ec00e8ffbd271400bfaf1000beaf21f0a003c1
:10c5fc00212000000400052402000624ea73400fe9
:10c60c000000000000a0023c3c0b4224ad0040a006
:10c61c0021e8c0031400bf8f1000be8f1800bd2787
:08c62c000800e003000000001b
:020000040000fa
:020000041d01dc
:10c63400e8ffbd271400bfaf1000beaf21f0a00378
:10c64400211080001800c2a31800c29380bf033ccd
:10c6540000906434212840007174400f00000000f1
:10c6640021e8c0031400bf8f1000be8f1800bd273f
:08c674000800e00300000000d3
:020000040000fa
:020000041d01dc
:10c67c000000828c0004427c0c0040100000000082
:10c68c001000828c20004230090040140000000091
:10c69c002000828c1000828c20004230fcff401065
:10c6ac00000000000800e003000000002000828c65
:08c6bc000800e003000000008b
:020000040000fa
:020000041d01dc
:10c6c4000000023c00004224050040100000023c2f
:10c6d4000000422403004010029d023c3f00007011
:10c6e400029d023c98c7422405004010000000004f
:10c6f400e8ffbd271400bfaf09f8400000000000a8
:08c70400c171400b00000000b0
:020000040000fa
:020000041d01dc
:10c70c000000023c00004224070040100000023ce4
:10c71c000000422405004050029d023c3f00007086
:10c72c000800e00300000000029d023c98c7422470
:10c73c00030040100000000009f840000000000059
:08c74c000800e00300000000fa
:020000040000fa
:020000041d01dc
:10c75400e8ffbd271400bfaf1000beaf21f0a00357
:10c764006770400f00000000212000001000052425
:10c77400cc73400f00000000338080a321e8c00385
:10c784001400bf8f1000be8f1800bd270800e003ff
:04c7940000000000a1
:020000040000fa
:020000041d01dc
:10c7980000606041c000000099aa033c81bf023cd0
:10c7a8005566632430f240ac30f243ac6655033c26
:10c7b800aa99633430f243ac81bf023c01000324e0
:10c7c80018f643ac81bf023c10f6428ce871400b6e
:04c7d800000000005d
:020000040000fa
:020000041d01dc
:10c7dc00e8ffbd271400bfaf1000beaf21f0a003cf
:10c7ec0001000424946f400f00000000010002249b
:10c7fc00318082a30100022421e8c0031400bf8f02
:10c80c001000be8f1800bd270800e00300000000d8
:020000040000fa
:020000041d01dc
:10c81c00e8ffbd271400bfaf1000beaf21f0a0038e
:10c82c0001000424af6f400f00000000010002243f
:10c83c00328082a30100022421e8c0031400bf8fc0
:10c84c001000be8f1800bd270800e0030000000098
:020000040000fa
:020000041d01dc
:10c85c00e8ffbd271400bfaf1000beaf21f0a0034e
:10c86c0001000424ca6f400f0000000001000224e4
:10c87c00338082a30100022421e8c0031400bf8f7f
:10c88c001000be8f1800bd270800e0030000000058
:020000040000fa
:020000041d01dc
:10c89c00e8ffbd271400bfaf1000beaf21f0a0030e
:10c8ac0001000424e56f400f000000000100022489
:10c8bc00348082a30100022421e8c0031400bf8f3e
:10c8cc001000be8f1800bd270800e0030000000018
:020000040000fa
:020000041d01dc
:10c8dc00f0ffbd270c00bfaf0800beaf21f0a003d6
:10c8ec0000606241c0000000000000000000c2af08
:10c8fc000000c28f21e8c0030c00bf8f0800be8f60
:0cc90c001000bd270800e0030000000040
:020000040000fa
:020000041d01dc
:10c91800f8ffbd270400beaf21f0a003211080005e
:10c928000c00c5af0800c2a702000224848082afb1
:10c93800808080af2110000021e8c0030400be8f72
:0cc948000800bd270800e003000000000c
:020000040000fa
:020000041d01dc
:10c954000400a23007004014000000000000828c94
:10c96400272805008418a27c000082ac0800e0039c
:10c97400000000000000828c272805000408a27c27
:0cc98400000082ac0800e003000000008e
:020000040000fa
:020000041d01dc
:10c99000f8ffbd270400bfaf0000beaf21f0a00329
:10c9a0000800c4af0800c28f00608240c0000000d1
:10c9b00021e8c0030400bf8f0000be8f0800bd2720
:08c9c0000800e0030000000084
:020000040000fa
:020000041d01dc
:10c9c800e8ffbd271400bfaf1000beaf21f0a003e1
:10c9d80080bf023c009044346b74400f000000009c
:10c9e80021e8c0031400bf8f1000be8f1800bd27b8
:08c9f8000800e003000000004c
:020000040000fa
:020000041d01dc
:10ca0000e8ffbd271400bfaf1000beaf21f0a003a8
:10ca100080bf023c009044340075400f00000000cd
:10ca200021e8c0031400bf8f1000be8f1800bd277f
:08ca30000800e0030000000013
:020000040000fa
:020000041d01dc
:10ca3800e8ffbd271400bfaf1000beaf21f0a00370
:10ca480080bf023c009044346c75400f0000000029
:10ca580021e8c0031400bf8f1000be8f1800bd2747
:08ca68000800e00300000000db
:020000040000fa
:020000041d01dc
:10ca7000e8ffbd271400bfaf1000beaf21f0a00338
:10ca800000a0023cec0044247752400f000000005c
:10ca900021e8c0031400bf8f1000be8f1800bd270f
:08caa0000800e00300000000a3
:020000040000fa
:020000041d01dc
:10caa800e8ffbd271400bfaf1000beaf21f0a00300
:10cab80000a0023c080144240853400f0000000075
:10cac80021e8c0031400bf8f1000be8f1800bd27d7
:08cad8000800e003000000006b
:020000040000fa
:020000041d01dc
:10cae000f8ffbd270400beaf21f0a0032110800095
:10caf0000800c2a74480828f0800c397201c037cd3
:10cb0000440043a021e8c0030400be8f0800bd27f5
:08cb10000800e0030000000032
:020000040000fa
:020000041d01dc
:10cb18001b00a600f401c000123000005f6b023c4d
:10cb28006bca42341900a2001028000042300600e7
:10cb3800822d05002330c500feffc624400086acc8
:08cb48000800e00300000000fa
:020000040000fa
:020000041d01dc
:10cb5000e8ffbd271400bfaf1000beaf21f0a00357
:10cb600021200000c774400f0000000021e8c0032e
:10cb70001400bf8f1000be8f1800bd270800e0030f
:04cb800000000000b1
:020000040000fa
:020000041d01dc
:10cb8400e8ffbd271400bfaf1000beaf21f0a00323
:10cb9400212000007774400f0000000021e8c0034a
:10cba4001400bf8f1000be8f1800bd270800e003db
:04cbb400000000007d
:020000040000fa
:020000041d01dc
:10cbb800010002240600a210000000004000828c40
:10cbc800c4bdc27c400082ac0800e0030000000045
:10cbd8004000828cc4ffc27c400082ac0800e003a5
:04cbe8000000000049
:020000040000fa
:020000041d01dc
:10cbec000400828cffff032403004310000080ac80
:10cbfc000800e003040083ace8ffbd271400bfafbe
:10cc0c001664400f010004241400bf8f0800e003d9
:04cc1c001800bd2718
:020000040000fa
:020000041d01dc
:10cc2000f8ffbd270400beaf21f0a0032110800053
:10cc30000c00c5af0800c2a72110000021e8c00306
:10cc40000400be8f0800bd270800e00300000000bc
:020000040000fa
:020000041d01dc
:10cc5000f8ffbd270400beaf21f0a0032110800023
:10cc60000c00c5af0800c2a70100022421e8c003e0
:10cc70000400be8f0800bd270800e003000000008c
:020000040000fa
:020000041d01dc
:10cc8000f8ffbd270400beaf21f0a0030800c4af29
:10cc90004480828f0800c38f480043ac21e8c00362
:10cca0000400be8f0800bd270800e003000000005c
:020000040000fa
:020000041d01dc
:10ccb000f8ffbd270400beaf21f0a0030800c4aff9
:10ccc0004480828f0800c38f4c0043ac21e8c0032e
:10ccd0000400be8f0800bd270800e003000000002c
:020000040000fa
:020000041d01dc
:10cce0000400a054010002241000828c0800e0031c
:10ccf0000026427c0400a214000000001000828c78
:10cd00000800e0030024427c0800e003211000003a
:020000040000fa
:020000041d01dc
:10cd1000100083942428a3000700a010010002241f
:10cd200040006334100083a40900032400a0023ce7
:10cd3000400043ac211000000800e00300000000a8
:020000040000fa
:020000041d01dc
:10cd4000e8ffbd271400bfaf1000beaf21f0a00365
:10cd5000212000009162400f00000000e46e400faf
:0ccd6000000000005773400b00000000b2
:020000040000fa
:020000041d01dc
:10cd6c00f8ffbd270400beaf21f0a0030800c4af3c
:10cd7c00c404023c00b4423421e8c0030400be8f5a
:0ccd8c000800bd270800e00300000000c4
:020000040000fa
:020000041d01dc
:10cd98000400a01430000224080082ac0800e0035c
:10cda8000000000020000224040082ac10000224cd
:0ccdb800080082ac0800e003000000004e
:020000040000fa
:020000041d01dc
:10cdc4000500a0140100022480000224040082aca7
:10cdd4000800e00300000000fdffa214001002247c
:0ccde400080082ac0800e0030000000022
:020000040000fa
:020000041d01dc
:10cdf000f8ffbd270400beaf21f0a00300a0023c55
:10ce0000840040ac21e8c0030400be8f0800bd27a9
:08ce10000800e003000000002f
:020000040000fa
:020000041d01dc
:10ce1800f8ffbd270400beaf21f0a00300a0023c2c
:10ce2800cc0040ac21e8c0030400be8f0800bd2739
:08ce38000800e0030000000007
:020000040000fa
:020000041d01dc
:10ce4000f8ffbd270400beaf21f0a00300a0023c04
:10ce5000e00040ac21e8c0030400be8f0800bd27fd
:08ce60000800e00300000000df
:020000040000fa
:020000041d01dc
:10ce6800f8ffbd270400beaf21f0a0030100022493
:10ce7800748082af21e8c0030400be8f0800bd277c
:08ce88000800e00300000000b7
:020000040000fa
:020000041d01dc
:10ce9000f8ffbd270400beaf21f0a0030800c4af17
:10cea0002110000021e8c0030400be8f0800bd2748
:08ceb0000800e003000000008f
:020000040000fa
:020000041d01dc
:10ceb800f8ffbd270400beaf21f0a0030800c4afef
:10cec8002110000021e8c0030400be8f0800bd2720
:08ced8000800e0030000000067
:020000040000fa
:020000041d01dc
:10cee000f8ffbd270400beaf21f0a003c404023c3c
:10cef00000b4423421e8c0030400be8f0800bd27ff
:08cf00000800e003000000003e
:020000040000fa
:020000041d01dc
:10cf080081bf023c30f240ac99aa033c55666324c9
:10cf180030f243ac6655033caa99633430f243ac13
:08cf28000800e0030000000016
:020000040000fa
:020000041d01dc
:10cf3000421905000019030088bf023c301042244a
:10cf400021104300010003240428a300040045ac81
:08cf50000800e00300000000ee
:020000040000fa
:020000041d01dc
:10cf5800421905000019030088bf023c60104224f2
:10cf680021104300010003240428a300080045ac55
:08cf78000800e00300000000c6
:020000040000fa
:020000041d01dc
:10cf8000421905000019030088bf023c60104224ca
:10cf900021104300010003240428a300040045ac31
:08cfa0000800e003000000009e
:020000040000fa
:020000041d01dc
:10cfa80080290500c0ffa52488bf023c6860422490
:10cfb80021104500010003240430c300000046ace2
:08cfc8000800e0030000000076
:020000040000fa
:020000041d01dc
:10cfd00080290500c0ffa52488bf023c646042246c
:10cfe00021104500010003240430c300000046acba
:08cff0000800e003000000004e
:020000040000fa
:020000041d01dc
:10cff800f8ffbd270400beaf21f0a003748080af06
:10d0080021e8c0030400be8f0800bd270800e00324
:04d018000000000014
:020000040000fa
:020000041d01dc
:10d01c001b00a600f401c0001230000042100600f4
:10d02c00ffff4224ff004230280082ac0800e003de
:04d03c0000000000f0
:020000040000fa
:020000041d01dc
:10d040000000838c1f006330040060142110000076
:10d050001000828c004042388003427c0800e003cc
:04d0600000000000cc
:020000040000fa
:020000041d01dc
:10d06400f8ffbd270400bfaf006002400100423456
:10d0740000608240c00000000400bf8f0800e0038d
:04d084000800bd27bc
:020000040000fa
:020000041d01dc
:10d0880080290500c0ffa52488bf023c50604224c7
:10d09800211045000000428c0610c2000800e00381
:04d0a8000100423011
:020000040000fa
:020000041d01dc
:10d0ac000000828c4000a37cc45a627c000082acdd
:10d0bc000000828c8452a27c000082ac0800e00349
:04d0cc000000000060
:020000040000fa
:020000041d01dc
:10d0d000f8ffbd270400beaf21f0a00321e8c00384
:10d0e0000400be8f0800bd270800e0030000000018
:020000040000fa
:020000041d01dc
:10d0f000f8ffbd270400beaf21f0a00321e8c00364
:10d100000400be8f0800bd270800e00300000000f7
:020000040000fa
:020000041d01dc
:10d110000400c01081bf023c689045ac0800e003e9
:10d1200000000000649045ac0800e003000000002f
:020000040000fa
:020000041d01dc
:10d1300080290500c0ffa52488bf023c606042240e
:10d14000212845000000a6ac0800e0030000000014
:020000040000fa
:020000041d01dc
:10d1500080290500c0ffa52488bf023c446042240a
:10d16000212845000000a6ac0800e00300000000f4
:020000040000fa
:020000041d01dc
:10d1700080290500c0ffa52488bf023c78604224b6
:10d18000212845000000a6ac0800e00300000000d4
:020000040000fa
:020000041d01dc
:10d19000f8ffbd270400bfaf00606241c00000007f
:0cd1a0000400bf8f0800e0030800bd275a
:020000040000fa
:020000041d01dc
:10d1ac000000829401000324c47b627c000082a4f2
:08d1bc000800e0030000000080
:020000040000fa
:020000041d01dc
:10d1c4000700a52400290500212085000000828c89
:08d1d4000800e0030000000068
:020000040000fa
:020000041d01dc
:10d1dc0081bf023c00f2438c0800633400f243ac84
:08d1ec000800e0030000000050
:020000040000fa
:020000041d01dc
:10d1f4003333033c3333632481bf023c30f243ac0a
:08d204000800e0030000000037
:020000040000fa
:020000041d01dc
:10d20c0081bf023c00f0438c04d6a37c00f043acfd
:08d21c000800e003000000001f
:020000040000fa
:020000041d01dc
:10d224004002827c0200401408000224040082ac04
:08d234000800e0030000000007
:020000040000fa
:020000041d01dc
:10d23c0000601a40bfff1b3cffff7b3724d05b0311
:08d24c0000609a401800004246
:020000040000fa
:020000041d01dc
:10d254005000828c2528a200580085ac0800e00309
:04d2640000000000c6
:020000040000fa
:020000041d01dc
:10d2680010008294447ba27c100082a40800e00392
:04d2780000000000b2
:020000040000fa
:020000041d01dc
:10d27c00100082940400a27c100082a40800e00339
:04d28c00000000009e
:020000040000fa
:020000041d01dc
:10d29000100082948428a27c100082a40800e0037d
:04d2a000000000008a
:020000040000fa
:020000041d01dc
:10d2a400200082940462a27c200082a40800e0038f
:04d2b4000000000076
:020000040000fa
:020000041d01dc
:10d2b80020008294c47ba27c200082a40800e003a2
:04d2c8000000000062
:020000040000fa
:020000041d01dc
:10d2cc00000082944439a27c000082a40800e00390
:04d2dc00000000004e
:020000040000fa
:020000041d01dc
:10d2e000000082940452a27c000082a40800e003a3
:04d2f000000000003a
:020000040000fa
:020000041d01dc
:10d2f400100082944408a27c100082a40800e00379
:04d304000000000025
:020000040000fa
:020000041d01dc
:10d308000000828c8431a27c000082ac0800e0031b
:04d318000000000011
:020000040000fa
:020000041d01dc
:10d31c000010032488bf023c081043ac0800e00353
:04d32c0000000000fd
:020000040000fa
:020000041d01dc
:10d330000000828c0410a27c000082ac0800e00394
:04d3400000000000e9
:020000040000fa
:020000041d01dc
:10d344000000828c0429a27c000082ac0800e00367
:04d3540000000000d5
:020000040000fa
:020000041d01dc
:10d358000080033488bf023cc86143ac0800e00386
:04d3680000000000c1
:020000040000fa
:020000041d01dc
:10d36c000000828c444aa27c000082ac0800e003de
:04d37c0000000000ad
:020000040000fa
:020000041d01dc
:10d380000000828c0442a27c000082ac0800e00312
:04d390000000000099
:020000040000fa
:020000041d01dc
:10d394000000828c8431a27c000082ac0800e0038f
:04d3a4000000000085
:020000040000fa
:020000041d01dc
:10d3a800000082944408a27c000082a40800e003e4
:04d3b8000000000071
:020000040000fa
:020000041d01dc
:10d3bc00eccb019d6c8e019d90ba019d10bb019d23
:04d3cc0010cd019de2
:020000040000fa
:020000041d01dc
:10d3d00000200224040082ac0800e00300000000ea
:020000040000fa
:020000041d01dc
:10d3e00000040224180082ac0800e00300000000e2
:020000040000fa
:020000041d01dc
:10d3f00004000224080082ac0800e00300000000e2
:020000040000fa
:020000041d01dc
:10d4000002000224080082ac0800e00300000000d3
:020000040000fa
:020000041d01dc
:10d4100040000224080082ac0800e0030000000085
:020000040000fa
:020000041d01dc
:10d4200000020224080082ac0800e00300000000b3
:020000040000fa
:020000041d01dc
:10d4300000800234080082ac0800e0030000000015
:020000040000fa
:020000041d01dc
:10d4400000800234040082ac0800e0030000000009
:020000040000fa
:020000041d01dc
:10d4500000040224140082ac0800e0030000000075
:020000040000fa
:020000041d01dc
:10d4600000100224080082ac0800e0030000000065
:020000040000fa
:020000041d01dc
:10d4700001000224080082ac0800e0030000000064
:020000040000fa
:020000041d01dc
:10d4800008000224080082ac0800e003000000004d
:020000040000fa
:020000041d01dc
:10d4900004000224080082ac0800e0030000000041
:020000040000fa
:020000041d01dc
:10d4a0001000828c010042300800e0030100423885
:020000040000fa
:020000041d01dc
:10d4b0001000828c004042380800e0038003427c68
:020000040000fa
:020000041d01dc
:10d4c0001000828c008042380800e003c003427cd8
:020000040000fa
:020000041d01dc
:10d4d00080000224140082ac0800e0030000000079
:020000040000fa
:020000041d01dc
:10d4e0000000828c1f0042300800e0030100422c43
:020000040000fa
:020000041d01dc
:10d4f00040000224140082ac0800e0030000000099
:020000040000fa
:020000041d01dc
:10d5000088bf023cd86145ac0800e0030000000081
:020000040000fa
:020000041d01dc
:10d5100088bf023ce86145ac0800e0030000000061
:020000040000fa
:020000041d01dc
:10d5200000800234080082ac0800e0030000000024
:020000040000fa
:020000041d01dc
:10d5300000800234040082ac0800e0030000000018
:020000040000fa
:020000041d01dc
:10d5400000200224080082ac0800e0030000000074
:020000040000fa
:020000041d01dc
:10d5500040000224140082ac0800e0030000000038
:020000040000fa
:020000041d01dc
:10d5600020000224080082ac0800e0030000000054
:020000040000fa
:020000041d01dc
:10d570000100023c080082ac0800e003000000004b
:020000040000fa
:020000041d01dc
:10d580000080023c040082ac0800e00300000000c0
:020000040000fa
:020000041d01dc
:10d5900000800234080082ac0800e00300000000b4
:020000040000fa
:020000041d01dc
:10d5a00000800234040082ac0800e00300000000a8
:020000040000fa
:020000041d01dc
:0cd5b0000000828c0800e0030100423003
:020000040000fa
:020000041d01dc
:0cd5bc001000828c0800e003c000427cdc
:020000040000fa
:020000041d01dc
:0cd5c8001000828c0800e0030001427c8f
:020000040000fa
:020000041d01dc
:0cd5d4001000828c0800e0038002427c02
:020000040000fa
:020000041d01dc
:0cd5e0001000828c0800e00301004230c3
:020000040000fa
:020000041d01dc
:0cd5ec00500085ac0800e00300000000c7
:020000040000fa
:020000041d01dc
:0cd5f8001000828c0800e003c001427c9f
:020000040000fa
:020000041d01dc
:0cd604001000828c0800e0034000427c13
:020000040000fa
:020000041d01dc
:0cd610006000828c0800e003ff00423044
:020000040000fa
:020000041d01dc
:0cd61c001000828c0800e0038001427cba
:020000040000fa
:020000041d01dc
:0cd628001000828c0800e0038001427cae
:020000040000fa
:020000041d01dc
:0cd634002000828c0800e003ff00423060
:020000040000fa
:020000041d01dc
:0cd64000200085ac0800e00300000000a2
:020000040000fa
:020000041d01dc
:0cd64c00100080ac0800e00300000000ab
:020000040000fa
:020000041d01dc
:0cd65800200085ac0800e003000000008a
:020000040000fa
:020000041d01dc
:08d664000800e00301000224ac
:020000040000fa
:020000041d01dc
:08d66c000800e00301000224a4
:020000040000fa
:020000041d01dc
:08d674000800e003010002249c
:020000040000fa
:020000041d01dc
:08d67c000800e0030100022494
:020000040000fa
:020000041d01dc
:08d684000800e00300000000b3
:020000040000fa
:020000041d01dc
:08d68c000800e00300000000ab
:00000001FF
